0,0
0.005,0
0.01,4.74E-08
0.015,1.20E-07
0.02,2.05E-07
0.025,2.95E-07
0.03,3.87E-07
0.035,4.77E-07
0.04,5.64E-07
0.045,6.47E-07
0.05,7.27E-07
0.055,8.03E-07
0.06,8.75E-07
0.065,9.44E-07
0.07,1.01E-06
0.075,1.07E-06
0.08,1.13E-06
0.085,1.19E-06
0.09,1.24E-06
0.095,1.29E-06
0.1,1.34E-06
0.105,1.39E-06
0.11,1.44E-06
0.115,1.48E-06
0.12,1.52E-06
0.125,1.56E-06
0.13,1.60E-06
0.135,1.64E-06
0.14,1.68E-06
0.145,1.71E-06
0.15,1.75E-06
0.155,1.78E-06
0.16,1.82E-06
0.165,1.85E-06
0.17,1.88E-06
0.175,1.91E-06
0.18,1.94E-06
0.185,1.97E-06
0.19,2.00E-06
0.195,2.02E-06
0.2,2.05E-06
0.205,2.08E-06
0.21,2.10E-06
0.215,2.13E-06
0.22,2.15E-06
0.225,2.18E-06
0.23,2.20E-06
0.235,2.22E-06
0.24,2.25E-06
0.245,2.27E-06
0.25,2.29E-06
0.255,2.31E-06
0.26,2.34E-06
0.265,2.36E-06
0.27,2.38E-06
0.275,2.40E-06
0.28,2.42E-06
0.285,2.44E-06
0.29,2.46E-06
0.295,2.48E-06
0.3,2.50E-06
0.305,2.52E-06
0.31,2.54E-06
0.315,2.55E-06
0.32,2.57E-06
0.325,2.59E-06
0.33,2.61E-06
0.335,2.63E-06
0.34,2.64E-06
0.345,2.66E-06
0.35,2.68E-06
0.355,2.70E-06
0.36,2.71E-06
0.365,2.73E-06
0.37,2.74E-06
0.375,2.76E-06
0.38,2.78E-06
0.385,2.79E-06
0.39,2.81E-06
0.395,2.82E-06
0.4,2.84E-06
0.405,2.86E-06
0.41,2.87E-06
0.415,2.89E-06
0.42,2.90E-06
0.425,2.92E-06
0.43,2.93E-06
0.435,2.94E-06
0.44,2.96E-06
0.445,2.97E-06
0.45,2.99E-06
0.455,3.00E-06
0.46,3.02E-06
0.465,3.03E-06
0.47,3.04E-06
0.475,3.06E-06
0.48,3.07E-06
0.485,3.08E-06
0.49,3.10E-06
0.495,3.11E-06
0.5,3.12E-06
0.505,3.14E-06
0.51,3.15E-06
0.515,3.16E-06
0.52,3.18E-06
0.525,3.19E-06
0.53,3.20E-06
0.535,3.21E-06
0.54,3.23E-06
0.545,3.24E-06
0.55,3.25E-06
0.555,3.26E-06
0.56,3.28E-06
0.565,3.29E-06
0.57,3.30E-06
0.575,3.31E-06
0.58,3.32E-06
0.585,3.34E-06
0.59,3.35E-06
0.595,3.36E-06
0.6,3.37E-06
0.605,3.38E-06
0.61,3.39E-06
0.615,3.41E-06
0.62,3.42E-06
0.625,3.43E-06
0.63,3.44E-06
0.635,3.45E-06
0.64,3.46E-06
0.645,3.47E-06
0.65,3.48E-06
0.655,3.50E-06
0.66,3.51E-06
0.665,3.52E-06
0.67,3.53E-06
0.675,3.54E-06
0.68,3.55E-06
0.685,3.56E-06
0.69,3.57E-06
0.695,3.58E-06
0.7,3.59E-06
0.705,3.60E-06
0.71,3.61E-06
0.715,3.62E-06
0.72,3.63E-06
0.725,3.64E-06
0.73,3.65E-06
0.735,3.66E-06
0.74,3.67E-06
0.745,3.68E-06
0.75,3.69E-06
0.755,3.70E-06
0.76,3.71E-06
0.765,3.72E-06
0.77,3.73E-06
0.775,3.74E-06
0.78,3.75E-06
0.785,3.76E-06
0.79,3.77E-06
0.795,3.78E-06
0.8,3.79E-06
0.805,3.80E-06
0.81,3.81E-06
0.815,3.82E-06
0.82,3.83E-06
0.825,3.84E-06
0.83,3.85E-06
0.835,3.86E-06
0.84,3.87E-06
0.845,3.88E-06
0.85,3.89E-06
0.855,3.90E-06
0.86,3.90E-06
0.865,3.91E-06
0.87,3.92E-06
0.875,3.93E-06
0.88,3.94E-06
0.885,3.95E-06
0.89,3.96E-06
0.895,3.97E-06
0.9,3.98E-06
0.905,3.99E-06
0.91,3.99E-06
0.915,4.00E-06
0.92,4.01E-06
0.925,4.02E-06
0.93,4.03E-06
0.935,4.04E-06
0.94,4.05E-06
0.945,4.06E-06
0.95,4.06E-06
0.955,4.07E-06
0.96,4.08E-06
0.965,4.09E-06
0.97,4.10E-06
0.975,4.11E-06
0.98,4.11E-06
0.985,4.12E-06
0.99,4.13E-06
0.995,4.14E-06
1,4.15E-06
1.005,4.16E-06
1.01,4.16E-06
1.015,4.17E-06
1.02,4.18E-06
1.025,4.19E-06
1.03,4.20E-06
1.035,4.21E-06
1.04,4.22E-06
1.045,4.22E-06
1.05,4.24E-06
1.055,4.25E-06
1.06,4.26E-06
1.065,4.28E-06
1.07,4.29E-06
1.075,4.31E-06
1.08,4.34E-06
1.085,4.37E-06
1.09,4.40E-06
1.095,4.44E-06
1.1,4.49E-06
1.105,4.55E-06
1.11,4.62E-06
1.115,4.71E-06
1.12,4.81E-06
1.125,4.92E-06
1.13,5.07E-06
1.135,5.24E-06
1.14,5.44E-06
1.145,5.68E-06
1.15,5.97E-06
1.155,6.31E-06
1.16,6.72E-06
1.165,7.21E-06
1.17,7.79E-06
1.175,8.49E-06
1.18,9.33E-06
1.185,1.03E-05
1.19,1.15E-05
1.195,1.29E-05
1.2,1.46E-05
1.205,1.67E-05
1.21,1.91E-05
1.215,2.20E-05
1.22,2.55E-05
1.225,2.97E-05
1.23,3.47E-05
1.235,4.07E-05
1.24,4.78E-05
1.245,5.63E-05
1.25,6.66E-05
1.255,7.88E-05
1.26,9.34E-05
1.265,0.000110868
1.27,0.000131812
1.275,0.000156908
1.28,0.000186878
1.285,0.000222632
1.29,0.000265455
1.295,0.000316895
1.3,0.000378442
1.305,0.000451697
1.31,0.000539093
1.315,0.000644195
1.32,0.000770575
1.325,0.000920998
1.33,0.00109925
1.335,0.0013127
1.34,0.00157098
1.345,0.00188027
1.35,0.00224422
1.355,0.00267425
1.36,0.00319417
1.365,0.00382502
1.37,0.00456559
1.375,0.00541689
1.38,0.00641862
1.385,0.00762957
1.39,0.00902963
1.395,0.0104666
1.4,0.0117967
1.405,0.0129747
1.41,0.0140157
1.415,0.0149417
1.42,0.0157562
1.425,0.0164562
1.43,0.0170474
1.435,0.0175432
1.44,0.0179577
1.445,0.0183009
1.45,0.0185798
1.455,0.0188011
1.46,0.0189717
1.465,0.0190982
1.47,0.0191861
1.475,0.0192396
1.48,0.0192625
1.485,0.0192581
1.49,0.0192295
1.495,0.0191792
1.5,0.0191095
1.505,0.0190223
1.51,0.0189193
1.515,0.0188022
1.52,0.0186723
1.525,0.0185308
1.53,0.018379
1.535,0.0182178
1.54,0.0180482
1.545,0.0178711
1.55,0.0176874
1.555,0.0174978
1.56,0.017303
1.565,0.0171038
1.57,0.0169008
1.575,0.0166947
1.58,0.0164859
1.585,0.0162752
1.59,0.0160628
1.595,0.0158495
1.6,0.0156356
1.605,0.0154215
1.61,0.0152076
1.615,0.0149943
1.62,0.014782
1.625,0.0145709
1.63,0.0143613
1.635,0.0141535
1.64,0.0139477
1.645,0.0137441
1.65,0.0135429
1.655,0.0133442
1.66,0.0131482
1.665,0.0129551
1.67,0.0127648
1.675,0.0125776
1.68,0.0123934
1.685,0.0122124
1.69,0.0120346
1.695,0.0118599
1.7,0.0116886
1.705,0.0115204
1.71,0.0113556
1.715,0.011194
1.72,0.0110357
1.725,0.0108806
1.73,0.0107288
1.735,0.0105801
1.74,0.0104347
1.745,0.0102924
1.75,0.0101532
1.755,0.010017
1.76,0.00988388
1.765,0.00975372
1.77,0.00962649
1.775,0.00950212
1.78,0.00938058
1.785,0.0092618
1.79,0.00914573
1.795,0.00903231
1.8,0.00892147
1.805,0.00881316
1.81,0.00870733
1.815,0.0086039
1.82,0.00850282
1.825,0.00840403
1.83,0.00830747
1.835,0.00821308
1.84,0.00812079
1.845,0.00803056
1.85,0.00794232
1.855,0.00785602
1.86,0.00777161
1.865,0.00768902
1.87,0.00760821
1.875,0.00752913
1.88,0.00745172
1.885,0.00737594
1.89,0.00730174
1.895,0.00722907
1.9,0.0071579
1.905,0.00708817
1.91,0.00701985
1.915,0.0069529
1.92,0.00688727
1.925,0.00682294
1.93,0.00675986
1.935,0.006698
1.94,0.00663733
1.945,0.00657781
1.95,0.00651942
1.955,0.00646213
1.96,0.0064059
1.965,0.00635071
1.97,0.00629653
1.975,0.00624334
1.98,0.00619111
1.985,0.00613982
1.99,0.00608944
1.995,0.00603995
2,0.00599134
2.005,0.00594357
2.01,0.00589664
2.015,0.00585051
2.02,0.00580518
2.025,0.00576062
2.03,0.00571681
2.035,0.00567375
2.04,0.0056314
2.045,0.00558976
2.05,0.00554881
2.055,0.00550853
2.06,0.00546892
2.065,0.00542995
2.07,0.00539161
2.075,0.00535388
2.08,0.00531677
2.085,0.00528024
2.09,0.00524429
2.095,0.0052089
2.1,0.00517408
2.105,0.00513979
2.11,0.00510603
2.115,0.0050728
2.12,0.00504007
2.125,0.00500784
2.13,0.0049761
2.135,0.00494484
2.14,0.00491405
2.145,0.00488371
2.15,0.00485382
2.155,0.00482437
2.16,0.00479536
2.165,0.00476676
2.17,0.00473858
2.175,0.00471081
2.18,0.00468343
2.185,0.00465644
2.19,0.00462983
2.195,0.00460359
2.2,0.00457772
2.205,0.00455221
2.21,0.00452705
2.215,0.00450223
2.22,0.00447775
2.225,0.00445361
2.23,0.00442978
2.235,0.00440628
2.24,0.00438308
2.245,0.0043602
2.25,0.00433761
2.255,0.00431532
2.26,0.00429331
2.265,0.00427159
2.27,0.00425014
2.275,0.00422897
2.28,0.00420806
2.285,0.00418742
2.29,0.00416703
2.295,0.0041469
2.3,0.00412701
2.305,0.00410736
2.31,0.00408796
2.315,0.00406878
2.32,0.00404984
2.325,0.00403112
2.33,0.00401262
2.335,0.00399434
2.34,0.00397627
2.345,0.00395841
2.35,0.00394076
2.355,0.00392331
2.36,0.00390605
2.365,0.00388899
2.37,0.00387212
2.375,0.00385544
2.38,0.00383895
2.385,0.00382263
2.39,0.0038065
2.395,0.00379054
2.4,0.00377475
2.405,0.00375913
2.41,0.00374367
2.415,0.00372838
2.42,0.00371325
2.425,0.00369828
2.43,0.00368346
2.435,0.0036688
2.44,0.00365428
2.445,0.00363992
2.45,0.0036257
2.455,0.00361162
2.46,0.00359768
2.465,0.00358388
2.47,0.00357022
2.475,0.00355669
2.48,0.00354329
2.485,0.00353002
2.49,0.00351688
2.495,0.00350387
2.5,0.00349098
2.505,0.00347821
2.51,0.00346556
2.515,0.00345302
2.52,0.00344061
2.525,0.00342831
2.53,0.00341612
2.535,0.00340404
2.54,0.00339207
2.545,0.00338021
2.55,0.00336846
2.555,0.00335681
2.56,0.00334526
2.565,0.00333382
2.57,0.00332248
2.575,0.00331123
2.58,0.00330008
2.585,0.00328903
2.59,0.00327807
2.595,0.0032672
2.6,0.00325643
2.605,0.00324575
2.61,0.00323515
2.615,0.00322465
2.62,0.00321423
2.625,0.00320389
2.63,0.00319364
2.635,0.00318348
2.64,0.00317339
2.645,0.00316339
2.65,0.00315347
2.655,0.00314362
2.66,0.00313386
2.665,0.00312417
2.67,0.00311455
2.675,0.00310502
2.68,0.00309555
2.685,0.00308616
2.69,0.00307684
2.695,0.00306759
2.7,0.00305841
2.705,0.0030493
2.71,0.00304026
2.715,0.00303129
2.72,0.00302238
2.725,0.00301354
2.73,0.00300476
2.735,0.00299605
2.74,0.0029874
2.745,0.00297881
2.75,0.00297029
2.755,0.00296183
2.76,0.00295342
2.765,0.00294508
2.77,0.0029368
2.775,0.00292857
2.78,0.0029204
2.785,0.00291229
2.79,0.00290424
2.795,0.00289624
2.8,0.00288829
2.805,0.0028804
2.81,0.00287256
2.815,0.00286478
2.82,0.00285705
2.825,0.00284937
2.83,0.00284174
2.835,0.00283416
2.84,0.00282663
2.845,0.00281915
2.85,0.00281172
2.855,0.00280434
2.86,0.00279701
2.865,0.00278972
2.87,0.00278248
2.875,0.00277529
2.88,0.00276814
2.885,0.00276104
2.89,0.00275398
2.895,0.00274697
2.9,0.00274
2.905,0.00273307
2.91,0.00272619
2.915,0.00271935
2.92,0.00271255
2.925,0.00270579
2.93,0.00269907
2.935,0.0026924
2.94,0.00268576
2.945,0.00267917
2.95,0.00267261
2.955,0.0026661
2.96,0.00265962
2.965,0.00265318
2.97,0.00264678
2.975,0.00264041
2.98,0.00263408
2.985,0.00262779
2.99,0.00262154
2.995,0.00261532
3,0.00260913
3.005,0.00260299
3.01,0.00259687
3.015,0.0025908
3.02,0.00258475
3.025,0.00257874
3.03,0.00257276
3.035,0.00256682
3.04,0.00256091
3.045,0.00255503
3.05,0.00254918
3.055,0.00254337
3.06,0.00253759
3.065,0.00253184
3.07,0.00252612
3.075,0.00252043
3.08,0.00251477
3.085,0.00250914
3.09,0.00250354
3.095,0.00249797
3.1,0.00249243
3.105,0.00248692
3.11,0.00248144
3.115,0.00247599
3.12,0.00247056
3.125,0.00246517
3.13,0.0024598
3.135,0.00245446
3.14,0.00244914
3.145,0.00244385
3.15,0.00243859
3.155,0.00243336
3.16,0.00242815
3.165,0.00242297
3.17,0.00241781
3.175,0.00241268
3.18,0.00240758
3.185,0.0024025
3.19,0.00239744
3.195,0.00239241
3.2,0.00238741
3.205,0.00238243
3.21,0.00237747
3.215,0.00237254
3.22,0.00236763
3.225,0.00236274
3.23,0.00235788
3.235,0.00235304
3.24,0.00234822
3.245,0.00234343
3.25,0.00233866
3.255,0.00233391
3.26,0.00232918
3.265,0.00232447
3.27,0.00231979
3.275,0.00231513
3.28,0.00231049
3.285,0.00230587
3.29,0.00230127
3.295,0.00229669
3.3,0.00229213
3.305,0.0022876
3.31,0.00228308
3.315,0.00227858
3.32,0.00227411
3.325,0.00226965
3.33,0.00226522
3.335,0.0022608
3.34,0.0022564
3.345,0.00225202
3.35,0.00224767
3.355,0.00224332
3.36,0.002239
3.365,0.0022347
3.37,0.00223042
3.375,0.00222615
3.38,0.0022219
3.385,0.00221767
3.39,0.00221346
3.395,0.00220927
3.4,0.00220509
3.405,0.00220093
3.41,0.00219679
3.415,0.00219267
3.42,0.00218856
3.425,0.00218447
3.43,0.0021804
3.435,0.00217634
3.44,0.0021723
3.445,0.00216828
3.45,0.00216427
3.455,0.00216028
3.46,0.00215631
3.465,0.00215235
3.47,0.00214841
3.475,0.00214448
3.48,0.00214057
3.485,0.00213667
3.49,0.00213279
3.495,0.00212893
3.5,0.00212508
3.505,0.00212124
3.51,0.00211742
3.515,0.00211362
3.52,0.00210983
3.525,0.00210605
3.53,0.00210229
3.535,0.00209855
3.54,0.00209481
3.545,0.0020911
3.55,0.00208739
3.555,0.0020837
3.56,0.00208003
3.565,0.00207637
3.57,0.00207272
3.575,0.00206909
3.58,0.00206546
3.585,0.00206186
3.59,0.00205826
3.595,0.00205468
3.6,0.00205112
3.605,0.00204756
3.61,0.00204402
3.615,0.00204049
3.62,0.00203698
3.625,0.00203348
3.63,0.00202999
3.635,0.00202651
3.64,0.00202304
3.645,0.00201959
3.65,0.00201615
3.655,0.00201272
3.66,0.00200931
3.665,0.00200591
3.67,0.00200251
3.675,0.00199914
3.68,0.00199577
3.685,0.00199241
3.69,0.00198907
3.695,0.00198574
3.7,0.00198242
3.705,0.00197911
3.71,0.00197581
3.715,0.00197252
3.72,0.00196925
3.725,0.00196598
3.73,0.00196273
3.735,0.00195949
3.74,0.00195626
3.745,0.00195304
3.75,0.00194983
3.755,0.00194663
3.76,0.00194344
3.765,0.00194027
3.77,0.0019371
3.775,0.00193395
3.78,0.0019308
3.785,0.00192767
3.79,0.00192454
3.795,0.00192143
3.8,0.00191832
3.805,0.00191523
3.81,0.00191215
3.815,0.00190907
3.82,0.00190601
3.825,0.00190295
3.83,0.00189991
3.835,0.00189688
3.84,0.00189385
3.845,0.00189084
3.85,0.00188783
3.855,0.00188484
3.86,0.00188185
3.865,0.00187887
3.87,0.00187591
3.875,0.00187295
3.88,0.00187
3.885,0.00186706
3.89,0.00186413
3.895,0.00186121
3.9,0.0018583
3.905,0.00185539
3.91,0.0018525
3.915,0.00184961
3.92,0.00184674
3.925,0.00184387
3.93,0.00184101
3.935,0.00183816
3.94,0.00183532
3.945,0.00183249
3.95,0.00182966
3.955,0.00182685
3.96,0.00182404
3.965,0.00182124
3.97,0.00181845
3.975,0.00181567
3.98,0.0018129
3.985,0.00181013
3.99,0.00180737
3.995,0.00180463
4,0.00180188
4.005,0.00179915
4.01,0.00179643
4.015,0.00179371
4.02,0.001791
4.025,0.0017883
4.03,0.00178561
4.035,0.00178292
4.04,0.00178024
4.045,0.00177757
4.05,0.00177491
4.055,0.00177226
4.06,0.00176961
4.065,0.00176697
4.07,0.00176434
4.075,0.00176171
4.08,0.0017591
4.085,0.00175649
4.09,0.00175389
4.095,0.00175129
4.1,0.0017487
4.105,0.00174612
4.11,0.00174355
4.115,0.00174098
4.12,0.00173842
4.125,0.00173587
4.13,0.00173333
4.135,0.00173079
4.14,0.00172826
4.145,0.00172574
4.15,0.00172322
4.155,0.00172071
4.16,0.00171821
4.165,0.00171571
4.17,0.00171322
4.175,0.00171074
4.18,0.00170826
4.185,0.00170579
4.19,0.00170333
4.195,0.00170088
4.2,0.00169843
4.205,0.00169598
4.21,0.00169355
4.215,0.00169112
4.22,0.0016887
4.225,0.00168628
4.23,0.00168387
4.235,0.00168146
4.24,0.00167907
4.245,0.00167668
4.25,0.00167429
4.255,0.00167191
4.26,0.00166954
4.265,0.00166717
4.27,0.00166481
4.275,0.00166246
4.28,0.00166011
4.285,0.00165777
4.29,0.00165543
4.295,0.0016531
4.3,0.00165078
4.305,0.00164846
4.31,0.00164615
4.315,0.00164384
4.32,0.00164154
4.325,0.00163925
4.33,0.00163696
4.335,0.00163468
4.34,0.0016324
4.345,0.00163013
4.35,0.00162786
4.355,0.0016256
4.36,0.00162335
4.365,0.0016211
4.37,0.00161886
4.375,0.00161662
4.38,0.00161439
4.385,0.00161216
4.39,0.00160994
4.395,0.00160773
4.4,0.00160552
4.405,0.00160331
4.41,0.00160112
4.415,0.00159892
4.42,0.00159673
4.425,0.00159455
4.43,0.00159237
4.435,0.0015902
4.44,0.00158804
4.445,0.00158587
4.45,0.00158372
4.455,0.00158157
4.46,0.00157942
4.465,0.00157728
4.47,0.00157514
4.475,0.00157301
4.48,0.00157089
4.485,0.00156877
4.49,0.00156665
4.495,0.00156454
4.5,0.00156244
4.505,0.00156034
4.51,0.00155824
4.515,0.00155615
4.52,0.00155407
4.525,0.00155199
4.53,0.00154991
4.535,0.00154784
4.54,0.00154577
4.545,0.00154371
4.55,0.00154166
4.555,0.0015396
4.56,0.00153756
4.565,0.00153552
4.57,0.00153348
4.575,0.00153145
4.58,0.00152942
4.585,0.00152739
4.59,0.00152538
4.595,0.00152336
4.6,0.00152135
4.605,0.00151935
4.61,0.00151735
4.615,0.00151535
4.62,0.00151336
4.625,0.00151137
4.63,0.00150939
4.635,0.00150741
4.64,0.00150544
4.645,0.00150347
4.65,0.00150151
4.655,0.00149955
4.66,0.00149759
4.665,0.00149564
4.67,0.00149369
4.675,0.00149175
4.68,0.00148981
4.685,0.00148788
4.69,0.00148595
4.695,0.00148402
4.7,0.0014821
4.705,0.00148019
4.71,0.00147827
4.715,0.00147636
4.72,0.00147446
4.725,0.00147256
4.73,0.00147066
4.735,0.00146877
4.74,0.00146689
4.745,0.001465
4.75,0.00146312
4.755,0.00146125
4.76,0.00145938
4.765,0.00145751
4.77,0.00145564
4.775,0.00145379
4.78,0.00145193
4.785,0.00145008
4.79,0.00144823
4.795,0.00144639
4.8,0.00144455
4.805,0.00144271
4.81,0.00144088
4.815,0.00143905
4.82,0.00143723
4.825,0.00143541
4.83,0.00143359
4.835,0.00143178
4.84,0.00142997
4.845,0.00142817
4.85,0.00142637
4.855,0.00142457
4.86,0.00142278
4.865,0.00142099
4.87,0.0014192
4.875,0.00141742
4.88,0.00141564
4.885,0.00141387
4.89,0.00141209
4.895,0.00141033
4.9,0.00140856
4.905,0.0014068
4.91,0.00140505
4.915,0.00140329
4.92,0.00140154
4.925,0.0013998
4.93,0.00139806
4.935,0.00139632
4.94,0.00139458
4.945,0.00139285
4.95,0.00139112
4.955,0.0013894
4.96,0.00138768
4.965,0.00138596
4.97,0.00138425
4.975,0.00138253
4.98,0.00138083
4.985,0.00137912
4.99,0.00137742
4.995,0.00137573
5,0.00137403
5.005,0.00137234
5.01,0.00137066
5.015,0.00136897
5.02,0.00136729
5.025,0.00136562
5.03,0.00136394
5.035,0.00136227
5.04,0.00136061
5.045,0.00135894
5.05,0.00135728
5.055,0.00135563
5.06,0.00135397
5.065,0.00135232
5.07,0.00135067
5.075,0.00134903
5.08,0.00134739
5.085,0.00134575
5.09,0.00134412
5.095,0.00134249
5.1,0.00134086
5.105,0.00133923
5.11,0.00133761
5.115,0.00133599
5.12,0.00133438
5.125,0.00133277
5.13,0.00133116
5.135,0.00132955
5.14,0.00132795
5.145,0.00132635
5.15,0.00132475
5.155,0.00132316
5.16,0.00132157
5.165,0.00131998
5.17,0.0013184
5.175,0.00131681
5.18,0.00131523
5.185,0.00131366
5.19,0.00131209
5.195,0.00131052
5.2,0.00130895
5.205,0.00130739
5.21,0.00130583
5.215,0.00130427
5.22,0.00130271
5.225,0.00130116
5.23,0.00129961
5.235,0.00129807
5.24,0.00129652
5.245,0.00129498
5.25,0.00129344
5.255,0.00129191
5.26,0.00129038
5.265,0.00128885
5.27,0.00128732
5.275,0.0012858
5.28,0.00128428
5.285,0.00128276
5.29,0.00128125
5.295,0.00127973
5.3,0.00127822
5.305,0.00127672
5.31,0.00127521
5.315,0.00127371
5.32,0.00127221
5.325,0.00127072
5.33,0.00126923
5.335,0.00126774
5.34,0.00126625
5.345,0.00126476
5.35,0.00126328
5.355,0.0012618
5.36,0.00126033
5.365,0.00125885
5.37,0.00125738
5.375,0.00125591
5.38,0.00125444
5.385,0.00125298
5.39,0.00125152
5.395,0.00125006
5.4,0.00124861
5.405,0.00124715
5.41,0.0012457
5.415,0.00124426
5.42,0.00124281
5.425,0.00124137
5.43,0.00123993
5.435,0.00123849
5.44,0.00123705
5.445,0.00123562
5.45,0.00123419
5.455,0.00123276
5.46,0.00123134
5.465,0.00122992
5.47,0.0012285
5.475,0.00122708
5.48,0.00122567
5.485,0.00122425
5.49,0.00122284
5.495,0.00122144
5.5,0.00122003
5.505,0.00121863
5.51,0.00121723
5.515,0.00121583
5.52,0.00121443
5.525,0.00121304
5.53,0.00121165
5.535,0.00121026
5.54,0.00120888
5.545,0.00120749
5.55,0.00120611
5.555,0.00120473
5.56,0.00120336
5.565,0.00120198
5.57,0.00120061
5.575,0.00119924
5.58,0.00119788
5.585,0.00119651
5.59,0.00119515
5.595,0.00119379
5.6,0.00119243
5.605,0.00119108
5.61,0.00118972
5.615,0.00118837
5.62,0.00118703
5.625,0.00118568
5.63,0.00118434
5.635,0.00118299
5.64,0.00118166
5.645,0.00118032
5.65,0.00117898
5.655,0.00117765
5.66,0.00117632
5.665,0.00117499
5.67,0.00117367
5.675,0.00117234
5.68,0.00117102
5.685,0.0011697
5.69,0.00116839
5.695,0.00116707
5.7,0.00116576
5.705,0.00116445
5.71,0.00116314
5.715,0.00116183
5.72,0.00116053
5.725,0.00115923
5.73,0.00115793
5.735,0.00115663
5.74,0.00115533
5.745,0.00115404
5.75,0.00115275
5.755,0.00115146
5.76,0.00115017
5.765,0.00114889
5.77,0.00114761
5.775,0.00114633
5.78,0.00114505
5.785,0.00114377
5.79,0.0011425
5.795,0.00114122
5.8,0.00113995
5.805,0.00113869
5.81,0.00113742
5.815,0.00113616
5.82,0.00113489
5.825,0.00113363
5.83,0.00113238
5.835,0.00113112
5.84,0.00112987
5.845,0.00112861
5.85,0.00112736
5.855,0.00112612
5.86,0.00112487
5.865,0.00112363
5.87,0.00112238
5.875,0.00112114
5.88,0.00111991
5.885,0.00111867
5.89,0.00111744
5.895,0.0011162
5.9,0.00111497
5.905,0.00111375
5.91,0.00111252
5.915,0.00111129
5.92,0.00111007
5.925,0.00110885
5.93,0.00110763
5.935,0.00110642
5.94,0.0011052
5.945,0.00110399
5.95,0.00110278
5.955,0.00110157
5.96,0.00110036
5.965,0.00109916
5.97,0.00109795
5.975,0.00109675
5.98,0.00109555
5.985,0.00109435
5.99,0.00109316
5.995,0.00109196
6,0.00109077
