-0.0949821,-0.0108116,0.034424,0.07,0
-0.0949821,-0.0108116,0.034424,0.07,0.000593417
-0.0949845,-0.0108114,0.0344291,0.0700104,0.000421205
-0.0949894,-0.0108113,0.0344327,0.0700178,0.000320026
-0.0949959,-0.0108113,0.0344354,0.0700234,0.000253906
-0.0950033,-0.0108112,0.0344376,0.0700278,0.000209509
-0.0950113,-0.0108112,0.0344394,0.0700315,0.000178881
-0.0950197,-0.0108112,0.034441,0.0700346,0.000157063
-0.0950282,-0.0108111,0.0344423,0.0700373,0.00014095
-0.0950367,-0.0108111,0.0344436,0.0700398,0.000128587
-0.0950453,-0.0108111,0.0344447,0.0700421,0.000118742
-0.0950537,-0.0108111,0.0344457,0.0700441,0.000110629
-0.095062,-0.010811,0.0344467,0.0700461,0.000103746
-0.0950701,-0.010811,0.0344476,0.0700479,9.78E-05
-0.095078,-0.010811,0.0344484,0.0700496,9.25E-05
-0.0950858,-0.010811,0.0344492,0.0700512,8.77E-05
-0.0950933,-0.010811,0.03445,0.0700528,8.34E-05
-0.0951006,-0.010811,0.0344507,0.0700542,7.95E-05
-0.0951077,-0.010811,0.0344514,0.0700556,7.59E-05
-0.0951145,-0.0108109,0.0344521,0.0700569,7.25E-05
-0.0951211,-0.0108109,0.0344527,0.0700582,6.94E-05
-0.0951275,-0.0108109,0.0344533,0.0700594,6.66E-05
-0.0951337,-0.0108109,0.0344539,0.0700606,6.39E-05
-0.0951397,-0.0108109,0.0344545,0.0700617,6.14E-05
-0.0951455,-0.0108109,0.034455,0.0700628,5.91E-05
-0.095151,-0.0108109,0.0344555,0.0700638,5.69E-05
-0.0951564,-0.0108109,0.034456,0.0700648,5.49E-05
-0.0951616,-0.0108109,0.0344565,0.0700658,5.30E-05
-0.0951666,-0.0108109,0.034457,0.0700667,5.12E-05
-0.0951714,-0.0108109,0.0344574,0.0700676,4.95E-05
-0.095176,-0.0108109,0.0344579,0.0700685,4.79E-05
-0.0951805,-0.0108109,0.0344583,0.0700693,4.64E-05
-0.0951848,-0.0108109,0.0344587,0.0700701,4.50E-05
-0.0951889,-0.0108109,0.0344591,0.0700709,4.37E-05
-0.0951929,-0.0108109,0.0344595,0.0700717,4.25E-05
-0.0951968,-0.0108109,0.0344599,0.0700724,4.13E-05
-0.0952005,-0.0108109,0.0344602,0.0700731,4.02E-05
-0.0952041,-0.0108109,0.0344606,0.0700738,3.91E-05
-0.0952076,-0.0108109,0.0344609,0.0700745,3.81E-05
-0.095211,-0.0108109,0.0344613,0.0700752,3.72E-05
-0.0952142,-0.0108109,0.0344616,0.0700758,3.63E-05
-0.0952174,-0.0108109,0.0344619,0.0700765,3.54E-05
-0.0952204,-0.0108109,0.0344622,0.0700771,3.46E-05
-0.0952233,-0.0108109,0.0344626,0.0700777,3.38E-05
-0.0952262,-0.0108109,0.0344629,0.0700783,3.31E-05
-0.0952289,-0.0108109,0.0344632,0.0700789,3.24E-05
-0.0952316,-0.0108109,0.0344634,0.0700794,3.17E-05
-0.0952342,-0.0108109,0.0344637,0.07008,3.11E-05
-0.0952367,-0.0108109,0.034464,0.0700805,3.05E-05
-0.0952391,-0.0108109,0.0344643,0.0700811,2.99E-05
-0.0952415,-0.0108109,0.0344646,0.0700816,2.93E-05
-0.0952438,-0.0108109,0.0344648,0.0700821,2.88E-05
-0.095246,-0.0108109,0.0344651,0.0700826,2.83E-05
-0.0952482,-0.0108109,0.0344653,0.0700831,2.78E-05
-0.0952503,-0.0108109,0.0344656,0.0700836,2.73E-05
-0.0952523,-0.0108109,0.0344658,0.0700841,2.69E-05
-0.0952543,-0.0108109,0.0344661,0.0700845,2.64E-05
-0.0952563,-0.0108109,0.0344663,0.070085,2.60E-05
-0.0952581,-0.0108109,0.0344666,0.0700855,2.56E-05
-0.09526,-0.0108109,0.0344668,0.0700859,2.52E-05
-0.0952618,-0.0108109,0.034467,0.0700863,2.48E-05
-0.0952635,-0.0108109,0.0344673,0.0700868,2.45E-05
-0.0952653,-0.0108109,0.0344675,0.0700872,2.41E-05
-0.0952669,-0.0108109,0.0344677,0.0700876,2.38E-05
-0.0952686,-0.0108109,0.0344679,0.070088,2.35E-05
-0.0952702,-0.0108109,0.0344681,0.0700885,2.32E-05
-0.0952718,-0.0108109,0.0344684,0.0700889,2.29E-05
-0.0952733,-0.0108109,0.0344686,0.0700893,2.26E-05
-0.0952748,-0.0108109,0.0344688,0.0700897,2.23E-05
-0.0952763,-0.0108109,0.034469,0.07009,2.20E-05
-0.0952777,-0.010811,0.0344692,0.0700904,2.17E-05
-0.0952791,-0.010811,0.0344694,0.0700908,2.15E-05
-0.0952805,-0.010811,0.0344696,0.0700912,2.12E-05
-0.0952819,-0.010811,0.0344698,0.0700916,2.10E-05
-0.0952832,-0.010811,0.03447,0.0700919,2.08E-05
-0.0952845,-0.010811,0.0344702,0.0700923,2.05E-05
-0.0952858,-0.010811,0.0344704,0.0700926,2.03E-05
-0.0952871,-0.010811,0.0344706,0.070093,2.01E-05
-0.0952883,-0.010811,0.0344707,0.0700934,1.99E-05
-0.0952895,-0.010811,0.0344709,0.0700937,1.97E-05
-0.0952907,-0.010811,0.0344711,0.070094,1.95E-05
-0.0952919,-0.010811,0.0344713,0.0700944,1.93E-05
-0.0952931,-0.010811,0.0344715,0.0700947,1.91E-05
-0.0952942,-0.010811,0.0344717,0.0700951,1.89E-05
-0.0952953,-0.010811,0.0344718,0.0700954,1.88E-05
-0.0952964,-0.010811,0.034472,0.0700957,1.86E-05
-0.0952975,-0.010811,0.0344722,0.070096,1.84E-05
-0.0952986,-0.010811,0.0344724,0.0700964,1.83E-05
-0.0952997,-0.0108111,0.0344725,0.0700967,1.81E-05
-0.0953007,-0.0108111,0.0344727,0.070097,1.79E-05
-0.0953018,-0.0108111,0.0344729,0.0700973,1.78E-05
-0.0953028,-0.0108111,0.0344731,0.0700976,1.76E-05
-0.0953038,-0.0108111,0.0344732,0.0700979,1.75E-05
-0.0953048,-0.0108111,0.0344734,0.0700983,1.73E-05
-0.0953058,-0.0108111,0.0344735,0.0700985,1.72E-05
-0.0953067,-0.0108111,0.0344737,0.0700989,1.71E-05
-0.0953077,-0.0108111,0.0344739,0.0700992,1.69E-05
-0.0953086,-0.0108111,0.034474,0.0700995,1.68E-05
-0.0953096,-0.0108111,0.0344742,0.0700997,1.67E-05
-0.0953105,-0.0108111,0.0344744,0.0701,1.66E-05
-0.0953114,-0.0108111,0.0344745,0.0701003,1.64E-05
-0.0953123,-0.0108111,0.0344747,0.0701006,1.63E-05
-0.0953132,-0.0108111,0.0344748,0.0701009,1.62E-05
-0.0953141,-0.0108111,0.034475,0.0701012,1.61E-05
-0.095315,-0.0108112,0.0344751,0.0701015,1.60E-05
-0.0953158,-0.0108112,0.0344753,0.0701017,1.58E-05
-0.0953167,-0.0108112,0.0344754,0.070102,1.57E-05
-0.0953175,-0.0108112,0.0344756,0.0701023,1.56E-05
-0.0953184,-0.0108112,0.0344758,0.0701026,1.55E-05
-0.0953192,-0.0108112,0.0344759,0.0701028,1.54E-05
-0.09532,-0.0108112,0.0344761,0.0701031,1.53E-05
-0.0953208,-0.0108112,0.0344762,0.0701034,1.52E-05
-0.0953216,-0.0108112,0.0344764,0.0701036,1.51E-05
-0.0953224,-0.0108112,0.0344765,0.0701039,1.50E-05
-0.0953232,-0.0108112,0.0344766,0.0701042,1.49E-05
-0.095324,-0.0108112,0.0344768,0.0701044,1.48E-05
-0.0953247,-0.0108112,0.0344769,0.0701047,1.47E-05
-0.0953255,-0.0108113,0.0344771,0.0701049,1.47E-05
-0.0953263,-0.0108113,0.0344772,0.0701052,1.46E-05
-0.095327,-0.0108113,0.0344774,0.0701055,1.45E-05
-0.0953278,-0.0108113,0.0344775,0.0701057,1.44E-05
-0.0953285,-0.0108113,0.0344776,0.070106,1.43E-05
-0.0953292,-0.0108113,0.0344778,0.0701062,1.42E-05
-0.09533,-0.0108113,0.0344779,0.0701065,1.41E-05
-0.0953307,-0.0108113,0.0344781,0.0701067,1.41E-05
-0.0953314,-0.0108113,0.0344782,0.070107,1.40E-05
-0.0953321,-0.0108113,0.0344783,0.0701072,1.39E-05
-0.0953328,-0.0108113,0.0344785,0.0701074,1.38E-05
-0.0953335,-0.0108113,0.0344786,0.0701077,1.37E-05
-0.0953342,-0.0108113,0.0344788,0.0701079,1.37E-05
-0.0953349,-0.0108114,0.0344789,0.0701082,1.36E-05
-0.0953356,-0.0108114,0.034479,0.0701084,1.35E-05
-0.0953363,-0.0108114,0.0344792,0.0701086,1.35E-05
-0.0953369,-0.0108114,0.0344793,0.0701089,1.34E-05
-0.0953376,-0.0108114,0.0344794,0.0701091,1.33E-05
-0.0953382,-0.0108114,0.0344796,0.0701093,1.32E-05
-0.0953389,-0.0108114,0.0344797,0.0701096,1.32E-05
-0.0953396,-0.0108114,0.0344798,0.0701098,1.31E-05
-0.0953402,-0.0108114,0.0344799,0.07011,1.30E-05
-0.0953408,-0.0108114,0.0344801,0.0701103,1.30E-05
-0.0953415,-0.0108114,0.0344802,0.0701105,1.29E-05
-0.0953421,-0.0108114,0.0344803,0.0701107,1.28E-05
-0.0953427,-0.0108115,0.0344805,0.0701109,1.28E-05
-0.0953434,-0.0108115,0.0344806,0.0701112,1.27E-05
-0.095344,-0.0108115,0.0344807,0.0701114,1.27E-05
-0.0953446,-0.0108115,0.0344808,0.0701116,1.26E-05
-0.0953452,-0.0108115,0.034481,0.0701118,1.25E-05
-0.0953458,-0.0108115,0.0344811,0.070112,1.25E-05
-0.0953464,-0.0108115,0.0344812,0.0701123,1.24E-05
-0.095347,-0.0108115,0.0344813,0.0701125,1.24E-05
-0.0953476,-0.0108115,0.0344815,0.0701127,1.23E-05
-0.0953482,-0.0108115,0.0344816,0.0701129,1.22E-05
-0.0953488,-0.0108115,0.0344817,0.0701131,1.22E-05
-0.0953494,-0.0108115,0.0344818,0.0701133,1.21E-05
-0.09535,-0.0108116,0.034482,0.0701136,1.21E-05
-0.0953505,-0.0108116,0.0344821,0.0701138,1.20E-05
-0.0953511,-0.0108116,0.0344822,0.070114,1.20E-05
-0.0953517,-0.0108116,0.0344823,0.0701142,1.19E-05
-0.0953522,-0.0108116,0.0344825,0.0701144,1.19E-05
-0.0953528,-0.0108116,0.0344826,0.0701146,1.18E-05
-0.0953534,-0.0108116,0.0344827,0.0701148,1.18E-05
-0.0953539,-0.0108116,0.0344828,0.070115,1.17E-05
-0.0953545,-0.0108116,0.0344829,0.0701152,1.17E-05
-0.095355,-0.0108116,0.0344831,0.0701154,1.16E-05
-0.0953556,-0.0108116,0.0344832,0.0701156,1.16E-05
-0.0953561,-0.0108117,0.0344833,0.0701158,1.15E-05
-0.0953567,-0.0108117,0.0344834,0.070116,1.15E-05
-0.0953572,-0.0108117,0.0344835,0.0701162,1.14E-05
-0.0953577,-0.0108117,0.0344836,0.0701164,1.14E-05
-0.0953583,-0.0108117,0.0344838,0.0701166,1.13E-05
-0.0953588,-0.0108117,0.0344839,0.0701168,1.13E-05
-0.0953593,-0.0108117,0.034484,0.070117,1.12E-05
-0.0953598,-0.0108117,0.0344841,0.0701172,1.12E-05
-0.0953604,-0.0108117,0.0344842,0.0701174,1.12E-05
-0.0953609,-0.0108117,0.0344843,0.0701176,1.11E-05
-0.0953614,-0.0108117,0.0344844,0.0701178,1.11E-05
-0.0953619,-0.0108118,0.0344846,0.070118,1.10E-05
-0.0953624,-0.0108118,0.0344847,0.0701182,1.10E-05
-0.0953629,-0.0108118,0.0344848,0.0701184,1.09E-05
-0.0953634,-0.0108118,0.0344849,0.0701186,1.09E-05
-0.0953639,-0.0108118,0.034485,0.0701188,1.09E-05
-0.0953644,-0.0108118,0.0344851,0.070119,1.08E-05
-0.0953649,-0.0108118,0.0344852,0.0701191,1.08E-05
-0.0953654,-0.0108118,0.0344854,0.0701193,1.07E-05
-0.0953659,-0.0108118,0.0344855,0.0701195,1.07E-05
-0.0953664,-0.0108118,0.0344856,0.0701197,1.06E-05
-0.0953669,-0.0108119,0.0344857,0.0701199,1.06E-05
-0.0953674,-0.0108119,0.0344858,0.0701201,1.06E-05
-0.0953678,-0.0108119,0.0344859,0.0701203,1.05E-05
-0.0953683,-0.0108119,0.034486,0.0701205,1.05E-05
-0.0953688,-0.0108119,0.0344861,0.0701206,1.05E-05
-0.0953693,-0.0108119,0.0344862,0.0701208,1.04E-05
-0.0953697,-0.0108119,0.0344863,0.070121,1.04E-05
-0.0953702,-0.0108119,0.0344865,0.0701212,1.03E-05
-0.0953707,-0.0108119,0.0344866,0.0701214,1.03E-05
-0.0953711,-0.0108119,0.0344867,0.0701215,1.03E-05
-0.0953716,-0.010812,0.0344868,0.0701217,1.02E-05
-0.0953721,-0.010812,0.0344869,0.0701219,1.02E-05
-0.0953725,-0.010812,0.034487,0.0701221,1.02E-05
-0.095373,-0.010812,0.0344871,0.0701223,1.01E-05
-0.0953735,-0.010812,0.0344872,0.0701224,1.01E-05
-0.0953739,-0.010812,0.0344873,0.0701226,1.01E-05
-0.0953744,-0.010812,0.0344874,0.0701228,1.01E-05
-0.0953748,-0.010812,0.0344875,0.070123,1.03E-05
-0.0953753,-0.010812,0.0344876,0.0701232,1.07E-05
-0.0953757,-0.010812,0.0344877,0.0701233,1.17E-05
-0.0953762,-0.0108121,0.0344879,0.0701235,1.34E-05
-0.0953766,-0.0108121,0.034488,0.0701238,1.60E-05
-0.0953771,-0.0108121,0.0344882,0.0701241,1.97E-05
-0.0953777,-0.0108121,0.0344884,0.0701244,2.45E-05
-0.0953783,-0.0108121,0.0344886,0.0701248,3.05E-05
-0.095379,-0.0108121,0.0344889,0.0701254,3.80E-05
-0.0953798,-0.0108121,0.0344892,0.070126,4.70E-05
-0.0953808,-0.0108121,0.0344896,0.0701269,5.79E-05
-0.095382,-0.0108121,0.0344902,0.0701279,7.08E-05
-0.0953834,-0.0108121,0.0344908,0.0701291,8.61E-05
-0.0953852,-0.0108121,0.0344915,0.0701306,0.000104307
-0.0953874,-0.0108121,0.0344925,0.0701324,0.000125955
-0.09539,-0.0108121,0.0344936,0.0701346,0.000151667
-0.0953932,-0.0108121,0.0344949,0.0701373,0.000182234
-0.0953971,-0.010812,0.0344965,0.0701405,0.000218645
-0.0954018,-0.010812,0.0344984,0.0701443,0.000262059
-0.0954075,-0.010812,0.0345007,0.0701489,0.000313783
-0.0954144,-0.0108119,0.0345034,0.0701544,0.000375394
-0.0954227,-0.0108118,0.0345067,0.070161,0.000448928
-0.0954326,-0.0108118,0.0345105,0.0701688,0.000536884
-0.0954446,-0.0108117,0.0345152,0.0701782,0.000642015
-0.095459,-0.0108116,0.0345208,0.0701894,0.000767385
-0.0954762,-0.0108114,0.0345274,0.0702029,0.00091697
-0.0954969,-0.0108113,0.0345353,0.0702189,0.00109612
-0.0955217,-0.010811,0.0345448,0.0702381,0.00131096
-0.0955513,-0.0108108,0.0345561,0.070261,0.00156761
-0.0955869,-0.0108105,0.0345697,0.0702885,0.0018733
-0.0956294,-0.0108101,0.0345858,0.0703213,0.00223877
-0.0956804,-0.0108097,0.0346052,0.0703604,0.00267821
-0.0957414,-0.0108092,0.0346283,0.0704073,0.00320537
-0.0958144,-0.0108086,0.0346559,0.0704634,0.00383273
-0.0959019,-0.0108078,0.034689,0.0705305,0.00457891
-0.0960066,-0.010807,0.0347285,0.0706106,0.00547558
-0.0961321,-0.0108059,0.0347758,0.0707064,0.00655836
-0.0962824,-0.0108046,0.0348324,0.0708212,0.00785189
-0.0964626,-0.0108031,0.0349001,0.0709586,0.00938062
-0.0966787,-0.0108012,0.034981,0.0711228,0.0112033
-0.0969378,-0.010799,0.0350777,0.0713188,0.0134163
-0.0972488,-0.0107964,0.0351934,0.0715536,0.0160915
-0.0976224,-0.0107933,0.0353323,0.0718352,0.0192485
-0.0980717,-0.0107895,0.0354983,0.0721721,0.0229538
-0.0986121,-0.010785,0.0356963,0.0725738,0.0274289
-0.0992627,-0.0107796,0.035933,0.0730538,0.03294
-0.100047,-0.0107731,0.0362172,0.0736302,0.0395312
-0.100996,-0.0107653,0.0365583,0.074322,0.0471389
-0.102145,-0.0107561,0.036965,0.0751469,0.0560948
-0.103538,-0.010745,0.0374491,0.0761286,0.0672462
-0.10523,-0.0107318,0.0380294,0.0773054,0.081086
-0.107299,-0.0107159,0.0387293,0.0787244,0.0970704
-0.109837,-0.0106968,0.0395673,0.0804231,0.115044
-0.11296,-0.0106742,0.0405607,0.0824364,0.136923
-0.116819,-0.0106473,0.0417433,0.0848326,0.165461
-0.121631,-0.0106148,0.0431728,0.0877281,0.20006
-0.127698,-0.0105755,0.044902,0.0912292,0.2373
-0.13541,-0.0105289,0.0469542,0.0953819,0.279076
-0.145289,-0.0104743,0.0493696,0.100266,0.334691
-0.158129,-0.0104087,0.0522691,0.106123,0.409775
-0.175209,-0.0103285,0.0558236,0.113294,0.492694
-0.198468,-0.0102321,0.0601055,0.121916,0.57315
-0.230725,-0.0101204,0.0651019,0.131946,0.672193
-0.276543,-0.00998992,0.0709882,0.14371,0.824094
-0.344458,-0.00983009,0.0782525,0.158131,1.02079
-0.450946,-0.00963249,0.0873529,0.175995,1.19486
-0.625988,-0.0094029,0.0982376,0.196905,1.3502
-0.925112,-0.00914652,0.111016,0.220534,1.61022
-1.46772,-0.00884361,0.127122,0.248712,2.05008
-2.5465,-0.00846045,0.148944,0.284589,2.50831
-4.85515,-0.00799907,0.177157,0.328484,2.7324
-9.69941,-0.00751455,0.209534,0.376301,2.97878
-18.8584,-0.00700743,0.24625,0.42843,3.71106
-33.2503,-0.00637889,0.292476,0.493373,4.77105
-47.5255,-0.00554889,0.352369,0.576867,4.97152
-49.847,-0.00466484,0.417457,0.663868,3.46379
-43.2127,-0.00409852,0.468585,0.724485,1.71662
-37.0423,-0.0039508,0.50154,0.754525,0.885382
-32.522,-0.00402186,0.525617,0.77002,0.720716
-28.5985,-0.00413118,0.548204,0.782632,0.682936
-25.0873,-0.00423904,0.570741,0.794584,0.461648
-22.3933,-0.00442169,0.590827,0.802662,0.172625
-20.5398,-0.0047279,0.607361,0.805683,-0.0163341
-19.1967,-0.00513509,0.621424,0.805398,-0.0929649
-18.0789,-0.00560196,0.634392,0.803771,-0.128291
-17.0842,-0.00611272,0.646778,0.801526,-0.182192
-16.2263,-0.00668288,0.658281,0.798337,-0.250709
-15.5073,-0.00732828,0.668636,0.79395,-0.308207
-14.8909,-0.00804883,0.677946,0.788556,-0.345449
-14.3359,-0.00883565,0.686469,0.782511,-0.370964
-13.82,-0.00968333,0.694356,0.776019,-0.396153
-13.3381,-0.0105941,0.701588,0.769086,-0.423151
-12.8883,-0.0115718,0.708115,0.761681,-0.448294
-12.465,-0.0126168,0.713942,0.753836,-0.468926
-12.0612,-0.0137265,0.719125,0.74563,-0.485743
-11.672,-0.0148976,0.723709,0.737129,-0.500843
-11.2951,-0.0161287,0.727712,0.728365,-0.515145
-10.9297,-0.0174186,0.731133,0.71935,-0.528247
-10.5744,-0.0187652,0.733984,0.710105,-0.53954
-10.2281,-0.0201655,0.736286,0.700663,-0.548976
-9.88997,-0.0216158,0.738064,0.691056,-0.556922
-9.5594,-0.0231125,0.73934,0.68131,-0.563659
-9.23626,-0.0246519,0.74013,0.671446,-0.569203
-8.92049,-0.0262301,0.740454,0.661485,-0.573456
-8.61204,-0.0278429,0.740331,0.651449,-0.576397
-8.31091,-0.0294857,0.739787,0.641362,-0.57811
-8.01718,-0.031154,0.738845,0.631246,-0.578699
-7.73096,-0.0328433,0.737526,0.621118,-0.578222
-7.45241,-0.0345489,0.735856,0.610999,-0.576709
-7.18164,-0.0362665,0.733856,0.600907,-0.574192
-6.91877,-0.0379916,0.731551,0.590859,-0.570731
-6.6639,-0.0397198,0.728964,0.580871,-0.566399
-6.41709,-0.0414471,0.72612,0.570959,-0.561262
-6.1784,-0.0431695,0.723041,0.561137,-0.555381
-5.94783,-0.0448833,0.719748,0.551418,-0.548816
-5.72537,-0.0465852,0.716265,0.541813,-0.54163
-5.51095,-0.048272,0.712613,0.532335,-0.533889
-5.30449,-0.0499407,0.70881,0.522992,-0.525659
-5.10587,-0.0515889,0.704877,0.513793,-0.517001
-4.91495,-0.0532141,0.700832,0.504745,-0.507975
-4.73155,-0.0548144,0.696691,0.495856,-0.498637
-4.55547,-0.0563879,0.692471,0.487129,-0.489042
-4.38652,-0.0579333,0.688187,0.478571,-0.479241
-4.22447,-0.0594492,0.683852,0.470185,-0.469281
-4.06908,-0.0609346,0.679479,0.461972,-0.459206
-3.92012,-0.0623888,0.67508,0.453936,-0.449056
-3.77736,-0.063811,0.670664,0.446078,-0.438867
-3.64054,-0.065201,0.666242,0.438397,-0.42867
-3.50945,-0.0665584,0.661822,0.430896,-0.418495
-3.38384,-0.0678831,0.65741,0.423572,-0.408367
-3.2635,-0.069175,0.653014,0.416426,-0.398308
-3.1482,-0.0704345,0.648639,0.409455,-0.388337
-3.03776,-0.0716615,0.644289,0.402659,-0.378472
-2.93196,-0.0728565,0.639969,0.396036,-0.368726
-2.83062,-0.0740198,0.635681,0.389583,-0.359111
-2.73356,-0.0751518,0.631428,0.383299,-0.349639
-2.64061,-0.0762531,0.627212,0.37718,-0.340319
-2.5516,-0.077324,0.623033,0.371225,-0.331157
-2.46639,-0.0783652,0.618892,0.365429,-0.322161
-2.38481,-0.0793773,0.614789,0.359792,-0.313337
-2.30672,-0.0803609,0.610724,0.354308,-0.304688
-2.23199,-0.0813166,0.606695,0.348976,-0.29622
-2.16046,-0.082245,0.602702,0.343792,-0.287936
-2.09202,-0.0831468,0.598742,0.338753,-0.279839
-2.02652,-0.0840226,0.594814,0.333856,-0.271931
-1.96385,-0.0848732,0.590917,0.329097,-0.264215
-1.90387,-0.0856991,0.587048,0.324474,-0.256692
-1.84647,-0.086501,0.583206,0.319981,-0.249363
-1.79153,-0.0872797,0.579388,0.315618,-0.242229
-1.73892,-0.0880357,0.575594,0.311379,-0.23529
-1.68854,-0.0887697,0.571821,0.307261,-0.228547
-1.64028,-0.0894825,0.568068,0.303261,-0.221997
-1.59402,-0.0901745,0.564335,0.299377,-0.215641
-1.54968,-0.0908465,0.560621,0.295603,-0.209477
-1.50714,-0.091499,0.556925,0.291937,-0.203503
-1.46631,-0.0921328,0.553247,0.288376,-0.197716
-1.4271,-0.0927484,0.549587,0.284916,-0.192115
-1.38943,-0.0933463,0.545945,0.281554,-0.186695
-1.35321,-0.0939272,0.542323,0.278286,-0.181454
-1.31836,-0.0944917,0.53872,0.275111,-0.176387
-1.28481,-0.0950402,0.535138,0.272024,-0.171491
-1.25249,-0.0955734,0.531578,0.269023,-0.166762
-1.22133,-0.0960917,0.528041,0.266105,-0.162194
-1.19128,-0.0965957,0.524528,0.263266,-0.157784
-1.16227,-0.0970857,0.52104,0.260505,-0.153527
-1.13426,-0.0975624,0.51758,0.257818,-0.149417
-1.10719,-0.0980262,0.514148,0.255204,-0.145451
-1.08102,-0.0984775,0.510745,0.252658,-0.141622
-1.0557,-0.0989167,0.507372,0.25018,-0.137926
-1.0312,-0.0993443,0.504032,0.247766,-0.134359
-1.00748,-0.0997606,0.500724,0.245415,-0.130915
-0.984502,-0.100166,0.497451,0.243124,-0.127589
-0.962239,-0.100561,0.494213,0.240891,-0.124377
-0.94066,-0.100946,0.49101,0.238715,-0.121274
-0.919738,-0.10132,0.487844,0.236592,-0.118276
-0.899449,-0.101686,0.484716,0.234522,-0.115379
-0.879768,-0.102042,0.481625,0.232503,-0.112577
-0.860676,-0.102389,0.478573,0.230533,-0.109868
-0.84215,-0.102728,0.47556,0.22861,-0.107247
-0.824172,-0.103058,0.472587,0.226734,-0.10471
-0.806725,-0.10338,0.469653,0.224901,-0.102254
-0.789791,-0.103695,0.466759,0.223112,-0.0998762
-0.773354,-0.104002,0.463905,0.221364,-0.0975723
-0.7574,-0.104301,0.461091,0.219656,-0.0953395
-0.741914,-0.104593,0.458317,0.217988,-0.0931748
-0.726883,-0.104879,0.455583,0.216357,-0.0910755
-0.712293,-0.105157,0.45289,0.214764,-0.0890389
-0.698133,-0.105429,0.450236,0.213205,-0.0870624
-0.68439,-0.105695,0.447622,0.211682,-0.0851436
-0.671053,-0.105954,0.445048,0.210192,-0.0832803
-0.65811,-0.106208,0.442514,0.208734,-0.0814702
-0.645551,-0.106456,0.440018,0.207309,-0.0797114
-0.633366,-0.106698,0.437561,0.205914,-0.0780019
-0.621543,-0.106934,0.435143,0.204549,-0.0763399
-0.610074,-0.107165,0.432763,0.203213,-0.0747236
-0.598949,-0.107391,0.43042,0.201905,-0.0731514
-0.588159,-0.107612,0.428115,0.200625,-0.0716218
-0.577693,-0.107828,0.425847,0.199372,-0.0701331
-0.567544,-0.108039,0.423615,0.198144,-0.0686842
-0.557702,-0.108246,0.42142,0.196942,-0.0672735
-0.54816,-0.108447,0.419259,0.195765,-0.0658999
-0.538908,-0.108645,0.417135,0.194612,-0.0645621
-0.529939,-0.108838,0.415044,0.193482,-0.063259
-0.521244,-0.109026,0.412988,0.192375,-0.0619895
-0.512816,-0.109211,0.410966,0.19129,-0.0607526
-0.504647,-0.109392,0.408977,0.190227,-0.0595472
-0.49673,-0.109568,0.40702,0.189185,-0.0583724
-0.489056,-0.109741,0.405096,0.188163,-0.0572273
-0.48162,-0.10991,0.403203,0.187162,-0.056111
-0.474415,-0.110076,0.401341,0.18618,-0.0550228
-0.467432,-0.110238,0.39951,0.185217,-0.0539616
-0.460666,-0.110396,0.397709,0.184273,-0.0529269
-0.45411,-0.110551,0.395937,0.183346,-0.0519179
-0.447758,-0.110703,0.394195,0.182438,-0.0509338
-0.441604,-0.110852,0.392481,0.181546,-0.0499739
-0.435641,-0.110997,0.390795,0.180672,-0.0490377
-0.429864,-0.11114,0.389137,0.179814,-0.0481244
-0.424267,-0.111279,0.387505,0.178972,-0.0472334
-0.418844,-0.111415,0.3859,0.178145,-0.0463641
-0.41359,-0.111549,0.384322,0.177334,-0.045516
-0.408499,-0.11168,0.382768,0.176537,-0.0446885
-0.403567,-0.111808,0.38124,0.175755,-0.0438809
-0.398788,-0.111933,0.379736,0.174987,-0.0430929
-0.394158,-0.112056,0.378257,0.174233,-0.0423239
-0.389671,-0.112176,0.3768,0.173492,-0.0415733
-0.385324,-0.112294,0.375368,0.172765,-0.0408408
-0.381111,-0.112409,0.373957,0.17205,-0.0401258
-0.377029,-0.112522,0.372569,0.171348,-0.0394278
-0.373073,-0.112632,0.371203,0.170658,-0.0387465
-0.369239,-0.112741,0.369858,0.16998,-0.0380814
-0.365523,-0.112847,0.368534,0.169313,-0.037432
-0.361922,-0.112951,0.367231,0.168658,-0.036798
-0.358431,-0.113053,0.365947,0.168014,-0.036179
-0.355046,-0.113152,0.364683,0.167381,-0.0355745
-0.351766,-0.11325,0.363439,0.166759,-0.0349842
-0.348585,-0.113346,0.362213,0.166147,-0.0344077
-0.345501,-0.11344,0.361006,0.165544,-0.0338447
-0.342511,-0.113532,0.359817,0.164952,-0.0332948
-0.339611,-0.113622,0.358646,0.164369,-0.0327576
-0.336799,-0.11371,0.357492,0.163796,-0.0322329
-0.334071,-0.113797,0.356355,0.163232,-0.0317203
-0.331425,-0.113881,0.355234,0.162677,-0.0312195
-0.328858,-0.113964,0.35413,0.162131,-0.0307302
-0.326368,-0.114046,0.353042,0.161593,-0.030252
-0.323952,-0.114126,0.35197,0.161063,-0.0297848
-0.321608,-0.114204,0.350913,0.160542,-0.0293282
-0.319333,-0.114281,0.349871,0.160029,-0.0288819
-0.317124,-0.114356,0.348843,0.159524,-0.0284456
-0.314981,-0.114429,0.34783,0.159026,-0.0280192
-0.3129,-0.114501,0.346831,0.158535,-0.0276024
-0.310879,-0.114572,0.345846,0.158052,-0.0271948
-0.308917,-0.114642,0.344874,0.157576,-0.0267963
-0.307012,-0.114709,0.343916,0.157108,-0.0264066
-0.305162,-0.114776,0.34297,0.156645,-0.0260255
-0.303364,-0.114841,0.342037,0.15619,-0.0256527
-0.301618,-0.114905,0.341117,0.155741,-0.0252881
-0.299921,-0.114968,0.340209,0.155299,-0.0249315
-0.298273,-0.11503,0.339312,0.154862,-0.0245826
-0.29667,-0.11509,0.338428,0.154432,-0.0242412
-0.295113,-0.115149,0.337555,0.154008,-0.0239071
-0.293599,-0.115207,0.336693,0.153589,-0.0235802
-0.292126,-0.115264,0.335842,0.153177,-0.0232603
-0.290695,-0.11532,0.335001,0.15277,-0.0229472
-0.289303,-0.115374,0.334172,0.152368,-0.0226406
-0.287949,-0.115428,0.333352,0.151972,-0.0223405
-0.286631,-0.11548,0.332543,0.151581,-0.0220467
-0.28535,-0.115531,0.331744,0.151195,-0.0217589
-0.284102,-0.115582,0.330954,0.150814,-0.0214772
-0.282889,-0.115631,0.330175,0.150439,-0.0212012
-0.281707,-0.11568,0.329404,0.150067,-0.0209309
-0.280557,-0.115727,0.328642,0.149701,-0.0206661
-0.279437,-0.115774,0.32789,0.14934,-0.0204066
-0.278346,-0.115819,0.327146,0.148982,-0.0201524
-0.277284,-0.115864,0.326411,0.14863,-0.0199033
-0.276249,-0.115908,0.325685,0.148281,-0.0196592
-0.275241,-0.115951,0.324967,0.147937,-0.0194199
-0.274259,-0.115993,0.324257,0.147598,-0.0191853
-0.273301,-0.116034,0.323555,0.147262,-0.0189554
-0.272368,-0.116074,0.322861,0.14693,-0.0187299
-0.271458,-0.116114,0.322174,0.146602,-0.0185088
-0.270571,-0.116153,0.321495,0.146278,-0.018292
-0.269706,-0.11619,0.320824,0.145958,-0.0180793
-0.268862,-0.116228,0.32016,0.145642,-0.0178707
-0.268039,-0.116264,0.319503,0.145329,-0.0176661
-0.267236,-0.1163,0.318853,0.14502,-0.0174654
-0.266452,-0.116335,0.31821,0.144714,-0.0172684
-0.265687,-0.116369,0.317574,0.144412,-0.017075
-0.26494,-0.116402,0.316944,0.144113,-0.0168853
-0.264211,-0.116435,0.316321,0.143818,-0.0166991
-0.263499,-0.116467,0.315704,0.143526,-0.0165163
-0.262804,-0.116499,0.315094,0.143237,-0.0163368
-0.262125,-0.11653,0.31449,0.142951,-0.0161606
-0.261461,-0.11656,0.313892,0.142668,-0.0159875
-0.260813,-0.116589,0.3133,0.142388,-0.0158176
-0.260179,-0.116618,0.312713,0.142111,-0.0156507
-0.259559,-0.116646,0.312133,0.141837,-0.0154867
-0.258954,-0.116674,0.311558,0.141566,-0.0153257
-0.258362,-0.116701,0.310989,0.141298,-0.0151674
-0.257782,-0.116727,0.310425,0.141033,-0.0150119
-0.257216,-0.116753,0.309867,0.14077,-0.0148591
-0.256662,-0.116778,0.309314,0.14051,-0.0147089
-0.256119,-0.116803,0.308766,0.140253,-0.0145613
-0.255589,-0.116827,0.308223,0.139998,-0.0144162
-0.255069,-0.116851,0.307685,0.139746,-0.0142736
-0.254561,-0.116874,0.307153,0.139496,-0.0141333
-0.254062,-0.116896,0.306625,0.139248,-0.0139954
-0.253575,-0.116918,0.306102,0.139004,-0.0138598
-0.253097,-0.11694,0.305583,0.138761,-0.0137264
-0.252629,-0.116961,0.305069,0.138521,-0.0135952
-0.25217,-0.116981,0.30456,0.138283,-0.0134661
-0.251721,-0.117001,0.304056,0.138047,-0.0133392
-0.25128,-0.11702,0.303555,0.137814,-0.0132142
-0.250848,-0.117039,0.303059,0.137582,-0.0130913
-0.250425,-0.117058,0.302568,0.137353,-0.0129703
-0.25001,-0.117076,0.30208,0.137126,-0.0128513
-0.249602,-0.117093,0.301597,0.136902,-0.0127341
-0.249203,-0.117111,0.301118,0.136679,-0.0126188
-0.24881,-0.117127,0.300643,0.136458,-0.0125052
-0.248426,-0.117143,0.300172,0.136239,-0.0123934
-0.248048,-0.117159,0.299704,0.136022,-0.0122833
-0.247677,-0.117175,0.299241,0.135807,-0.0121749
-0.247313,-0.11719,0.298781,0.135594,-0.0120682
-0.246955,-0.117204,0.298325,0.135383,-0.0119631
-0.246604,-0.117218,0.297873,0.135174,-0.0118595
-0.246259,-0.117232,0.297425,0.134966,-0.0117575
-0.24592,-0.117245,0.29698,0.13476,-0.011657
-0.245587,-0.117258,0.296538,0.134556,-0.011558
-0.245259,-0.11727,0.2961,0.134354,-0.0114604
-0.244937,-0.117282,0.295666,0.134153,-0.0113643
-0.244621,-0.117294,0.295234,0.133955,-0.0112696
-0.244309,-0.117306,0.294806,0.133757,-0.0111762
-0.244003,-0.117317,0.294382,0.133562,-0.0110842
-0.243702,-0.117327,0.29396,0.133368,-0.0109934
-0.243405,-0.117337,0.293542,0.133175,-0.010904
-0.243114,-0.117347,0.293127,0.132985,-0.0108158
-0.242827,-0.117357,0.292715,0.132795,-0.0107289
-0.242544,-0.117366,0.292306,0.132608,-0.0106432
-0.242266,-0.117375,0.2919,0.132421,-0.0105587
-0.241992,-0.117383,0.291497,0.132237,-0.0104753
-0.241722,-0.117391,0.291097,0.132053,-0.0103931
-0.241456,-0.117399,0.2907,0.131871,-0.010312
-0.241194,-0.117407,0.290306,0.131691,-0.0102321
-0.240936,-0.117414,0.289914,0.131512,-0.0101532
-0.240682,-0.117421,0.289526,0.131334,-0.0100753
-0.240431,-0.117427,0.28914,0.131158,-0.00999853
-0.240184,-0.117433,0.288757,0.130983,-0.00992275
-0.23994,-0.117439,0.288376,0.130809,-0.00984798
-0.2397,-0.117445,0.287998,0.130637,-0.0097742
-0.239463,-0.11745,0.287623,0.130466,-0.00970138
-0.239229,-0.117455,0.28725,0.130296,-0.00962951
-0.238998,-0.11746,0.28688,0.130127,-0.00955857
-0.23877,-0.117464,0.286512,0.12996,-0.00948855
-0.238546,-0.117468,0.286147,0.129794,-0.00941943
-0.238324,-0.117472,0.285784,0.129629,-0.0093512
-0.238105,-0.117475,0.285424,0.129466,-0.00928383
-0.237888,-0.117479,0.285066,0.129303,-0.00921731
-0.237675,-0.117482,0.28471,0.129142,-0.00915163
-0.237464,-0.117484,0.284357,0.128982,-0.00908677
-0.237255,-0.117487,0.284006,0.128823,-0.00902273
-0.237049,-0.117489,0.283657,0.128665,-0.00895947
-0.236846,-0.117491,0.283311,0.128508,-0.008897
-0.236644,-0.117493,0.282966,0.128352,-0.0088353
-0.236446,-0.117494,0.282624,0.128198,-0.00877435
-0.236249,-0.117495,0.282284,0.128044,-0.00871414
-0.236055,-0.117496,0.281946,0.127892,-0.00865467
-0.235862,-0.117496,0.281611,0.12774,-0.00859591
-0.235672,-0.117497,0.281277,0.12759,-0.00853785
-0.235484,-0.117497,0.280945,0.12744,-0.00848049
-0.235298,-0.117497,0.280616,0.127292,-0.00842381
-0.235114,-0.117496,0.280288,0.127145,-0.00836781
-0.234931,-0.117496,0.279963,0.126998,-0.00831246
-0.234751,-0.117495,0.279639,0.126853,-0.00825776
-0.234572,-0.117494,0.279317,0.126708,-0.0082037
-0.234395,-0.117493,0.278998,0.126565,-0.00815027
-0.23422,-0.117491,0.27868,0.126422,-0.00809746
-0.234047,-0.117489,0.278364,0.12628,-0.00804526
-0.233875,-0.117487,0.27805,0.126139,-0.00799366
-0.233704,-0.117485,0.277738,0.126,-0.00794264
-0.233536,-0.117483,0.277427,0.125861,-0.00789221
-0.233369,-0.11748,0.277118,0.125722,-0.00784234
-0.233203,-0.117477,0.276811,0.125585,-0.00779304
-0.233039,-0.117474,0.276506,0.125449,-0.0077443
-0.232876,-0.117471,0.276203,0.125313,-0.00769609
-0.232715,-0.117467,0.275901,0.125179,-0.00764843
-0.232554,-0.117464,0.275601,0.125045,-0.00760129
-0.232396,-0.11746,0.275303,0.124912,-0.00755467
-0.232238,-0.117456,0.275006,0.12478,-0.00750857
-0.232082,-0.117451,0.274711,0.124648,-0.00746297
-0.231927,-0.117447,0.274418,0.124518,-0.00741787
-0.231773,-0.117442,0.274126,0.124388,-0.00737325
-0.231621,-0.117437,0.273836,0.124259,-0.00732912
-0.231469,-0.117432,0.273547,0.12413,-0.00728547
-0.231319,-0.117427,0.27326,0.124003,-0.00724228
-0.23117,-0.117421,0.272974,0.123876,-0.00719956
-0.231022,-0.117416,0.27269,0.12375,-0.00715728
-0.230875,-0.11741,0.272408,0.123625,-0.00711546
-0.230729,-0.117404,0.272127,0.1235,-0.00707408
-0.230584,-0.117398,0.271847,0.123377,-0.00703313
-0.230439,-0.117391,0.271569,0.123254,-0.00699261
-0.230296,-0.117385,0.271293,0.123131,-0.00695252
-0.230154,-0.117378,0.271017,0.12301,-0.00691284
-0.230013,-0.117371,0.270744,0.122889,-0.00687357
-0.229872,-0.117364,0.270471,0.122768,-0.00683471
-0.229732,-0.117357,0.2702,0.122649,-0.00679624
-0.229594,-0.117349,0.269931,0.12253,-0.00675817
-0.229456,-0.117342,0.269662,0.122411,-0.00672049
-0.229319,-0.117334,0.269395,0.122294,-0.00668319
-0.229182,-0.117326,0.26913,0.122177,-0.00664626
-0.229047,-0.117318,0.268866,0.122061,-0.00660971
-0.228912,-0.11731,0.268603,0.121945,-0.00657352
-0.228778,-0.117301,0.268341,0.12183,-0.0065377
-0.228644,-0.117292,0.268081,0.121715,-0.00650223
-0.228511,-0.117284,0.267821,0.121602,-0.00646712
-0.228379,-0.117275,0.267564,0.121489,-0.00643235
-0.228248,-0.117266,0.267307,0.121376,-0.00639793
-0.228117,-0.117257,0.267052,0.121264,-0.00636384
-0.227987,-0.117247,0.266797,0.121153,-0.00633008
-0.227857,-0.117238,0.266544,0.121042,-0.00629666
-0.227728,-0.117228,0.266293,0.120932,-0.00626356
-0.2276,-0.117218,0.266042,0.120822,-0.00623078
-0.227472,-0.117208,0.265793,0.120713,-0.00619831
-0.227345,-0.117198,0.265544,0.120605,-0.00616616
-0.227218,-0.117188,0.265297,0.120497,-0.00613431
-0.227092,-0.117177,0.265051,0.120389,-0.00610277
-0.226967,-0.117167,0.264807,0.120282,-0.00607152
-0.226841,-0.117156,0.264563,0.120176,-0.00604058
-0.226717,-0.117145,0.26432,0.120071,-0.00600992
-0.226593,-0.117134,0.264079,0.119965,-0.00597955
-0.226469,-0.117123,0.263838,0.119861,-0.00594947
-0.226346,-0.117112,0.263599,0.119757,-0.00591967
-0.226223,-0.1171,0.263361,0.119653,-0.00589014
-0.2261,-0.117089,0.263124,0.11955,-0.00586089
-0.225978,-0.117077,0.262887,0.119447,-0.0058319
-0.225857,-0.117065,0.262652,0.119345,-0.00580319
-0.225736,-0.117053,0.262418,0.119244,-0.00577474
-0.225615,-0.117041,0.262185,0.119143,-0.00574654
-0.225494,-0.117029,0.261953,0.119042,-0.00571861
-0.225374,-0.117017,0.261722,0.118942,-0.00569092
-0.225255,-0.117004,0.261492,0.118842,-0.00566349
-0.225135,-0.116992,0.261263,0.118743,-0.0056363
-0.225017,-0.116979,0.261035,0.118645,-0.00560936
-0.224898,-0.116966,0.260808,0.118547,-0.00558266
-0.22478,-0.116953,0.260582,0.118449,-0.0055562
-0.224662,-0.11694,0.260357,0.118352,-0.00552997
-0.224544,-0.116927,0.260132,0.118255,-0.00550397
-0.224426,-0.116914,0.259909,0.118158,-0.00547821
-0.224309,-0.1169,0.259687,0.118063,-0.00545267
-0.224193,-0.116887,0.259465,0.117967,-0.00542735
-0.224076,-0.116873,0.259244,0.117872,-0.00540226
-0.22396,-0.116859,0.259025,0.117778,-0.00537738
-0.223844,-0.116845,0.258806,0.117684,-0.00535272
-0.223728,-0.116831,0.258588,0.11759,-0.00532827
-0.223612,-0.116817,0.258371,0.117497,-0.00530404
-0.223497,-0.116803,0.258155,0.117404,-0.00528001
-0.223382,-0.116789,0.25794,0.117311,-0.00525618
-0.223267,-0.116774,0.257725,0.117219,-0.00523256
-0.223153,-0.11676,0.257512,0.117128,-0.00520914
-0.223038,-0.116745,0.257299,0.117037,-0.00518592
-0.222924,-0.11673,0.257087,0.116946,-0.0051629
-0.22281,-0.116715,0.256876,0.116856,-0.00514007
-0.222697,-0.1167,0.256666,0.116766,-0.00511743
-0.222583,-0.116685,0.256457,0.116676,-0.00509498
-0.22247,-0.11667,0.256248,0.116587,-0.00507271
-0.222356,-0.116654,0.25604,0.116498,-0.00505064
-0.222243,-0.116639,0.255833,0.11641,-0.00502874
-0.22213,-0.116623,0.255627,0.116322,-0.00500702
-0.222018,-0.116608,0.255421,0.116234,-0.00498549
-0.221905,-0.116592,0.255217,0.116147,-0.00496413
-0.221793,-0.116576,0.255013,0.11606,-0.00494294
-0.221681,-0.11656,0.25481,0.115974,-0.00492193
-0.221568,-0.116544,0.254607,0.115887,-0.00490108
-0.221457,-0.116528,0.254406,0.115802,-0.00488041
-0.221345,-0.116512,0.254205,0.115716,-0.0048599
-0.221233,-0.116495,0.254005,0.115631,-0.00483956
-0.221121,-0.116479,0.253806,0.115547,-0.00481938
-0.22101,-0.116462,0.253607,0.115462,-0.00479936
-0.220899,-0.116446,0.253409,0.115378,-0.0047795
-0.220788,-0.116429,0.253212,0.115295,-0.0047598
-0.220676,-0.116412,0.253015,0.115211,-0.00474025
-0.220565,-0.116395,0.252819,0.115128,-0.00472086
-0.220455,-0.116378,0.252624,0.115046,-0.00470161
-0.220344,-0.116361,0.25243,0.114963,-0.00468252
-0.220233,-0.116344,0.252236,0.114881,-0.00466358
-0.220123,-0.116327,0.252043,0.1148,-0.00464479
-0.220012,-0.116309,0.251851,0.114719,-0.00462614
-0.219902,-0.116292,0.251659,0.114638,-0.00460763
-0.219791,-0.116274,0.251468,0.114557,-0.00458927
-0.219681,-0.116257,0.251278,0.114477,-0.00457105
-0.219571,-0.116239,0.251088,0.114397,-0.00455297
-0.219461,-0.116221,0.250899,0.114317,-0.00453502
-0.219351,-0.116203,0.250711,0.114238,-0.00451722
-0.219241,-0.116185,0.250523,0.114159,-0.00449954
-0.219131,-0.116167,0.250336,0.11408,-0.004482
-0.219021,-0.116149,0.25015,0.114001,-0.0044646
-0.218911,-0.116131,0.249964,0.113923,-0.00444732
-0.218802,-0.116112,0.249779,0.113845,-0.00443017
-0.218692,-0.116094,0.249594,0.113768,-0.00441315
-0.218583,-0.116075,0.24941,0.113691,-0.00439626
-0.218473,-0.116057,0.249227,0.113614,-0.00437949
-0.218364,-0.116038,0.249044,0.113537,-0.00436284
-0.218254,-0.116019,0.248862,0.113461,-0.00434632
-0.218145,-0.116001,0.24868,0.113385,-0.00432992
-0.218035,-0.115982,0.248499,0.113309,-0.00431363
-0.217926,-0.115963,0.248319,0.113233,-0.00429747
-0.217817,-0.115944,0.248139,0.113158,-0.00428143
-0.217708,-0.115924,0.24796,0.113083,-0.0042655
-0.217598,-0.115905,0.247781,0.113009,-0.00424968
-0.217489,-0.115886,0.247603,0.112934,-0.00423398
-0.21738,-0.115867,0.247426,0.11286,-0.00421839
-0.217271,-0.115847,0.247249,0.112786,-0.00420291
-0.217162,-0.115828,0.247073,0.112713,-0.00418755
-0.217053,-0.115808,0.246897,0.11264,-0.00417229
-0.216944,-0.115788,0.246722,0.112567,-0.00415714
-0.216835,-0.115769,0.246547,0.112494,-0.00414209
-0.216726,-0.115749,0.246373,0.112421,-0.00412716
-0.216617,-0.115729,0.246199,0.112349,-0.00411232
-0.216508,-0.115709,0.246026,0.112277,-0.00409759
-0.216399,-0.115689,0.245854,0.112205,-0.00408297
-0.21629,-0.115669,0.245682,0.112134,-0.00406844
-0.216181,-0.115649,0.24551,0.112063,-0.00405402
-0.216073,-0.115628,0.245339,0.111992,-0.00403969
-0.215964,-0.115608,0.245169,0.111921,-0.00402547
-0.215855,-0.115588,0.244999,0.111851,-0.00401134
-0.215746,-0.115567,0.24483,0.11178,-0.0039973
-0.215637,-0.115547,0.244661,0.11171,-0.00398337
-0.215528,-0.115526,0.244493,0.111641,-0.00396952
-0.21542,-0.115505,0.244325,0.111571,-0.00395577
-0.215311,-0.115485,0.244157,0.111502,-0.00394212
-0.215202,-0.115464,0.243991,0.111433,-0.00392855
-0.215093,-0.115443,0.243824,0.111364,-0.00391508
-0.214985,-0.115422,0.243658,0.111296,-0.00390169
-0.214876,-0.115401,0.243493,0.111228,-0.0038884
-0.214767,-0.11538,0.243328,0.11116,-0.00387519
-0.214658,-0.115359,0.243164,0.111092,-0.00386207
-0.214549,-0.115338,0.243,0.111024,-0.00384904
-0.214441,-0.115317,0.242836,0.110957,-0.00383609
-0.214332,-0.115295,0.242673,0.11089,-0.00382323
-0.214223,-0.115274,0.242511,0.110823,-0.00381045
-0.214114,-0.115252,0.242349,0.110756,-0.00379776
-0.214006,-0.115231,0.242187,0.11069,-0.00378515
-0.213897,-0.115209,0.242026,0.110623,-0.00377262
-0.213788,-0.115188,0.241865,0.110557,-0.00376017
-0.213679,-0.115166,0.241705,0.110492,-0.0037478
-0.213571,-0.115144,0.241545,0.110426,-0.00373551
-0.213462,-0.115122,0.241386,0.110361,-0.00372329
-0.213353,-0.115101,0.241227,0.110295,-0.00371116
-0.213244,-0.115079,0.241069,0.11023,-0.0036991
-0.213135,-0.115057,0.240911,0.110166,-0.00368712
-0.213027,-0.115035,0.240753,0.110101,-0.00367521
-0.212918,-0.115012,0.240596,0.110037,-0.00366338
-0.212809,-0.11499,0.240439,0.109973,-0.00365163
-0.2127,-0.114968,0.240283,0.109909,-0.00363994
-0.212591,-0.114946,0.240127,0.109845,-0.00362833
-0.212482,-0.114923,0.239972,0.109782,-0.0036168
-0.212374,-0.114901,0.239817,0.109718,-0.00360533
-0.212265,-0.114879,0.239662,0.109655,-0.00359393
-0.212156,-0.114856,0.239508,0.109592,-0.00358261
-0.212047,-0.114834,0.239354,0.10953,-0.00357135
-0.211938,-0.114811,0.239201,0.109467,-0.00356016
-0.211829,-0.114788,0.239048,0.109405,-0.00354904
-0.21172,-0.114766,0.238896,0.109343,-0.00353799
-0.211611,-0.114743,0.238744,0.109281,-0.00352701
-0.211503,-0.11472,0.238592,0.109219,-0.00351609
-0.211394,-0.114697,0.238441,0.109158,-0.00350524
-0.211285,-0.114674,0.23829,0.109096,-0.00349445
-0.211176,-0.114651,0.238139,0.109035,-0.00348373
-0.211067,-0.114628,0.237989,0.108974,-0.00347307
-0.210958,-0.114605,0.237839,0.108913,-0.00346247
-0.210849,-0.114582,0.23769,0.108853,-0.00345194
-0.21074,-0.114559,0.237541,0.108792,-0.00344147
-0.210631,-0.114535,0.237392,0.108732,-0.00343106
-0.210522,-0.114512,0.237244,0.108672,-0.00342071
-0.210413,-0.114489,0.237096,0.108612,-0.00341042
-0.210304,-0.114465,0.236949,0.108553,-0.0034002
-0.210195,-0.114442,0.236802,0.108493,-0.00339003
-0.210086,-0.114418,0.236655,0.108434,-0.00337992
-0.209977,-0.114395,0.236509,0.108375,-0.00336987
-0.209868,-0.114371,0.236363,0.108316,-0.00335988
-0.209759,-0.114347,0.236217,0.108257,-0.00334994
-0.20965,-0.114324,0.236072,0.108198,-0.00334006
-0.209541,-0.1143,0.235927,0.10814,-0.00333024
-0.209432,-0.114276,0.235783,0.108081,-0.00332048
-0.209323,-0.114252,0.235639,0.108023,-0.00331077
-0.209214,-0.114228,0.235495,0.107965,-0.00330111
-0.209105,-0.114204,0.235352,0.107908,-0.00329151
-0.208996,-0.11418,0.235209,0.10785,-0.00328196
-0.208886,-0.114156,0.235066,0.107793,-0.00327247
-0.208777,-0.114132,0.234923,0.107735,-0.00326303
-0.208668,-0.114108,0.234781,0.107678,-0.00325364
-0.208559,-0.114084,0.23464,0.107621,-0.00324431
-0.20845,-0.11406,0.234498,0.107565,-0.00323502
-0.208341,-0.114035,0.234357,0.107508,-0.00322579
-0.208232,-0.114011,0.234217,0.107451,-0.00321661
-0.208123,-0.113987,0.234077,0.107395,-0.00320748
-0.208014,-0.113962,0.233937,0.107339,-0.0031984
-0.207905,-0.113938,0.233797,0.107283,-0.00318937
-0.207795,-0.113913,0.233658,0.107227,-0.00318039
-0.207686,-0.113889,0.233519,0.107172,-0.00317145
-0.207577,-0.113864,0.23338,0.107116,-0.00316257
-0.207468,-0.11384,0.233242,0.107061,-0.00315373
-0.207359,-0.113815,0.233104,0.107006,-0.00314494
-0.20725,-0.11379,0.232966,0.106951,-0.0031362
-0.207141,-0.113765,0.232829,0.106896,-0.00312751
-0.207031,-0.113741,0.232692,0.106841,-0.00311886
-0.206922,-0.113716,0.232555,0.106786,-0.00311025
-0.206813,-0.113691,0.232419,0.106732,-0.0031017
-0.206704,-0.113666,0.232282,0.106678,-0.00309318
-0.206595,-0.113641,0.232147,0.106623,-0.00308472
-0.206486,-0.113616,0.232011,0.106569,-0.00307629
-0.206377,-0.113591,0.231876,0.106516,-0.00306791
-0.206268,-0.113566,0.231741,0.106462,-0.00305958
-0.206158,-0.113541,0.231607,0.106408,-0.00305129
-0.206049,-0.113515,0.231472,0.106355,-0.00304304
-0.20594,-0.11349,0.231339,0.106302,-0.00303483
-0.205831,-0.113465,0.231205,0.106249,-0.00302667
-0.205722,-0.11344,0.231072,0.106196,-0.00301855
-0.205613,-0.113414,0.230939,0.106143,-0.00301047
-0.205504,-0.113389,0.230806,0.10609,-0.00300243
-0.205395,-0.113364,0.230674,0.106038,-0.00299443
-0.205286,-0.113338,0.230541,0.105985,-0.00298648
-0.205177,-0.113313,0.23041,0.105933,-0.00297856
-0.205068,-0.113287,0.230278,0.105881,-0.00297069
-0.204958,-0.113261,0.230147,0.105829,-0.00296285
-0.204849,-0.113236,0.230016,0.105777,-0.00295505
-0.20474,-0.11321,0.229885,0.105725,-0.0029473
-0.204631,-0.113185,0.229755,0.105674,-0.00293958
-0.204522,-0.113159,0.229625,0.105622,-0.0029319
-0.204413,-0.113133,0.229495,0.105571,-0.00292426
-0.204304,-0.113107,0.229365,0.10552,-0.00291665
-0.204195,-0.113081,0.229236,0.105469,-0.00290908
-0.204086,-0.113056,0.229107,0.105418,-0.00290156
-0.203977,-0.11303,0.228978,0.105367,-0.00289406
-0.203868,-0.113004,0.22885,0.105316,-0.00288661
-0.203759,-0.112978,0.228722,0.105266,-0.00287919
-0.203651,-0.112952,0.228594,0.105216,-0.00287181
-0.203542,-0.112926,0.228467,0.105165,-0.00286446
-0.203433,-0.1129,0.228339,0.105115,-0.00285715
-0.203324,-0.112873,0.228212,0.105065,-0.00284987
-0.203215,-0.112847,0.228085,0.105015,-0.00284263
-0.203106,-0.112821,0.227959,0.104966,-0.00283543
-0.202997,-0.112795,0.227833,0.104916,-0.00282826
-0.202889,-0.112769,0.227707,0.104866,-0.00282112
-0.20278,-0.112742,0.227581,0.104817,-0.00281402
-0.202671,-0.112716,0.227456,0.104768,-0.00280695
-0.202562,-0.11269,0.22733,0.104719,-0.00279991
-0.202453,-0.112663,0.227205,0.10467,-0.00279291
-0.202345,-0.112637,0.227081,0.104621,-0.00278594
-0.202236,-0.11261,0.226956,0.104572,-0.00277901
-0.202127,-0.112584,0.226832,0.104523,-0.0027721
-0.202019,-0.112557,0.226708,0.104475,-0.00276523
-0.20191,-0.112531,0.226585,0.104427,-0.00275839
-0.201801,-0.112504,0.226461,0.104378,-0.00275159
-0.201693,-0.112478,0.226338,0.10433,-0.00274481
-0.201584,-0.112451,0.226215,0.104282,-0.00273807
-0.201476,-0.112424,0.226093,0.104234,-0.00273135
-0.201367,-0.112398,0.22597,0.104186,-0.00272467
-0.201259,-0.112371,0.225848,0.104139,-0.00271802
-0.20115,-0.112344,0.225726,0.104091,-0.0027114
-0.201042,-0.112317,0.225605,0.104044,-0.00270481
-0.200933,-0.11229,0.225483,0.103996,-0.00269825
-0.200825,-0.112263,0.225362,0.103949,-0.00269172
-0.200717,-0.112237,0.225241,0.103902,-0.00268522
-0.200608,-0.11221,0.225121,0.103855,-0.00267875
-0.2005,-0.112183,0.225,0.103808,-0.0026723
-0.200392,-0.112156,0.22488,0.103761,-0.00266589
-0.200283,-0.112129,0.22476,0.103715,-0.00265951
-0.200175,-0.112102,0.224641,0.103668,-0.00265315
-0.200067,-0.112074,0.224521,0.103622,-0.00264682
-0.199959,-0.112047,0.224402,0.103575,-0.00264052
-0.199851,-0.11202,0.224283,0.103529,-0.00263425
-0.199743,-0.111993,0.224164,0.103483,-0.00262801
-0.199635,-0.111966,0.224046,0.103437,-0.00262179
-0.199526,-0.111939,0.223927,0.103391,-0.0026156
-0.199419,-0.111911,0.223809,0.103345,-0.00260944
-0.199311,-0.111884,0.223691,0.1033,-0.00260331
-0.199203,-0.111857,0.223574,0.103254,-0.0025972
-0.199095,-0.111829,0.223456,0.103209,-0.00259112
-0.198987,-0.111802,0.223339,0.103163,-0.00258507
-0.198879,-0.111775,0.223222,0.103118,-0.00257904
-0.198771,-0.111747,0.223106,0.103073,-0.00257304
-0.198663,-0.11172,0.222989,0.103028,-0.00256706
-0.198556,-0.111692,0.222873,0.102983,-0.00256111
-0.198448,-0.111665,0.222757,0.102938,-0.00255519
-0.19834,-0.111637,0.222641,0.102894,-0.00254929
-0.198233,-0.11161,0.222526,0.102849,-0.00254341
-0.198125,-0.111582,0.22241,0.102804,-0.00253756
-0.198018,-0.111554,0.222295,0.10276,-0.00253174
-0.19791,-0.111527,0.22218,0.102716,-0.00252594
-0.197803,-0.111499,0.222065,0.102672,-0.00252017
-0.197695,-0.111471,0.221951,0.102627,-0.00251442
-0.197588,-0.111444,0.221837,0.102583,-0.00250869
-0.197481,-0.111416,0.221723,0.10254,-0.00250299
-0.197373,-0.111388,0.221609,0.102496,-0.00249731
-0.197266,-0.11136,0.221495,0.102452,-0.00249166
-0.197159,-0.111332,0.221382,0.102408,-0.00248603
-0.197052,-0.111305,0.221268,0.102365,-0.00248042
-0.196945,-0.111277,0.221155,0.102322,-0.00247484
-0.196838,-0.111249,0.221043,0.102278,-0.00246928
-0.196731,-0.111221,0.22093,0.102235,-0.00246374
-0.196624,-0.111193,0.220818,0.102192,-0.00245822
-0.196517,-0.111165,0.220706,0.102149,-0.00245273
-0.19641,-0.111137,0.220594,0.102106,-0.00244726
-0.196303,-0.111109,0.220482,0.102063,-0.00244182
-0.196196,-0.111081,0.22037,0.10202,-0.00243639
-0.196089,-0.111053,0.220259,0.101978,-0.00243099
-0.195983,-0.111025,0.220148,0.101935,-0.00242561
-0.195876,-0.110996,0.220037,0.101893,-0.00242025
-0.195769,-0.110968,0.219926,0.10185,-0.00241491
-0.195663,-0.11094,0.219816,0.101808,-0.0024096
-0.195556,-0.110912,0.219705,0.101766,-0.0024043
-0.19545,-0.110884,0.219595,0.101724,-0.00239903
-0.195343,-0.110855,0.219485,0.101682,-0.00239378
-0.195237,-0.110827,0.219375,0.10164,-0.00238855
-0.195131,-0.110799,0.219266,0.101598,-0.00238334
-0.195025,-0.110771,0.219156,0.101557,-0.00237815
-0.194918,-0.110742,0.219047,0.101515,-0.00237298
-0.194812,-0.110714,0.218938,0.101473,-0.00236784
-0.194706,-0.110685,0.218829,0.101432,-0.00236271
-0.1946,-0.110657,0.218721,0.101391,-0.0023576
-0.194494,-0.110629,0.218613,0.101349,-0.00235251
-0.194388,-0.1106,0.218504,0.101308,-0.00234745
-0.194282,-0.110572,0.218396,0.101267,-0.0023424
-0.194176,-0.110543,0.218288,0.101226,-0.00233737
-0.194071,-0.110515,0.218181,0.101185,-0.00233236
-0.193965,-0.110486,0.218073,0.101144,-0.00232738
-0.193859,-0.110458,0.217966,0.101104,-0.00232241
-0.193754,-0.110429,0.217859,0.101063,-0.00231746
-0.193648,-0.1104,0.217752,0.101022,-0.00231253
-0.193543,-0.110372,0.217645,0.100982,-0.00230762
-0.193437,-0.110343,0.217539,0.100942,-0.00230272
-0.193332,-0.110314,0.217433,0.100901,-0.00229785
-0.193227,-0.110286,0.217327,0.100861,-0.002293
-0.193121,-0.110257,0.217221,0.100821,-0.00228816
-0.193016,-0.110228,0.217115,0.100781,-0.00228334
-0.192911,-0.1102,0.217009,0.100741,-0.00227854
-0.192806,-0.110171,0.216904,0.100701,-0.00227376
-0.192701,-0.110142,0.216799,0.100661,-0.002269
-0.192596,-0.110113,0.216693,0.100622,-0.00226425
-0.192491,-0.110084,0.216589,0.100582,-0.00225953
-0.192386,-0.110056,0.216484,0.100542,-0.00225482
-0.192281,-0.110027,0.216379,0.100503,-0.00225013
-0.192177,-0.109998,0.216275,0.100464,-0.00224545
-0.192072,-0.109969,0.216171,0.100424,-0.0022408
-0.191968,-0.10994,0.216067,0.100385,-0.00223616
-0.191863,-0.109911,0.215963,0.100346,-0.00223154
-0.191759,-0.109882,0.215859,0.100307,-0.00222693
-0.191654,-0.109853,0.215756,0.100268,-0.00222235
-0.19155,-0.109824,0.215653,0.100229,-0.00221777
-0.191446,-0.109795,0.21555,0.10019,-0.00221322
-0.191341,-0.109766,0.215447,0.100151,-0.00220869
-0.191237,-0.109737,0.215344,0.100113,-0.00220417
-0.191133,-0.109708,0.215241,0.100074,-0.00219966
-0.191029,-0.109679,0.215139,0.100036,-0.00219518
-0.190925,-0.10965,0.215037,0.0999973,-0.00219071
-0.190821,-0.10962,0.214934,0.099959,-0.00218625
-0.190718,-0.109591,0.214833,0.0999207,-0.00218181
-0.190614,-0.109562,0.214731,0.0998825,-0.00217739
-0.19051,-0.109533,0.214629,0.0998444,-0.00217299
-0.190406,-0.109504,0.214528,0.0998064,-0.0021686
-0.190303,-0.109475,0.214426,0.0997685,-0.00216423
-0.190199,-0.109445,0.214325,0.0997306,-0.00215987
-0.190096,-0.109416,0.214224,0.0996928,-0.00215553
-0.189993,-0.109387,0.214124,0.0996551,-0.0021512
-0.189889,-0.109357,0.214023,0.0996174,-0.00214689
-0.189786,-0.109328,0.213923,0.0995799,-0.00214259
-0.189683,-0.109299,0.213822,0.0995424,-0.00213831
-0.18958,-0.109269,0.213722,0.0995049,-0.00213405
-0.189477,-0.10924,0.213622,0.0994676,-0.0021298
-0.189374,-0.109211,0.213523,0.0994303,-0.00212556
-0.189271,-0.109181,0.213423,0.0993931,-0.00212135
-0.189169,-0.109152,0.213323,0.099356,-0.00211714
-0.189066,-0.109122,0.213224,0.099319,-0.00211295
-0.188963,-0.109093,0.213125,0.099282,-0.00210878
-0.188861,-0.109063,0.213026,0.0992451,-0.00210462
-0.188758,-0.109034,0.212927,0.0992082,-0.00210047
-0.188656,-0.109005,0.212829,0.0991715,-0.00209634
-0.188553,-0.108975,0.21273,0.0991348,-0.00209222
-0.188451,-0.108945,0.212632,0.0990982,-0.00208812
-0.188349,-0.108916,0.212533,0.0990616,-0.00208403
-0.188247,-0.108886,0.212435,0.0990252,-0.00207996
-0.188145,-0.108857,0.212338,0.0989888,-0.0020759
-0.188043,-0.108827,0.21224,0.0989524,-0.00207186
-0.187941,-0.108798,0.212142,0.0989162,-0.00206782
-0.187839,-0.108768,0.212045,0.09888,-0.00206381
-0.187737,-0.108738,0.211947,0.0988439,-0.0020598
-0.187636,-0.108709,0.21185,0.0988078,-0.00205581
-0.187534,-0.108679,0.211753,0.0987719,-0.00205184
-0.187433,-0.108649,0.211657,0.098736,-0.00204788
-0.187331,-0.10862,0.21156,0.0987001,-0.00204393
-0.18723,-0.10859,0.211463,0.0986643,-0.00203999
-0.187128,-0.10856,0.211367,0.0986286,-0.00203607
-0.187027,-0.10853,0.211271,0.098593,-0.00203216
-0.186926,-0.108501,0.211175,0.0985574,-0.00202827
-0.186825,-0.108471,0.211079,0.098522,-0.00202438
-0.186724,-0.108441,0.210983,0.0984865,-0.00202051
-0.186623,-0.108411,0.210887,0.0984512,-0.00201666
-0.186522,-0.108381,0.210792,0.0984159,-0.00201282
-0.186421,-0.108352,0.210697,0.0983807,-0.00200899
-0.186321,-0.108322,0.210601,0.0983455,-0.00200517
-0.18622,-0.108292,0.210506,0.0983104,-0.00200136
-0.18612,-0.108262,0.210411,0.0982754,-0.00199757
-0.186019,-0.108232,0.210317,0.0982404,-0.00199379
-0.185919,-0.108202,0.210222,0.0982055,-0.00199003
-0.185819,-0.108172,0.210128,0.0981707,-0.00198627
-0.185718,-0.108142,0.210033,0.0981359,-0.00198253
-0.185618,-0.108112,0.209939,0.0981013,-0.0019788
-0.185518,-0.108082,0.209845,0.0980666,-0.00197509
-0.185418,-0.108052,0.209751,0.0980321,-0.00197138
-0.185318,-0.108022,0.209657,0.0979976,-0.00196769
-0.185218,-0.107992,0.209564,0.0979631,-0.00196401
-0.185119,-0.107962,0.20947,0.0979288,-0.00196034
-0.185019,-0.107932,0.209377,0.0978944,-0.00195669
-0.18492,-0.107902,0.209284,0.0978602,-0.00195304
-0.18482,-0.107872,0.209191,0.097826,-0.00194941
-0.184721,-0.107842,0.209098,0.0977919,-0.00194579
-0.184621,-0.107812,0.209005,0.0977579,-0.00194218
-0.184522,-0.107782,0.208912,0.0977239,-0.00193859
-0.184423,-0.107752,0.20882,0.0976899,-0.001935
-0.184324,-0.107722,0.208728,0.0976561,-0.00193143
-0.184225,-0.107692,0.208635,0.0976223,-0.00192787
-0.184126,-0.107662,0.208543,0.0975885,-0.00192432
-0.184027,-0.107632,0.208451,0.0975549,-0.00192078
-0.183928,-0.107601,0.20836,0.0975213,-0.00191725
-0.18383,-0.107571,0.208268,0.0974877,-0.00191374
-0.183731,-0.107541,0.208176,0.0974542,-0.00191023
-0.183633,-0.107511,0.208085,0.0974208,-0.00190674
-0.183534,-0.107481,0.207994,0.0973874,-0.00190326
-0.183436,-0.10745,0.207902,0.0973541,-0.00189979
-0.183338,-0.10742,0.207811,0.0973209,-0.00189633
-0.183239,-0.10739,0.207721,0.0972877,-0.00189288
-0.183141,-0.10736,0.20763,0.0972546,-0.00188944
-0.183043,-0.107329,0.207539,0.0972215,-0.00188601
-0.182945,-0.107299,0.207449,0.0971885,-0.0018826
-0.182848,-0.107269,0.207358,0.0971555,-0.00187919
-0.18275,-0.107238,0.207268,0.0971227,-0.0018758
-0.182652,-0.107208,0.207178,0.0970898,-0.00187241
-0.182555,-0.107178,0.207088,0.0970571,-0.00186904
-0.182457,-0.107147,0.206998,0.0970244,-0.00186568
-0.18236,-0.107117,0.206909,0.0969917,-0.00186232
-0.182262,-0.107087,0.206819,0.0969591,-0.00185898
-0.182165,-0.107056,0.20673,0.0969266,-0.00185565
-0.182068,-0.107026,0.20664,0.0968941,-0.00185233
-0.181971,-0.106996,0.206551,0.0968617,-0.00184902
-0.181874,-0.106965,0.206462,0.0968293,-0.00184572
-0.181777,-0.106935,0.206373,0.096797,-0.00184243
-0.18168,-0.106904,0.206284,0.0967648,-0.00183915
-0.181584,-0.106874,0.206196,0.0967326,-0.00183588
-0.181487,-0.106844,0.206107,0.0967005,-0.00183262
-0.18139,-0.106813,0.206019,0.0966684,-0.00182937
-0.181294,-0.106783,0.20593,0.0966364,-0.00182613
-0.181198,-0.106752,0.205842,0.0966044,-0.0018229
-0.181101,-0.106722,0.205754,0.0965725,-0.00181968
-0.181005,-0.106691,0.205666,0.0965407,-0.00181647
-0.180909,-0.106661,0.205578,0.0965089,-0.00181327
-0.180813,-0.10663,0.205491,0.0964772,-0.00181008
-0.180717,-0.1066,0.205403,0.0964455,-0.0018069
-0.180621,-0.106569,0.205316,0.0964139,-0.00180373
-0.180525,-0.106539,0.205228,0.0963823,-0.00180057
-0.18043,-0.106508,0.205141,0.0963508,-0.00179742
-0.180334,-0.106477,0.205054,0.0963193,-0.00179428
-0.180239,-0.106447,0.204967,0.0962879,-0.00179115
-0.180143,-0.106416,0.20488,0.0962566,-0.00178803
-0.180048,-0.106386,0.204794,0.0962253,-0.00178491
-0.179953,-0.106355,0.204707,0.0961941,-0.00178181
-0.179857,-0.106324,0.204621,0.0961629,-0.00177871
-0.179762,-0.106294,0.204534,0.0961318,-0.00177563
-0.179667,-0.106263,0.204448,0.0961007,-0.00177255
-0.179573,-0.106233,0.204362,0.0960697,-0.00176949
-0.179478,-0.106202,0.204276,0.0960387,-0.00176643
-0.179383,-0.106171,0.20419,0.0960078,-0.00176338
-0.179288,-0.106141,0.204104,0.0959769,-0.00176034
-0.179194,-0.10611,0.204019,0.0959461,-0.00175731
-0.179099,-0.106079,0.203933,0.0959154,-0.00175429
-0.179005,-0.106049,0.203848,0.0958847,-0.00175128
-0.178911,-0.106018,0.203762,0.095854,-0.00174827
-0.178817,-0.105987,0.203677,0.0958234,-0.00174528
-0.178723,-0.105956,0.203592,0.0957929,-0.00174229
-0.178629,-0.105926,0.203507,0.0957624,-0.00173932
-0.178535,-0.105895,0.203422,0.095732,-0.00173635
-0.178441,-0.105864,0.203338,0.0957016,-0.00173339
-0.178347,-0.105833,0.203253,0.0956712,-0.00173044
-0.178253,-0.105803,0.203169,0.095641,-0.0017275
-0.17816,-0.105772,0.203084,0.0956107,-0.00172456
-0.178066,-0.105741,0.203,0.0955805,-0.00172164
-0.177973,-0.10571,0.202916,0.0955504,-0.00171872
-0.17788,-0.10568,0.202832,0.0955203,-0.00171581
-0.177787,-0.105649,0.202748,0.0954903,-0.00171291
-0.177694,-0.105618,0.202664,0.0954603,-0.00171002
-0.177601,-0.105587,0.20258,0.0954304,-0.00170714
-0.177508,-0.105556,0.202497,0.0954005,-0.00170427
-0.177415,-0.105526,0.202413,0.0953707,-0.0017014
-0.177322,-0.105495,0.20233,0.0953409,-0.00169854
-0.177229,-0.105464,0.202247,0.0953112,-0.00169569
-0.177137,-0.105433,0.202164,0.0952815,-0.00169285
-0.177044,-0.105402,0.202081,0.0952519,-0.00169002
-0.176952,-0.105371,0.201998,0.0952223,-0.0016872
-0.17686,-0.10534,0.201915,0.0951928,-0.00168438
-0.176767,-0.10531,0.201832,0.0951633,-0.00168157
-0.176675,-0.105279,0.20175,0.0951339,-0.00167877
-0.176583,-0.105248,0.201667,0.0951045,-0.00167598
-0.176491,-0.105217,0.201585,0.0950752,-0.00167319
-0.1764,-0.105186,0.201502,0.0950459,-0.00167042
-0.176308,-0.105155,0.20142,0.0950167,-0.00166765
-0.176216,-0.105124,0.201338,0.0949875,-0.00166489
-0.176125,-0.105093,0.201256,0.0949584,-0.00166213
-0.176033,-0.105062,0.201175,0.0949293,-0.00165939
-0.175942,-0.105031,0.201093,0.0949002,-0.00165665
-0.175851,-0.105,0.201011,0.0948712,-0.00165392
-0.175759,-0.104969,0.20093,0.0948423,-0.0016512
-0.175668,-0.104938,0.200848,0.0948134,-0.00164849
-0.175577,-0.104907,0.200767,0.0947846,-0.00164578
-0.175486,-0.104877,0.200686,0.0947558,-0.00164308
-0.175395,-0.104846,0.200605,0.094727,-0.00164039
-0.175305,-0.104815,0.200524,0.0946983,-0.00163771
-0.175214,-0.104784,0.200443,0.0946696,-0.00163503
-0.175123,-0.104753,0.200362,0.094641,-0.00163236
-0.175033,-0.104722,0.200281,0.0946125,-0.0016297
-0.174943,-0.104691,0.200201,0.0945839,-0.00162705
-0.174852,-0.10466,0.20012,0.0945555,-0.0016244
-0.174762,-0.104628,0.20004,0.094527,-0.00162176
-0.174672,-0.104597,0.19996,0.0944987,-0.00161913
-0.174582,-0.104566,0.19988,0.0944703,-0.0016165
-0.174492,-0.104535,0.199799,0.094442,-0.00161389
-0.174402,-0.104504,0.19972,0.0944138,-0.00161128
-0.174313,-0.104473,0.19964,0.0943856,-0.00160867
-0.174223,-0.104442,0.19956,0.0943574,-0.00160608
-0.174133,-0.104411,0.19948,0.0943293,-0.00160349
-0.174044,-0.10438,0.199401,0.0943013,-0.00160091
-0.173955,-0.104349,0.199321,0.0942733,-0.00159833
-0.173865,-0.104318,0.199242,0.0942453,-0.00159577
-0.173776,-0.104287,0.199163,0.0942174,-0.0015932
-0.173687,-0.104256,0.199084,0.0941895,-0.00159065
-0.173598,-0.104225,0.199005,0.0941616,-0.00158811
-0.173509,-0.104194,0.198926,0.0941339,-0.00158557
-0.17342,-0.104162,0.198847,0.0941061,-0.00158303
-0.173332,-0.104131,0.198768,0.0940784,-0.00158051
-0.173243,-0.1041,0.198689,0.0940507,-0.00157799
-0.173154,-0.104069,0.198611,0.0940231,-0.00157548
-0.173066,-0.104038,0.198532,0.0939956,-0.00157297
-0.172978,-0.104007,0.198454,0.093968,-0.00157047
-0.172889,-0.103976,0.198376,0.0939405,-0.00156798
-0.172801,-0.103945,0.198298,0.0939131,-0.0015655
-0.172713,-0.103913,0.198219,0.0938857,-0.00156302
-0.172625,-0.103882,0.198142,0.0938584,-0.00156055
-0.172537,-0.103851,0.198064,0.093831,-0.00155808
-0.172449,-0.10382,0.197986,0.0938038,-0.00155563
-0.172362,-0.103789,0.197908,0.0937766,-0.00155317
-0.172274,-0.103758,0.197831,0.0937494,-0.00155073
-0.172186,-0.103726,0.197753,0.0937222,-0.00154829
-0.172099,-0.103695,0.197676,0.0936951,-0.00154586
-0.172012,-0.103664,0.197598,0.0936681,-0.00154343
-0.171924,-0.103633,0.197521,0.0936411,-0.00154101
-0.171837,-0.103602,0.197444,0.0936141,-0.0015386
-0.17175,-0.103571,0.197367,0.0935872,-0.0015362
-0.171663,-0.103539,0.19729,0.0935603,-0.0015338
-0.171576,-0.103508,0.197213,0.0935335,-0.0015314
-0.171489,-0.103477,0.197137,0.0935067,-0.00152902
-0.171403,-0.103446,0.19706,0.0934799,-0.00152664
-0.171316,-0.103414,0.196984,0.0934532,-0.00152426
-0.17123,-0.103383,0.196907,0.0934265,-0.00152189
-0.171143,-0.103352,0.196831,0.0933999,-0.00151953
-0.171057,-0.103321,0.196754,0.0933733,-0.00151717
-0.170971,-0.10329,0.196678,0.0933467,-0.00151483
-0.170884,-0.103258,0.196602,0.0933202,-0.00151248
-0.170798,-0.103227,0.196526,0.0932938,-0.00151014
-0.170712,-0.103196,0.19645,0.0932673,-0.00150781
-0.170626,-0.103165,0.196375,0.0932409,-0.00150549
-0.170541,-0.103133,0.196299,0.0932146,-0.00150317
-0.170455,-0.103102,0.196223,0.0931883,-0.00150086
-0.170369,-0.103071,0.196148,0.093162,-0.00149855
-0.170284,-0.10304,0.196072,0.0931358,-0.00149625
-0.170198,-0.103008,0.195997,0.0931096,-0.00149395
-0.170113,-0.102977,0.195922,0.0930835,-0.00149167
-0.170028,-0.102946,0.195846,0.0930574,-0.00148938
-0.169943,-0.102915,0.195771,0.0930313,-0.00148711
-0.169858,-0.102883,0.195696,0.0930053,-0.00148483
-0.169773,-0.102852,0.195622,0.0929793,-0.00148257
-0.169688,-0.102821,0.195547,0.0929534,-0.00148031
-0.169603,-0.102789,0.195472,0.0929274,-0.00147806
-0.169518,-0.102758,0.195397,0.0929016,-0.00147581
-0.169434,-0.102727,0.195323,0.0928758,-0.00147357
-0.169349,-0.102695,0.195248,0.09285,-0.00147133
-0.169265,-0.102664,0.195174,0.0928242,-0.0014691
-0.16918,-0.102633,0.1951,0.0927985,-0.00146687
-0.169096,-0.102602,0.195026,0.0927728,-0.00146466
-0.169012,-0.10257,0.194951,0.0927472,-0.00146244
-0.168928,-0.102539,0.194877,0.0927216,-0.00146023
-0.168844,-0.102508,0.194804,0.0926961,-0.00145803
-0.16876,-0.102476,0.19473,0.0926706,-0.00145584
-0.168676,-0.102445,0.194656,0.0926451,-0.00145364
-0.168593,-0.102414,0.194582,0.0926196,-0.00145146
-0.168509,-0.102382,0.194509,0.0925942,-0.00144928
-0.168425,-0.102351,0.194435,0.0925689,-0.00144711
-0.168342,-0.10232,0.194362,0.0925435,-0.00144494
-0.168259,-0.102288,0.194288,0.0925183,-0.00144277
-0.168175,-0.102257,0.194215,0.092493,-0.00144061
-0.168092,-0.102226,0.194142,0.0924678,-0.00143846
-0.168009,-0.102194,0.194069,0.0924426,-0.00143632
