0,-80,-80
0.005,-79.9999,-79.9999
0.01,-79.9996,-79.9998
0.015,-79.9994,-79.9997
0.02,-79.9991,-79.9996
0.025,-79.9988,-79.9995
0.03,-79.9985,-79.9994
0.035,-79.9983,-79.9992
0.04,-79.998,-79.9991
0.045,-79.9978,-79.999
0.05,-79.9975,-79.9989
0.055,-79.9973,-79.9988
0.06,-79.9971,-79.9987
0.065,-79.9969,-79.9986
0.07,-79.9967,-79.9984
0.075,-79.9965,-79.9983
0.08,-79.9963,-79.9982
0.085,-79.9962,-79.9981
0.09,-79.996,-79.9981
0.095,-79.9959,-79.998
0.1,-79.9957,-79.9979
0.105,-79.9956,-79.9978
0.11,-79.9954,-79.9977
0.115,-79.9953,-79.9976
0.12,-79.9952,-79.9975
0.125,-79.9951,-79.9975
0.13,-79.9949,-79.9974
0.135,-79.9948,-79.9973
0.14,-79.9947,-79.9972
0.145,-79.9946,-79.9971
0.15,-79.9945,-79.9971
0.155,-79.9944,-79.997
0.16,-79.9943,-79.9969
0.165,-79.9942,-79.9968
0.17,-79.9941,-79.9968
0.175,-79.994,-79.9967
0.18,-79.9939,-79.9966
0.185,-79.9939,-79.9966
0.19,-79.9938,-79.9965
0.195,-79.9937,-79.9964
0.2,-79.9936,-79.9964
0.205,-79.9935,-79.9963
0.21,-79.9934,-79.9962
0.215,-79.9934,-79.9962
0.22,-79.9933,-79.9961
0.225,-79.9932,-79.9961
0.23,-79.9931,-79.996
0.235,-79.9931,-79.9959
0.24,-79.993,-79.9959
0.245,-79.9929,-79.9958
0.25,-79.9929,-79.9958
0.255,-79.9928,-79.9957
0.26,-79.9927,-79.9957
0.265,-79.9927,-79.9956
0.27,-79.9926,-79.9955
0.275,-79.9925,-79.9955
0.28,-79.9925,-79.9954
0.285,-79.9924,-79.9954
0.29,-79.9924,-79.9953
0.295,-79.9923,-79.9953
0.3,-79.9922,-79.9952
0.305,-79.9922,-79.9952
0.31,-79.9921,-79.9951
0.315,-79.9921,-79.9951
0.32,-79.992,-79.995
0.325,-79.992,-79.995
0.33,-79.9919,-79.9949
0.335,-79.9918,-79.9949
0.34,-79.9918,-79.9948
0.345,-79.9917,-79.9948
0.35,-79.9917,-79.9947
0.355,-79.9916,-79.9947
0.36,-79.9916,-79.9946
0.365,-79.9915,-79.9946
0.37,-79.9915,-79.9945
0.375,-79.9914,-79.9945
0.38,-79.9914,-79.9944
0.385,-79.9913,-79.9944
0.39,-79.9913,-79.9944
0.395,-79.9912,-79.9943
0.4,-79.9912,-79.9943
0.405,-79.9911,-79.9942
0.41,-79.9911,-79.9942
0.415,-79.9911,-79.9941
0.42,-79.991,-79.9941
0.425,-79.991,-79.994
0.43,-79.9909,-79.994
0.435,-79.9909,-79.994
0.44,-79.9908,-79.9939
0.445,-79.9908,-79.9939
0.45,-79.9907,-79.9938
0.455,-79.9907,-79.9938
0.46,-79.9907,-79.9938
0.465,-79.9906,-79.9937
0.47,-79.9906,-79.9937
0.475,-79.9905,-79.9936
0.48,-79.9905,-79.9936
0.485,-79.9904,-79.9936
0.49,-79.9904,-79.9935
0.495,-79.9904,-79.9935
0.5,-79.9903,-79.9934
0.505,-79.9903,-79.9934
0.51,-79.9902,-79.9934
0.515,-79.9902,-79.9933
0.52,-79.9902,-79.9933
0.525,-79.9901,-79.9932
0.53,-79.9901,-79.9932
0.535,-79.9901,-79.9932
0.54,-79.99,-79.9931
0.545,-79.99,-79.9931
0.55,-79.9899,-79.9931
0.555,-79.9899,-79.993
0.56,-79.9899,-79.993
0.565,-79.9898,-79.993
0.57,-79.9898,-79.9929
0.575,-79.9897,-79.9929
0.58,-79.9897,-79.9928
0.585,-79.9897,-79.9928
0.59,-79.9896,-79.9928
0.595,-79.9896,-79.9927
0.6,-79.9896,-79.9927
0.605,-79.9895,-79.9927
0.61,-79.9895,-79.9926
0.615,-79.9895,-79.9926
0.62,-79.9894,-79.9926
0.625,-79.9894,-79.9925
0.63,-79.9894,-79.9925
0.635,-79.9893,-79.9925
0.64,-79.9893,-79.9924
0.645,-79.9893,-79.9924
0.65,-79.9892,-79.9924
0.655,-79.9892,-79.9923
0.66,-79.9892,-79.9923
0.665,-79.9891,-79.9923
0.67,-79.9891,-79.9922
0.675,-79.9891,-79.9922
0.68,-79.989,-79.9922
0.685,-79.989,-79.9921
0.69,-79.989,-79.9921
0.695,-79.9889,-79.9921
0.7,-79.9889,-79.992
0.705,-79.9889,-79.992
0.71,-79.9888,-79.992
0.715,-79.9888,-79.992
0.72,-79.9888,-79.9919
0.725,-79.9887,-79.9919
0.73,-79.9887,-79.9919
0.735,-79.9887,-79.9918
0.74,-79.9886,-79.9918
0.745,-79.9886,-79.9918
0.75,-79.9886,-79.9917
0.755,-79.9885,-79.9917
0.76,-79.9885,-79.9917
0.765,-79.9885,-79.9916
0.77,-79.9885,-79.9916
0.775,-79.9884,-79.9916
0.78,-79.9884,-79.9916
0.785,-79.9884,-79.9915
0.79,-79.9883,-79.9915
0.795,-79.9883,-79.9915
0.8,-79.9883,-79.9914
0.805,-79.9882,-79.9914
0.81,-79.9882,-79.9914
0.815,-79.9882,-79.9913
0.82,-79.9882,-79.9913
0.825,-79.9881,-79.9913
0.83,-79.9881,-79.9913
0.835,-79.9881,-79.9912
0.84,-79.988,-79.9912
0.845,-79.988,-79.9912
0.85,-79.988,-79.9911
0.855,-79.988,-79.9911
0.86,-79.9879,-79.9911
0.865,-79.9879,-79.9911
0.87,-79.9879,-79.991
0.875,-79.9878,-79.991
0.88,-79.9878,-79.991
0.885,-79.9878,-79.991
0.89,-79.9878,-79.9909
0.895,-79.9877,-79.9909
0.9,-79.9877,-79.9909
0.905,-79.9877,-79.9908
0.91,-79.9877,-79.9908
0.915,-79.9876,-79.9908
0.92,-79.9876,-79.9908
0.925,-79.9876,-79.9907
0.93,-79.9875,-79.9907
0.935,-79.9875,-79.9907
0.94,-79.9875,-79.9907
0.945,-79.9875,-79.9906
0.95,-79.9874,-79.9906
0.955,-79.9874,-79.9906
0.96,-79.9874,-79.9905
0.965,-79.9874,-79.9905
0.97,-79.9873,-79.9905
0.975,-79.9873,-79.9905
0.98,-79.9873,-79.9904
0.985,-79.9873,-79.9904
0.99,-79.9872,-79.9904
0.995,-79.9872,-79.9904
1,-79.9872,-79.9903
1.005,-79.9872,-79.9903
1.01,-79.9871,-79.9903
1.015,-79.9871,-79.9903
1.02,-79.9871,-79.9902
1.025,-79.9871,-79.9902
1.03,-79.987,-79.9902
1.035,-79.987,-79.9902
1.04,-79.987,-79.9901
1.045,-79.9869,-79.9901
1.05,-79.9869,-79.9901
1.055,-79.9869,-79.9901
1.06,-79.9868,-79.99
1.065,-79.9868,-79.99
1.07,-79.9867,-79.9899
1.075,-79.9866,-79.9899
1.08,-79.9865,-79.9898
1.085,-79.9864,-79.9898
1.09,-79.9863,-79.9897
1.095,-79.9861,-79.9896
1.1,-79.986,-79.9895
1.105,-79.9857,-79.9894
1.11,-79.9855,-79.9893
1.115,-79.9852,-79.9891
1.12,-79.9848,-79.989
1.125,-79.9844,-79.9887
1.13,-79.9839,-79.9885
1.135,-79.9832,-79.9882
1.14,-79.9825,-79.9879
1.145,-79.9816,-79.9874
1.15,-79.9805,-79.9869
1.155,-79.9793,-79.9864
1.16,-79.9778,-79.9857
1.165,-79.976,-79.9848
1.17,-79.9738,-79.9838
1.175,-79.9712,-79.9826
1.18,-79.9682,-79.9812
1.185,-79.9645,-79.9795
1.19,-79.9601,-79.9775
1.195,-79.9548,-79.9751
1.2,-79.9485,-79.9722
1.205,-79.941,-79.9688
1.21,-79.932,-79.9647
1.215,-79.9213,-79.9598
1.22,-79.9084,-79.9539
1.225,-79.893,-79.9468
1.23,-79.8746,-79.9384
1.235,-79.8526,-79.9284
1.24,-79.8263,-79.9163
1.245,-79.7948,-79.9019
1.25,-79.757,-79.8847
1.255,-79.712,-79.8641
1.26,-79.6581,-79.8395
1.265,-79.5935,-79.8099
1.27,-79.5161,-79.7746
1.275,-79.4237,-79.7324
1.28,-79.3134,-79.682
1.285,-79.1814,-79.6217
1.29,-79.0227,-79.5492
1.295,-78.8329,-79.4625
1.3,-78.607,-79.3593
1.305,-78.3375,-79.2362
1.31,-78.0134,-79.0881
1.315,-77.6236,-78.9102
1.32,-77.1597,-78.6983
1.325,-76.61,-78.447
1.33,-75.9518,-78.1462
1.335,-75.1552,-77.7826
1.34,-74.2014,-77.3471
1.345,-73.079,-76.834
1.35,-71.7528,-76.227
1.355,-70.1495,-75.4942
1.36,-68.204,-74.6062
1.365,-65.9201,-73.562
1.37,-63.2947,-72.3574
1.375,-60.2054,-70.9389
1.38,-56.471,-69.2274
1.385,-52.1533,-67.2438
1.39,-47.7219,-65.1786
1.395,-43.6199,-63.2154
1.4,-39.9872,-61.4161
1.405,-36.7769,-59.7666
1.41,-33.9211,-58.2436
1.415,-31.4095,-56.847
1.42,-29.2508,-55.5842
1.425,-27.4276,-54.4519
1.43,-25.8987,-53.4365
1.435,-24.6206,-52.5228
1.44,-23.5623,-51.7006
1.445,-22.7022,-50.9628
1.45,-22.0199,-50.3029
1.455,-21.4939,-49.7133
1.46,-21.1038,-49.1869
1.465,-20.8327,-48.7177
1.47,-20.6676,-48.301
1.475,-20.597,-47.9328
1.48,-20.6106,-47.6092
1.485,-20.6991,-47.3269
1.49,-20.8542,-47.0828
1.495,-21.0691,-46.8741
1.5,-21.338,-46.6987
1.505,-21.6555,-46.5543
1.51,-22.0167,-46.4391
1.515,-22.4174,-46.3513
1.52,-22.8536,-46.289
1.525,-23.3219,-46.251
1.53,-23.819,-46.2357
1.535,-24.342,-46.2417
1.54,-24.8881,-46.2678
1.545,-25.4548,-46.3127
1.55,-26.0395,-46.3753
1.555,-26.6401,-46.4545
1.56,-27.2544,-46.549
1.565,-27.8804,-46.658
1.57,-28.5161,-46.7803
1.575,-29.1599,-46.915
1.58,-29.8099,-47.0612
1.585,-30.4647,-47.2179
1.59,-31.1226,-47.3843
1.595,-31.7824,-47.5596
1.6,-32.4426,-47.743
1.605,-33.1022,-47.9337
1.61,-33.7599,-48.1309
1.615,-34.4147,-48.3341
1.62,-35.0657,-48.5425
1.625,-35.7121,-48.7556
1.63,-36.3529,-48.9727
1.635,-36.9876,-49.1934
1.64,-37.6155,-49.4171
1.645,-38.236,-49.6434
1.65,-38.8486,-49.8717
1.655,-39.453,-50.1018
1.66,-40.0486,-50.3332
1.665,-40.6353,-50.5655
1.67,-41.2127,-50.7984
1.675,-41.7807,-51.0317
1.68,-42.3389,-51.265
1.685,-42.8874,-51.4981
1.69,-43.4259,-51.7307
1.695,-43.9544,-51.9626
1.7,-44.4728,-52.1936
1.705,-44.9812,-52.4236
1.71,-45.4795,-52.6523
1.715,-45.9677,-52.8796
1.72,-46.4459,-53.1053
1.725,-46.9142,-53.3294
1.73,-47.3725,-53.5516
1.735,-47.8211,-53.772
1.74,-48.26,-53.9904
1.745,-48.6893,-54.2067
1.75,-49.1092,-54.4209
1.755,-49.5197,-54.6328
1.76,-49.9211,-54.8425
1.765,-50.3135,-55.0499
1.77,-50.697,-55.2549
1.775,-51.0718,-55.4575
1.78,-51.4381,-55.6577
1.785,-51.796,-55.8555
1.79,-52.1458,-56.0509
1.795,-52.4876,-56.2438
1.8,-52.8216,-56.4342
1.805,-53.148,-56.6222
1.81,-53.467,-56.8078
1.815,-53.7787,-56.9909
1.82,-54.0833,-57.1716
1.825,-54.3811,-57.35
1.83,-54.6722,-57.5259
1.835,-54.9568,-57.6994
1.84,-55.235,-57.8707
1.845,-55.5072,-58.0396
1.85,-55.7733,-58.2062
1.855,-56.0336,-58.3706
1.86,-56.2883,-58.5328
1.865,-56.5375,-58.6928
1.87,-56.7814,-58.8506
1.875,-57.0201,-59.0062
1.88,-57.2538,-59.1598
1.885,-57.4826,-59.3113
1.89,-57.7067,-59.4608
1.895,-57.9262,-59.6083
1.9,-58.1412,-59.7538
1.905,-58.3519,-59.8973
1.91,-58.5584,-60.0389
1.915,-58.7608,-60.1787
1.92,-58.9592,-60.3166
1.925,-59.1537,-60.4527
1.93,-59.3444,-60.587
1.935,-59.5315,-60.7196
1.94,-59.7151,-60.8504
1.945,-59.8951,-60.9795
1.95,-60.0718,-61.1069
1.955,-60.2452,-61.2327
1.96,-60.4154,-61.3568
1.965,-60.5825,-61.4794
1.97,-60.7465,-61.6004
1.975,-60.9076,-61.7198
1.98,-61.0658,-61.8377
1.985,-61.2211,-61.9541
1.99,-61.3738,-62.0691
1.995,-61.5237,-62.1825
2,-61.671,-62.2946
2.005,-61.8157,-62.4052
2.01,-61.958,-62.5145
2.015,-62.0978,-62.6224
2.02,-62.2352,-62.7289
2.025,-62.3703,-62.8341
2.03,-62.5031,-62.938
2.035,-62.6337,-63.0407
2.04,-62.7621,-63.142
2.045,-62.8884,-63.2421
2.05,-63.0126,-63.341
2.055,-63.1347,-63.4387
2.06,-63.2549,-63.5352
2.065,-63.3731,-63.6305
2.07,-63.4895,-63.7246
2.075,-63.6039,-63.8176
2.08,-63.7166,-63.9095
2.085,-63.8274,-64.0003
2.09,-63.9366,-64.09
2.095,-64.044,-64.1787
2.1,-64.1497,-64.2663
2.105,-64.2538,-64.3528
2.11,-64.3563,-64.4383
2.115,-64.4572,-64.5228
2.12,-64.5566,-64.6063
2.125,-64.6545,-64.6889
2.13,-64.7509,-64.7704
2.135,-64.8459,-64.8511
2.14,-64.9394,-64.9307
2.145,-65.0316,-65.0095
2.15,-65.1224,-65.0874
2.155,-65.2119,-65.1644
2.16,-65.3001,-65.2404
2.165,-65.387,-65.3157
2.17,-65.4726,-65.39
2.175,-65.5571,-65.4636
2.18,-65.6403,-65.5363
2.185,-65.7223,-65.6081
2.19,-65.8033,-65.6792
2.195,-65.883,-65.7495
2.2,-65.9617,-65.819
2.205,-66.0393,-65.8878
2.21,-66.1158,-65.9558
2.215,-66.1913,-66.023
2.22,-66.2658,-66.0895
2.225,-66.3392,-66.1553
2.23,-66.4117,-66.2204
2.235,-66.4833,-66.2848
2.24,-66.5538,-66.3484
2.245,-66.6235,-66.4115
2.25,-66.6922,-66.4738
2.255,-66.7601,-66.5355
2.26,-66.8271,-66.5965
2.265,-66.8932,-66.6569
2.27,-66.9585,-66.7166
2.275,-67.023,-66.7758
2.28,-67.0867,-66.8343
2.285,-67.1495,-66.8922
2.29,-67.2116,-66.9495
2.295,-67.2729,-67.0063
2.3,-67.3335,-67.0624
2.305,-67.3934,-67.118
2.31,-67.4525,-67.1731
2.315,-67.5109,-67.2275
2.32,-67.5687,-67.2815
2.325,-67.6257,-67.3349
2.33,-67.6821,-67.3877
2.335,-67.7378,-67.4401
2.34,-67.7929,-67.4919
2.345,-67.8473,-67.5433
2.35,-67.9011,-67.5941
2.355,-67.9543,-67.6445
2.36,-68.007,-67.6943
2.365,-68.059,-67.7437
2.37,-68.1104,-67.7926
2.375,-68.1613,-67.8411
2.38,-68.2116,-67.889
2.385,-68.2614,-67.9366
2.39,-68.3106,-67.9837
2.395,-68.3593,-68.0303
2.4,-68.4074,-68.0766
2.405,-68.4551,-68.1224
2.41,-68.5023,-68.1677
2.415,-68.5489,-68.2127
2.42,-68.5951,-68.2573
2.425,-68.6408,-68.3014
2.43,-68.686,-68.3452
2.435,-68.7308,-68.3885
2.44,-68.7751,-68.4315
2.445,-68.8189,-68.4741
2.45,-68.8623,-68.5163
2.455,-68.9053,-68.5582
2.46,-68.9479,-68.5997
2.465,-68.99,-68.6408
2.47,-69.0317,-68.6816
2.475,-69.073,-68.722
2.48,-69.114,-68.762
2.485,-69.1545,-68.8018
2.49,-69.1946,-68.8411
2.495,-69.2344,-68.8802
2.5,-69.2738,-68.9189
2.505,-69.3128,-68.9573
2.51,-69.3514,-68.9954
2.515,-69.3897,-69.0332
2.52,-69.4276,-69.0706
2.525,-69.4652,-69.1078
2.53,-69.5025,-69.1446
2.535,-69.5394,-69.1812
2.54,-69.5759,-69.2174
2.545,-69.6122,-69.2534
2.55,-69.6481,-69.289
2.555,-69.6837,-69.3244
2.56,-69.719,-69.3595
2.565,-69.754,-69.3943
2.57,-69.7887,-69.4289
2.575,-69.8231,-69.4631
2.58,-69.8571,-69.4971
2.585,-69.8909,-69.5309
2.59,-69.9245,-69.5643
2.595,-69.9577,-69.5976
2.6,-69.9906,-69.6305
2.605,-70.0233,-69.6632
2.61,-70.0557,-69.6957
2.615,-70.0878,-69.7279
2.62,-70.1197,-69.7599
2.625,-70.1513,-69.7916
2.63,-70.1826,-69.8231
2.635,-70.2137,-69.8544
2.64,-70.2446,-69.8854
2.645,-70.2752,-69.9163
2.65,-70.3055,-69.9468
2.655,-70.3357,-69.9772
2.66,-70.3655,-70.0073
2.665,-70.3952,-70.0372
2.67,-70.4246,-70.0669
2.675,-70.4538,-70.0964
2.68,-70.4828,-70.1257
2.685,-70.5115,-70.1548
2.69,-70.54,-70.1836
2.695,-70.5683,-70.2123
2.7,-70.5964,-70.2408
2.705,-70.6243,-70.269
2.71,-70.652,-70.2971
2.715,-70.6794,-70.325
2.72,-70.7067,-70.3526
2.725,-70.7338,-70.3801
2.73,-70.7606,-70.4074
2.735,-70.7873,-70.4345
2.74,-70.8138,-70.4615
2.745,-70.8401,-70.4882
2.75,-70.8662,-70.5148
2.755,-70.8921,-70.5412
2.76,-70.9178,-70.5674
2.765,-70.9434,-70.5934
2.77,-70.9687,-70.6193
2.775,-70.9939,-70.645
2.78,-71.0189,-70.6705
2.785,-71.0438,-70.6959
2.79,-71.0685,-70.7211
2.795,-71.093,-70.7461
2.8,-71.1173,-70.771
2.805,-71.1415,-70.7957
2.81,-71.1655,-70.8203
2.815,-71.1893,-70.8447
2.82,-71.213,-70.8689
2.825,-71.2365,-70.893
2.83,-71.2599,-70.917
2.835,-71.2831,-70.9408
2.84,-71.3062,-70.9644
2.845,-71.3291,-70.9879
2.85,-71.3518,-71.0113
2.855,-71.3745,-71.0345
2.86,-71.3969,-71.0575
2.865,-71.4193,-71.0805
2.87,-71.4414,-71.1033
2.875,-71.4635,-71.1259
2.88,-71.4854,-71.1484
2.885,-71.5071,-71.1708
2.89,-71.5288,-71.193
2.895,-71.5503,-71.2152
2.9,-71.5716,-71.2371
2.905,-71.5929,-71.259
2.91,-71.614,-71.2807
2.915,-71.6349,-71.3023
2.92,-71.6558,-71.3238
2.925,-71.6765,-71.3451
2.93,-71.6971,-71.3663
2.935,-71.7175,-71.3874
2.94,-71.7379,-71.4084
2.945,-71.7581,-71.4292
2.95,-71.7782,-71.45
2.955,-71.7981,-71.4706
2.96,-71.818,-71.4911
2.965,-71.8378,-71.5115
2.97,-71.8574,-71.5318
2.975,-71.8769,-71.5519
2.98,-71.8963,-71.572
2.985,-71.9156,-71.5919
2.99,-71.9348,-71.6117
2.995,-71.9538,-71.6314
3,-71.9728,-71.651
3.005,-71.9916,-71.6705
3.01,-72.0104,-71.6899
3.015,-72.029,-71.7092
3.02,-72.0476,-71.7284
3.025,-72.066,-71.7475
3.03,-72.0843,-71.7664
3.035,-72.1025,-71.7853
3.04,-72.1207,-71.8041
3.045,-72.1387,-71.8228
3.05,-72.1566,-71.8413
3.055,-72.1745,-71.8598
3.06,-72.1922,-71.8782
3.065,-72.2098,-71.8965
3.07,-72.2274,-71.9147
3.075,-72.2448,-71.9328
3.08,-72.2622,-71.9508
3.085,-72.2795,-71.9687
3.09,-72.2966,-71.9865
3.095,-72.3137,-72.0042
3.1,-72.3307,-72.0219
3.105,-72.3476,-72.0394
3.11,-72.3644,-72.0569
3.115,-72.3812,-72.0742
3.12,-72.3978,-72.0915
3.125,-72.4144,-72.1087
3.13,-72.4308,-72.1258
3.135,-72.4472,-72.1428
3.14,-72.4635,-72.1598
3.145,-72.4798,-72.1766
3.15,-72.4959,-72.1934
3.155,-72.5119,-72.2101
3.16,-72.5279,-72.2267
3.165,-72.5438,-72.2432
3.17,-72.5596,-72.2597
3.175,-72.5754,-72.276
3.18,-72.5911,-72.2923
3.185,-72.6066,-72.3085
3.19,-72.6222,-72.3247
3.195,-72.6376,-72.3407
3.2,-72.653,-72.3567
3.205,-72.6682,-72.3726
3.21,-72.6835,-72.3885
3.215,-72.6986,-72.4042
3.22,-72.7137,-72.4199
3.225,-72.7287,-72.4355
3.23,-72.7436,-72.451
3.235,-72.7584,-72.4665
3.24,-72.7732,-72.4819
3.245,-72.7879,-72.4972
3.25,-72.8026,-72.5125
3.255,-72.8172,-72.5277
3.26,-72.8317,-72.5428
3.265,-72.8461,-72.5578
3.27,-72.8605,-72.5728
3.275,-72.8748,-72.5877
3.28,-72.8891,-72.6026
3.285,-72.9032,-72.6173
3.29,-72.9174,-72.632
3.295,-72.9314,-72.6467
3.3,-72.9454,-72.6613
3.305,-72.9593,-72.6758
3.31,-72.9732,-72.6902
3.315,-72.987,-72.7046
3.32,-73.0007,-72.7189
3.325,-73.0144,-72.7332
3.33,-73.028,-72.7474
3.335,-73.0416,-72.7616
3.34,-73.0551,-72.7756
3.345,-73.0685,-72.7896
3.35,-73.0819,-72.8036
3.355,-73.0953,-72.8175
3.36,-73.1085,-72.8313
3.365,-73.1217,-72.8451
3.37,-73.1349,-72.8588
3.375,-73.148,-72.8725
3.38,-73.161,-72.8861
3.385,-73.174,-72.8997
3.39,-73.187,-72.9132
3.395,-73.1998,-72.9266
3.4,-73.2127,-72.94
3.405,-73.2254,-72.9533
3.41,-73.2381,-72.9666
3.415,-73.2508,-72.9798
3.42,-73.2634,-72.9929
3.425,-73.276,-73.0061
3.43,-73.2885,-73.0191
3.435,-73.3009,-73.0321
3.44,-73.3134,-73.0451
3.445,-73.3257,-73.0579
3.45,-73.338,-73.0708
3.455,-73.3503,-73.0836
3.46,-73.3625,-73.0963
3.465,-73.3746,-73.109
3.47,-73.3867,-73.1217
3.475,-73.3988,-73.1342
3.48,-73.4108,-73.1468
3.485,-73.4228,-73.1593
3.49,-73.4347,-73.1717
3.495,-73.4466,-73.1841
3.5,-73.4584,-73.1964
3.505,-73.4702,-73.2087
3.51,-73.4819,-73.221
3.515,-73.4936,-73.2332
3.52,-73.5052,-73.2453
3.525,-73.5168,-73.2575
3.53,-73.5284,-73.2695
3.535,-73.5399,-73.2815
3.54,-73.5514,-73.2935
3.545,-73.5628,-73.3054
3.55,-73.5742,-73.3173
3.555,-73.5855,-73.3291
3.56,-73.5968,-73.3409
3.565,-73.608,-73.3527
3.57,-73.6193,-73.3644
3.575,-73.6304,-73.376
3.58,-73.6415,-73.3876
3.585,-73.6526,-73.3992
3.59,-73.6637,-73.4107
3.595,-73.6747,-73.4222
3.6,-73.6856,-73.4337
3.605,-73.6965,-73.4451
3.61,-73.7074,-73.4564
3.615,-73.7183,-73.4677
3.62,-73.7291,-73.479
3.625,-73.7398,-73.4902
3.63,-73.7505,-73.5014
3.635,-73.7612,-73.5126
3.64,-73.7719,-73.5237
3.645,-73.7825,-73.5348
3.65,-73.7931,-73.5458
3.655,-73.8036,-73.5568
3.66,-73.8141,-73.5678
3.665,-73.8245,-73.5787
3.67,-73.835,-73.5896
3.675,-73.8454,-73.6004
3.68,-73.8557,-73.6112
3.685,-73.866,-73.622
3.69,-73.8763,-73.6327
3.695,-73.8865,-73.6434
3.7,-73.8967,-73.654
3.705,-73.9069,-73.6646
3.71,-73.917,-73.6752
3.715,-73.9271,-73.6858
3.72,-73.9372,-73.6963
3.725,-73.9472,-73.7067
3.73,-73.9572,-73.7172
3.735,-73.9672,-73.7276
3.74,-73.9771,-73.7379
3.745,-73.987,-73.7483
3.75,-73.9969,-73.7585
3.755,-74.0067,-73.7688
3.76,-74.0165,-73.779
3.765,-74.0263,-73.7892
3.77,-74.036,-73.7994
3.775,-74.0457,-73.8095
3.78,-74.0554,-73.8196
3.785,-74.065,-73.8296
3.79,-74.0746,-73.8396
3.795,-74.0842,-73.8496
3.8,-74.0937,-73.8596
3.805,-74.1032,-73.8695
3.81,-74.1127,-73.8794
3.815,-74.1222,-73.8893
3.82,-74.1316,-73.8991
3.825,-74.141,-73.9089
3.83,-74.1503,-73.9186
3.835,-74.1596,-73.9284
3.84,-74.1689,-73.938
3.845,-74.1782,-73.9477
3.85,-74.1874,-73.9574
3.855,-74.1967,-73.9669
3.86,-74.2058,-73.9765
3.865,-74.215,-73.9861
3.87,-74.2241,-73.9956
3.875,-74.2332,-74.0051
3.88,-74.2423,-74.0145
3.885,-74.2513,-74.0239
3.89,-74.2603,-74.0333
3.895,-74.2693,-74.0427
3.9,-74.2782,-74.052
3.905,-74.2872,-74.0613
3.91,-74.2961,-74.0706
3.915,-74.3049,-74.0798
3.92,-74.3138,-74.0891
3.925,-74.3226,-74.0983
3.93,-74.3314,-74.1074
3.935,-74.3401,-74.1165
3.94,-74.3489,-74.1256
3.945,-74.3576,-74.1347
3.95,-74.3663,-74.1438
3.955,-74.3749,-74.1528
3.96,-74.3836,-74.1618
3.965,-74.3922,-74.1707
3.97,-74.4007,-74.1797
3.975,-74.4093,-74.1886
3.98,-74.4178,-74.1975
3.985,-74.4263,-74.2063
3.99,-74.4348,-74.2152
3.995,-74.4433,-74.224
4,-74.4517,-74.2327
4.005,-74.4601,-74.2415
4.01,-74.4685,-74.2502
4.015,-74.4768,-74.2589
4.02,-74.4852,-74.2676
4.025,-74.4935,-74.2763
4.03,-74.5017,-74.2849
4.035,-74.51,-74.2935
4.04,-74.5182,-74.302
4.045,-74.5264,-74.3106
4.05,-74.5346,-74.3191
4.055,-74.5428,-74.3276
4.06,-74.5509,-74.3361
4.065,-74.559,-74.3445
4.07,-74.5671,-74.353
4.075,-74.5752,-74.3614
4.08,-74.5833,-74.3697
4.085,-74.5913,-74.3781
4.09,-74.5993,-74.3864
4.095,-74.6073,-74.3947
4.1,-74.6152,-74.403
4.105,-74.6232,-74.4113
4.11,-74.6311,-74.4195
4.115,-74.639,-74.4277
4.12,-74.6468,-74.4359
4.125,-74.6547,-74.444
4.13,-74.6625,-74.4522
4.135,-74.6703,-74.4603
4.14,-74.6781,-74.4684
4.145,-74.6858,-74.4765
4.15,-74.6936,-74.4845
4.155,-74.7013,-74.4925
4.16,-74.709,-74.5006
4.165,-74.7167,-74.5085
4.17,-74.7243,-74.5165
4.175,-74.732,-74.5244
4.18,-74.7396,-74.5323
4.185,-74.7472,-74.5402
4.19,-74.7548,-74.5481
4.195,-74.7623,-74.556
4.2,-74.7698,-74.5638
4.205,-74.7774,-74.5716
4.21,-74.7848,-74.5794
4.215,-74.7923,-74.5872
4.22,-74.7998,-74.5949
4.225,-74.8072,-74.6026
4.23,-74.8146,-74.6103
4.235,-74.822,-74.618
4.24,-74.8294,-74.6257
4.245,-74.8367,-74.6333
4.25,-74.8441,-74.6409
4.255,-74.8514,-74.6485
4.26,-74.8587,-74.6561
4.265,-74.866,-74.6637
4.27,-74.8732,-74.6712
4.275,-74.8805,-74.6787
4.28,-74.8877,-74.6862
4.285,-74.8949,-74.6937
4.29,-74.9021,-74.7012
4.295,-74.9092,-74.7086
4.3,-74.9164,-74.716
4.305,-74.9235,-74.7235
4.31,-74.9306,-74.7308
4.315,-74.9377,-74.7382
4.32,-74.9448,-74.7455
4.325,-74.9519,-74.7529
4.33,-74.9589,-74.7602
4.335,-74.9659,-74.7675
4.34,-74.9729,-74.7747
4.345,-74.9799,-74.782
4.35,-74.9869,-74.7892
4.355,-74.9938,-74.7964
4.36,-75.0008,-74.8036
4.365,-75.0077,-74.8108
4.37,-75.0146,-74.818
4.375,-75.0215,-74.8251
4.38,-75.0283,-74.8322
4.385,-75.0352,-74.8393
4.39,-75.042,-74.8464
4.395,-75.0488,-74.8535
4.4,-75.0556,-74.8605
4.405,-75.0624,-74.8676
4.41,-75.0692,-74.8746
4.415,-75.0759,-74.8816
4.42,-75.0826,-74.8885
4.425,-75.0894,-74.8955
4.43,-75.0961,-74.9025
4.435,-75.1027,-74.9094
4.44,-75.1094,-74.9163
4.445,-75.1161,-74.9232
4.45,-75.1227,-74.9301
4.455,-75.1293,-74.9369
4.46,-75.1359,-74.9438
4.465,-75.1425,-74.9506
4.47,-75.1491,-74.9574
4.475,-75.1556,-74.9642
4.48,-75.1622,-74.971
4.485,-75.1687,-74.9777
4.49,-75.1752,-74.9845
4.495,-75.1817,-74.9912
4.5,-75.1882,-74.9979
4.505,-75.1946,-75.0046
4.51,-75.2011,-75.0113
4.515,-75.2075,-75.0179
4.52,-75.2139,-75.0246
4.525,-75.2203,-75.0312
4.53,-75.2267,-75.0378
4.535,-75.2331,-75.0444
4.54,-75.2394,-75.051
4.545,-75.2458,-75.0576
4.55,-75.2521,-75.0641
4.555,-75.2584,-75.0707
4.56,-75.2647,-75.0772
4.565,-75.271,-75.0837
4.57,-75.2773,-75.0902
4.575,-75.2835,-75.0966
4.58,-75.2897,-75.1031
4.585,-75.296,-75.1095
4.59,-75.3022,-75.116
4.595,-75.3084,-75.1224
4.6,-75.3146,-75.1288
4.605,-75.3207,-75.1352
4.61,-75.3269,-75.1415
4.615,-75.333,-75.1479
4.62,-75.3391,-75.1542
4.625,-75.3453,-75.1606
4.63,-75.3514,-75.1669
4.635,-75.3574,-75.1732
4.64,-75.3635,-75.1794
4.645,-75.3696,-75.1857
4.65,-75.3756,-75.1919
4.655,-75.3817,-75.1982
4.66,-75.3877,-75.2044
4.665,-75.3937,-75.2106
4.67,-75.3997,-75.2168
4.675,-75.4056,-75.223
4.68,-75.4116,-75.2292
4.685,-75.4176,-75.2353
4.69,-75.4235,-75.2414
4.695,-75.4294,-75.2476
4.7,-75.4353,-75.2537
4.705,-75.4412,-75.2598
4.71,-75.4471,-75.2659
4.715,-75.453,-75.2719
4.72,-75.4588,-75.278
4.725,-75.4647,-75.284
4.73,-75.4705,-75.2901
4.735,-75.4763,-75.2961
4.74,-75.4822,-75.3021
4.745,-75.488,-75.3081
4.75,-75.4937,-75.314
4.755,-75.4995,-75.32
4.76,-75.5053,-75.3259
4.765,-75.511,-75.3319
4.77,-75.5167,-75.3378
4.775,-75.5225,-75.3437
4.78,-75.5282,-75.3496
4.785,-75.5339,-75.3555
4.79,-75.5396,-75.3614
4.795,-75.5452,-75.3672
4.8,-75.5509,-75.3731
4.805,-75.5565,-75.3789
4.81,-75.5622,-75.3847
4.815,-75.5678,-75.3905
4.82,-75.5734,-75.3963
4.825,-75.579,-75.4021
4.83,-75.5846,-75.4079
4.835,-75.5902,-75.4136
4.84,-75.5957,-75.4194
4.845,-75.6013,-75.4251
4.85,-75.6068,-75.4308
4.855,-75.6124,-75.4365
4.86,-75.6179,-75.4422
4.865,-75.6234,-75.4479
4.87,-75.6289,-75.4536
4.875,-75.6344,-75.4592
4.88,-75.6399,-75.4649
4.885,-75.6453,-75.4705
4.89,-75.6508,-75.4761
4.895,-75.6562,-75.4818
4.9,-75.6616,-75.4874
4.905,-75.667,-75.4929
4.91,-75.6725,-75.4985
4.915,-75.6778,-75.5041
4.92,-75.6832,-75.5096
4.925,-75.6886,-75.5152
4.93,-75.694,-75.5207
4.935,-75.6993,-75.5262
4.94,-75.7047,-75.5317
4.945,-75.71,-75.5372
4.95,-75.7153,-75.5427
4.955,-75.7206,-75.5482
4.96,-75.7259,-75.5536
4.965,-75.7312,-75.5591
4.97,-75.7365,-75.5645
4.975,-75.7417,-75.5699
4.98,-75.747,-75.5754
4.985,-75.7522,-75.5808
4.99,-75.7575,-75.5862
4.995,-75.7627,-75.5915
5,-75.7679,-75.5969
5.005,-75.7731,-75.6023
5.01,-75.7783,-75.6076
5.015,-75.7835,-75.6129
5.02,-75.7886,-75.6183
5.025,-75.7938,-75.6236
5.03,-75.799,-75.6289
5.035,-75.8041,-75.6342
5.04,-75.8092,-75.6395
5.045,-75.8143,-75.6447
5.05,-75.8195,-75.65
5.055,-75.8246,-75.6553
5.06,-75.8296,-75.6605
5.065,-75.8347,-75.6657
5.07,-75.8398,-75.671
5.075,-75.8448,-75.6762
5.08,-75.8499,-75.6814
5.085,-75.8549,-75.6865
5.09,-75.86,-75.6917
5.095,-75.865,-75.6969
5.1,-75.87,-75.7021
5.105,-75.875,-75.7072
5.11,-75.88,-75.7123
5.115,-75.885,-75.7175
5.12,-75.8899,-75.7226
5.125,-75.8949,-75.7277
5.13,-75.8999,-75.7328
5.135,-75.9048,-75.7379
5.14,-75.9097,-75.743
5.145,-75.9147,-75.748
5.15,-75.9196,-75.7531
5.155,-75.9245,-75.7581
5.16,-75.9294,-75.7632
5.165,-75.9343,-75.7682
5.17,-75.9391,-75.7732
5.175,-75.944,-75.7782
5.18,-75.9489,-75.7832
5.185,-75.9537,-75.7882
5.19,-75.9586,-75.7932
5.195,-75.9634,-75.7981
5.2,-75.9682,-75.8031
5.205,-75.973,-75.8081
5.21,-75.9778,-75.813
5.215,-75.9826,-75.8179
5.22,-75.9874,-75.8229
5.225,-75.9922,-75.8278
5.23,-75.997,-75.8327
5.235,-76.0017,-75.8376
5.24,-76.0065,-75.8424
5.245,-76.0112,-75.8473
5.25,-76.0159,-75.8522
5.255,-76.0207,-75.857
5.26,-76.0254,-75.8619
5.265,-76.0301,-75.8667
5.27,-76.0348,-75.8716
5.275,-76.0395,-75.8764
5.28,-76.0442,-75.8812
5.285,-76.0488,-75.886
5.29,-76.0535,-75.8908
5.295,-76.0581,-75.8956
5.3,-76.0628,-75.9003
5.305,-76.0674,-75.9051
5.31,-76.0721,-75.9099
5.315,-76.0767,-75.9146
5.32,-76.0813,-75.9193
5.325,-76.0859,-75.9241
5.33,-76.0905,-75.9288
5.335,-76.0951,-75.9335
5.34,-76.0997,-75.9382
5.345,-76.1042,-75.9429
5.35,-76.1088,-75.9476
5.355,-76.1133,-75.9523
5.36,-76.1179,-75.9569
5.365,-76.1224,-75.9616
5.37,-76.127,-75.9662
5.375,-76.1315,-75.9709
5.38,-76.136,-75.9755
5.385,-76.1405,-75.9801
5.39,-76.145,-75.9848
5.395,-76.1495,-75.9894
5.4,-76.154,-75.994
5.405,-76.1584,-75.9986
5.41,-76.1629,-76.0032
5.415,-76.1674,-76.0077
5.42,-76.1718,-76.0123
5.425,-76.1762,-76.0168
5.43,-76.1807,-76.0214
5.435,-76.1851,-76.0259
5.44,-76.1895,-76.0305
5.445,-76.1939,-76.035
5.45,-76.1983,-76.0395
5.455,-76.2027,-76.044
5.46,-76.2071,-76.0485
5.465,-76.2115,-76.053
5.47,-76.2159,-76.0575
5.475,-76.2202,-76.062
5.48,-76.2246,-76.0665
5.485,-76.2289,-76.0709
5.49,-76.2333,-76.0754
5.495,-76.2376,-76.0798
5.5,-76.2419,-76.0843
5.505,-76.2463,-76.0887
5.51,-76.2506,-76.0931
5.515,-76.2549,-76.0975
5.52,-76.2592,-76.1019
5.525,-76.2635,-76.1063
5.53,-76.2677,-76.1107
5.535,-76.272,-76.1151
5.54,-76.2763,-76.1195
5.545,-76.2805,-76.1238
5.55,-76.2848,-76.1282
5.555,-76.289,-76.1325
5.56,-76.2933,-76.1369
5.565,-76.2975,-76.1412
5.57,-76.3017,-76.1456
5.575,-76.3059,-76.1499
5.58,-76.3101,-76.1542
5.585,-76.3143,-76.1585
5.59,-76.3185,-76.1628
5.595,-76.3227,-76.1671
5.6,-76.3269,-76.1714
5.605,-76.3311,-76.1757
5.61,-76.3352,-76.1799
5.615,-76.3394,-76.1842
5.62,-76.3435,-76.1884
5.625,-76.3477,-76.1927
5.63,-76.3518,-76.1969
5.635,-76.3559,-76.2012
5.64,-76.3601,-76.2054
5.645,-76.3642,-76.2096
5.65,-76.3683,-76.2138
5.655,-76.3724,-76.218
5.66,-76.3765,-76.2222
5.665,-76.3806,-76.2264
5.67,-76.3847,-76.2306
5.675,-76.3887,-76.2348
5.68,-76.3928,-76.2389
5.685,-76.3969,-76.2431
5.69,-76.4009,-76.2472
5.695,-76.405,-76.2514
5.7,-76.409,-76.2555
5.705,-76.413,-76.2597
5.71,-76.4171,-76.2638
5.715,-76.4211,-76.2679
5.72,-76.4251,-76.272
5.725,-76.4291,-76.2761
5.73,-76.4331,-76.2802
5.735,-76.4371,-76.2843
5.74,-76.4411,-76.2884
5.745,-76.4451,-76.2925
5.75,-76.4491,-76.2965
5.755,-76.453,-76.3006
5.76,-76.457,-76.3047
5.765,-76.461,-76.3087
5.77,-76.4649,-76.3128
5.775,-76.4688,-76.3168
5.78,-76.4728,-76.3208
5.785,-76.4767,-76.3248
5.79,-76.4806,-76.3289
5.795,-76.4846,-76.3329
5.8,-76.4885,-76.3369
5.805,-76.4924,-76.3409
5.81,-76.4963,-76.3449
5.815,-76.5002,-76.3488
5.82,-76.504,-76.3528
5.825,-76.5079,-76.3568
5.83,-76.5118,-76.3608
5.835,-76.5157,-76.3647
5.84,-76.5195,-76.3687
5.845,-76.5234,-76.3726
5.85,-76.5272,-76.3765
5.855,-76.5311,-76.3805
5.86,-76.5349,-76.3844
5.865,-76.5387,-76.3883
5.87,-76.5426,-76.3922
5.875,-76.5464,-76.3961
5.88,-76.5502,-76.4
5.885,-76.554,-76.4039
5.89,-76.5578,-76.4078
5.895,-76.5616,-76.4117
5.9,-76.5654,-76.4156
5.905,-76.5692,-76.4194
5.91,-76.5729,-76.4233
5.915,-76.5767,-76.4272
5.92,-76.5805,-76.431
5.925,-76.5842,-76.4349
5.93,-76.588,-76.4387
5.935,-76.5917,-76.4425
5.94,-76.5955,-76.4464
5.945,-76.5992,-76.4502
5.95,-76.6029,-76.454
5.955,-76.6066,-76.4578
5.96,-76.6104,-76.4616
5.965,-76.6141,-76.4654
5.97,-76.6178,-76.4692
5.975,-76.6215,-76.473
5.98,-76.6252,-76.4767
5.985,-76.6289,-76.4805
5.99,-76.6325,-76.4843
5.995,-76.6362,-76.488
6,-76.6399,-76.4918
