0.0,0.0
0.005,0.0007746900408717457
0.01,0.0004860608857630667
0.015000000000000001,0.0003330284236934965
0.02,0.0002482586522501594
0.024999999999999998,0.00019908080346369732
0.029999999999999995,0.00016890056397210484
0.034999999999999996,0.00014910279882323252
0.04,0.00013514469060255083
0.045000000000000005,0.0001245960353156604
0.05000000000000001,0.00011613582815549623
0.055000000000000014,0.00010903158253520256
0.06000000000000002,0.00010286640683118638
0.06500000000000002,9.739470967884738e-05
0.07000000000000002,9.24652807516602e-05
0.07500000000000002,8.79799297582919e-05
0.08000000000000003,8.387102337970205e-05
0.08500000000000003,8.008913675569394e-05
0.09000000000000004,7.659615987362405e-05
0.09500000000000004,7.336137158232698e-05
0.10000000000000005,7.035914521636731e-05
0.10500000000000005,6.7567562953908e-05
0.11000000000000006,6.496754466694774e-05
0.11500000000000006,6.254227414481869e-05
0.12000000000000006,6.02768018692581e-05
0.12500000000000006,5.8157755895411665e-05
0.13000000000000006,5.617312162705086e-05
0.13500000000000006,5.4312067390051314e-05
0.14000000000000007,5.256480184693358e-05
0.14500000000000007,5.0922454680987784e-05
0.15000000000000008,4.937697488719239e-05
0.15500000000000008,4.7921042938329986e-05
0.1600000000000001,4.654799422708562e-05
0.1650000000000001,4.5251751870412166e-05
0.1700000000000001,4.402676742713756e-05
0.1750000000000001,4.2867968348578604e-05
0.1800000000000001,4.177071135121857e-05
0.1850000000000001,4.0730740857199405e-05
0.1900000000000001,3.974415193163232e-05
0.19500000000000012,3.8807357150747585e-05
0.20000000000000012,3.79170569661897e-05
0.20500000000000013,3.707021312472714e-05
0.21000000000000013,3.62640248435672e-05
0.21500000000000014,3.5495907390935276e-05
0.22000000000000014,3.476347285485466e-05
0.22500000000000014,3.406451277917736e-05
0.23000000000000015,3.339698256886968e-05
0.23500000000000015,3.27589874054212e-05
0.24000000000000016,3.2148769503483744e-05
0.24500000000000016,3.1564696609213894e-05
0.25000000000000017,3.100525161314648e-05
0.25500000000000017,3.046902307992516e-05
0.2600000000000002,2.995469674465294e-05
0.2650000000000002,2.946104769213746e-05
0.2700000000000002,2.8986933325772384e-05
0.2750000000000002,2.8531286942185817e-05
0.2800000000000002,2.8093111878949617e-05
0.2850000000000002,2.7671476161883763e-05
0.2900000000000002,2.726550765604805e-05
0.2950000000000002,2.6874389600800142e-05
0.3000000000000002,2.6497356525732413e-05
0.3050000000000002,2.613369055130461e-05
0.3100000000000002,2.5782717939308696e-05
0.3150000000000002,2.544380596661566e-05
0.32000000000000023,2.5116360035304587e-05
0.32500000000000023,2.4799821034798543e-05
0.33000000000000024,2.449366287961798e-05
0.33500000000000024,2.419739027061419e-05
0.34000000000000025,2.3910536629133402e-05
0.34500000000000025,2.363266216034676e-05
0.35000000000000026,2.336335210608684e-05
0.35500000000000026,2.3102215086990224e-05
0.36000000000000026,2.284888159876092e-05
0.36500000000000027,2.2603002607930734e-05
0.3700000000000003,2.2364248251629297e-05
0.3750000000000003,2.2132306615593135e-05
0.3800000000000003,2.1906882630662073e-05
0.3850000000000003,2.168769702017186e-05
0.3900000000000003,2.1474485326769094e-05
0.3950000000000003,2.1266997012791678e-05
0.4000000000000003,2.106499462234653e-05
0.4050000000000003,2.08682529873556e-05
0.4100000000000003,2.067655852553898e-05
0.4150000000000003,2.0489708512988218e-05
0.4200000000000003,2.0307510474188413e-05
0.4250000000000003,2.0129781587496953e-05
0.4300000000000003,1.995634811569367e-05
0.43500000000000033,1.9787044900699605e-05
0.44000000000000034,1.9621714860645025e-05
0.44500000000000034,1.9460208539329407e-05
0.45000000000000034,1.9302383679345713e-05
0.45500000000000035,1.9148104824780885e-05
0.46000000000000035,1.8997242938173872e-05
0.46500000000000036,1.8849675038150427e-05
0.47000000000000036,1.8705283894792133e-05
0.47500000000000037,1.8563957700513838e-05
0.48000000000000037,1.8425589770399422e-05
0.4850000000000004,1.82900782855172e-05
0.4900000000000004,1.8157326020887085e-05
0.4950000000000004,1.8027240110492194e-05
0.5000000000000003,1.7899731817371665e-05
0.5050000000000002,1.777471631169516e-05
0.5100000000000001,1.7652112459814257e-05
0.515,1.753184267102529e-05
0.5199999999999999,1.7413832676890042e-05
0.5249999999999998,1.7298011367984844e-05
0.5299999999999997,1.7184310658606397e-05
0.5349999999999996,1.7072665309888167e-05
0.5399999999999995,1.696301279126678e-05
0.5449999999999994,1.6855293160308187e-05
0.5499999999999993,1.674944891898291e-05
0.5549999999999992,1.6645424897547313e-05
0.559999999999999,1.6543168157279134e-05
0.564999999999999,1.6442627854739498e-05
0.5699999999999988,1.6343755159089516e-05
0.5749999999999987,1.6246503155907838e-05
0.5799999999999986,1.6150826746419476e-05
0.5849999999999985,1.605668257347291e-05
0.5899999999999984,1.59640289339692e-05
0.5949999999999983,1.5872825693628992e-05
0.5999999999999982,1.5783034234493764e-05
0.6049999999999981,1.5694617364079616e-05
0.609999999999998,1.560753926830484e-05
0.6149999999999979,1.552176543911952e-05
0.6199999999999978,1.5437262611118064e-05
0.6249999999999977,1.5353998712513677e-05
0.6299999999999976,1.527194282495184e-05
0.6349999999999975,1.5191065098190846e-05
0.6399999999999973,1.5111336737904579e-05
0.6449999999999972,1.5032729948538504e-05
0.6499999999999971,1.4955217874334981e-05
0.654999999999997,1.4878774586539817e-05
0.6599999999999969,1.4803375024849405e-05
0.6649999999999968,1.472899496137166e-05
0.6699999999999967,1.4655610974651966e-05
0.6749999999999966,1.4583200409880166e-05
0.6799999999999965,1.4511741341263351e-05
0.6849999999999964,1.4441212565970068e-05
0.6899999999999963,1.437159354021894e-05
0.6949999999999962,1.4302864380311168e-05
0.6999999999999961,1.4235005827878743e-05
0.704999999999996,1.416799920497866e-05
0.7099999999999959,1.4101826431336235e-05
0.7149999999999958,1.4036469963941883e-05
0.7199999999999956,1.3971912796945965e-05
0.7249999999999955,1.3908138437255155e-05
0.7299999999999954,1.384513086555515e-05
0.7349999999999953,1.3782874553742655e-05
0.7399999999999952,1.3721354416644409e-05
0.7449999999999951,1.3660555810304307e-05
0.749999999999995,1.3600464497926124e-05
0.7549999999999949,1.35410666686492e-05
0.7599999999999948,1.3482348881932144e-05
0.7649999999999947,1.3424298087736934e-05
0.7699999999999946,1.3366901583288609e-05
0.7749999999999945,1.3310147025357402e-05
0.7799999999999944,1.3254022402947878e-05
0.7849999999999943,1.319851602270407e-05
0.7899999999999942,1.314361651796808e-05
0.794999999999994,1.3089312818039272e-05
0.7999999999999939,1.3035594130333828e-05
0.8049999999999938,1.2982449965659248e-05
0.8099999999999937,1.292987008936717e-05
0.8149999999999936,1.2877844540280685e-05
0.8199999999999935,1.2826363599750552e-05
0.8249999999999934,1.2775417806080894e-05
0.8299999999999933,1.2724997923595216e-05
0.8349999999999932,1.267509495696566e-05
0.8399999999999931,1.2625700119404922e-05
0.844999999999993,1.2576804856873328e-05
0.8499999999999929,1.2528400797955352e-05
0.8549999999999928,1.2480479791559051e-05
0.8599999999999927,1.2433033877163284e-05
0.8649999999999926,1.2386055279468062e-05
0.8699999999999924,1.2339536398906304e-05
0.8749999999999923,1.229346983303136e-05
0.8799999999999922,1.224784832975782e-05
0.8849999999999921,1.220266481153245e-05
0.889999999999992,1.215791236591122e-05
0.8949999999999919,1.2113584231283922e-05
0.8999999999999918,1.2069673792709135e-05
0.9049999999999917,1.2026174594965674e-05
0.9099999999999916,1.198308032085734e-05
0.9149999999999915,1.1940384777211393e-05
0.9199999999999914,1.189808192575331e-05
0.9249999999999913,1.185616585291938e-05
0.9299999999999912,1.1814630767131265e-05
0.9349999999999911,1.1773470998244676e-05
0.939999999999991,1.1732681002681186e-05
0.9449999999999908,1.1692255351110446e-05
0.9499999999999907,1.1652188728506708e-05
0.9549999999999906,1.1612475923294604e-05
0.9599999999999905,1.1573111837467177e-05
0.9649999999999904,1.1534091470613598e-05
0.9699999999999903,1.1495409936355109e-05
0.9749999999999902,1.1457062431528821e-05
0.9799999999999901,1.1419044260578716e-05
0.98499999999999,1.138135081077172e-05
0.9899999999999899,1.1343977570008712e-05
0.9949999999999898,1.1306920107322237e-05
0.9999999999999897,1.1270174082647134e-05
1.0049999999999897,1.1500351427186749e-05
1.0099999999999896,1.2582654882834678e-05
1.0149999999999895,1.5132882449255846e-05
1.0199999999999894,1.9489100257874688e-05
1.0249999999999893,2.5698577408354904e-05
1.0299999999999891,3.368263812596831e-05
1.034999999999989,4.3410134846125496e-05
1.039999999999989,5.501946098528948e-05
1.0449999999999888,6.884105989282738e-05
1.0499999999999887,8.531136841641762e-05
1.0549999999999886,0.00010491921957175398
1.0599999999999885,0.00012830620617914525
1.0649999999999884,0.00015637457386157672
1.0699999999999883,0.00019015616000556742
1.0749999999999882,0.00023067703067188472
1.079999999999988,0.0002792340507908671
1.084999999999988,0.0003378007237546616
1.0899999999999879,0.0004087140439250352
1.0949999999999878,0.0004940944878118025
1.0999999999999877,0.0005964867952358206
1.1049999999999875,0.000720229850326953
1.1099999999999874,0.0008707908323769512
1.1149999999999873,0.0010525371627588557
1.1199999999999872,0.001270115822268614
1.1249999999999871,0.0015329714987805047
1.129999999999987,0.0018543678290952753
1.134999999999987,0.0022434214233050705
1.1399999999999868,0.002707402748966959
1.1449999999999867,0.003266397754884356
1.1499999999999866,0.0039538228686488664
1.1549999999999865,0.004789760255219073
1.1599999999999864,0.005781011488410966
1.1649999999999863,0.006968243864862698
1.1699999999999862,0.008438351757190772
1.174999999999986,0.01024085993192604
1.179999999999986,0.012362243213594517
1.1849999999999858,0.01487625198274239
1.1899999999999857,0.018013903669884087
1.1949999999999856,0.02191685237249876
1.1999999999999855,0.026469657823034506
1.2049999999999854,0.0317685857026373
1.2099999999999853,0.03843636629073699
1.2149999999999852,0.04692873183622329
1.219999999999985,0.05675161250006501
1.224999999999985,0.06784656339662858
1.2299999999999849,0.08190635900047565
1.2349999999999848,0.10047704549253389
1.2399999999999847,0.12187652571404706
1.2449999999999846,0.1448920019019307
1.2499999999999845,0.1741420632311753
1.2549999999999844,0.2149101364236874
1.2599999999999842,0.2622823439165433
1.2649999999999841,0.30942900831855125
1.269999999999984,0.368842382204952
1.274999999999984,0.45844088190301013
1.2799999999999838,0.5657150370331768
1.2849999999999837,0.6608265922121711
1.2899999999999836,0.7760580138866618
1.2949999999999835,0.9720492776318768
1.2999999999999834,1.2212775904668967
1.3049999999999833,1.4100490194906534
1.3099999999999832,1.6109356233450556
1.314999999999983,2.0309643332997718
1.319999999999983,2.6194524302142366
1.3249999999999829,2.982073853727452
1.3299999999999828,3.2178696777262368
1.3349999999999826,4.016952576966158
1.3399999999999825,5.217541745493393
1.3449999999999824,5.229826275456442
1.3499999999999823,3.303578257496299
1.3549999999999822,1.5475892621095966
1.3599999999999821,0.92798207318706
1.364999999999982,0.8157084785757736
1.369999999999982,0.5745101294956497
1.3749999999999818,0.23025716614178032
1.3799999999999817,0.025504577213685764
1.3849999999999816,-0.04350191057948633
1.3899999999999815,-0.09418141013625136
1.3949999999999814,-0.17648362047606747
1.3999999999999813,-0.25067679620798367
1.4049999999999812,-0.2949592190865995
1.409999999999981,-0.3234883980917158
1.414999999999981,-0.35489852025144863
1.4199999999999808,-0.38795424552913044
1.4249999999999807,-0.41545168728928145
1.4299999999999806,-0.4367667371199801
1.4349999999999805,-0.45606148273422326
1.4399999999999804,-0.475154566469059
1.4449999999999803,-0.4927934058259636
1.4499999999999802,-0.5080083389333698
1.45499999999998,-0.5212975013990698
1.45999999999998,-0.533431737518979
1.4649999999999799,-0.5444231859420584
1.4699999999999798,-0.5539662276679477
1.4749999999999797,-0.562004474804161
1.4799999999999796,-0.5687289726385099
1.4849999999999794,-0.5742495919141722
1.4899999999999793,-0.5785366775587232
1.4949999999999792,-0.5815587608629317
1.4999999999999791,-0.5833633692012187
1.504999999999979,-0.5840233426900282
1.509999999999979,-0.583583318653934
1.5149999999999788,-0.5820719106106194
1.5199999999999787,-0.579533429660814
1.5249999999999786,-0.5760305251035805
1.5299999999999785,-0.5716273169940583
1.5349999999999784,-0.5663831003089037
1.5399999999999783,-0.5603583274445579
1.5449999999999782,-0.5536191702423363
1.549999999999978,-0.5462344696512805
1.554999999999978,-0.5382716820178314
1.5599999999999778,-0.5297962722274895
1.5649999999999777,-0.5208728680328321
1.5699999999999776,-0.5115649935195087
1.5749999999999775,-0.5019336101861378
1.5799999999999774,-0.4920361274867058
1.5849999999999773,-0.4819263227849609
1.5899999999999772,-0.4716543855140538
1.594999999999977,-0.46126663730104545
1.599999999999977,-0.45080522202646867
1.604999999999977,-0.4403080806040248
1.6099999999999768,-0.4298091421068684
1.6149999999999767,-0.4193385208467369
1.6199999999999766,-0.4089226866195801
1.6249999999999765,-0.39858468994796037
1.6299999999999764,-0.38834446991994137
1.6349999999999763,-0.37821918811811317
1.6399999999999761,-0.3682235426701157
1.644999999999976,-0.35837006365877444
1.649999999999976,-0.34866940306190897
1.6549999999999758,-0.3391306115282956
1.6599999999999757,-0.32976138488396967
1.6649999999999756,-0.3205682739808912
1.6699999999999755,-0.31155686217687356
1.6749999999999754,-0.3027319140967746
1.6799999999999753,-0.2940974951153613
1.6849999999999752,-0.28565706167797955
1.689999999999975,-0.27741352610623
1.694999999999975,-0.2693693010525698
1.6999999999999749,-0.26152632769884876
1.7049999999999748,-0.25388609087939584
1.7099999999999747,-0.24644962454089955
1.7149999999999745,-0.23921751124826318
1.7199999999999744,-0.232189878977966
1.7249999999999743,-0.2253663976331838
1.7299999999999742,-0.21874627715166586
1.7349999999999741,-0.21232826874459818
1.739999999999974,-0.20611067040309586
1.744999999999974,-0.20009133730516263
1.7499999999999738,-0.19426769733786933
1.7549999999999737,-0.1886367716394367
1.7599999999999736,-0.18319519981964716
1.7649999999999735,-0.1779392693184716
1.7699999999999734,-0.17286494820281872
1.7749999999999733,-0.16796792062012236
1.7799999999999732,-0.16324362408945922
1.784999999999973,-0.15868728781874145
1.789999999999973,-0.1542939712788888
1.7949999999999728,-0.15005860232154267
1.7999999999999727,-0.14597601420710263
1.8049999999999726,-0.14204098100274992
1.8099999999999725,-0.138248250903618
1.8149999999999724,-0.13459257713567271
1.8199999999999723,-0.1310687461923742
1.8249999999999722,-0.12767160324726864
1.829999999999972,-0.1243960746656832
1.834999999999972,-0.12123718760974463
1.8399999999999719,-0.11819008679104648
1.8449999999999718,-0.11525004847034359
1.8499999999999717,-0.11241249184755203
1.8549999999999716,-0.1096729880074985
1.8599999999999715,-0.10702726661320355
1.8649999999999713,-0.10447122054418019
1.8699999999999712,-0.10200090868887723
1.8749999999999711,-0.09961255709364575
1.879999999999971,-0.09730255867422548
1.884999999999971,-0.09506747168066715
1.8899999999999708,-0.09290401710067321
1.8949999999999707,-0.09080907517323163
1.8999999999999706,-0.08877968116980549
1.9049999999999705,-0.08681302058773317
1.9099999999999704,-0.0849064238867489
1.9149999999999703,-0.08305736088405628
1.9199999999999702,-0.08126343490988279
1.92499999999997,-0.0795223768157785
1.92999999999997,-0.07783203891102079
1.9349999999999699,-0.07619038889466787
1.9399999999999697,-0.0745955038391741
1.9449999999999696,-0.07304556427314036
1.9499999999999695,-0.07153884840062982
1.9549999999999694,-0.07007372648794546
1.9599999999999693,-0.06864865544274751
1.9649999999999692,-0.06726217360362292
1.969999999999969,-0.06591289575209291
1.974999999999969,-0.06459950835820942
1.979999999999969,-0.06332076506170466
1.9849999999999688,-0.062075482393144234
1.9899999999999687,-0.060862535732909465
1.9949999999999686,-0.05968085550440471
1.9999999999999685,-0.05852942359802498
2.0049999999999684,-0.057407270017947466
2.0099999999999683,-0.056313469745192885
2.014999999999968,-0.055247139808316706
2.019999999999968,-0.05420743655266611
2.024999999999968,-0.05319355309807033
2.029999999999968,-0.05220471697720124
2.0349999999999677,-0.051240187942552695
2.0399999999999676,-0.050299255933209386
2.0449999999999675,-0.049381239192524344
2.0499999999999674,-0.048485482525995875
2.0549999999999673,-0.047611355690242836
2.059999999999967,-0.04675825190519789
2.064999999999967,-0.04592558648016604
2.069999999999967,-0.04511279554494474
2.074999999999967,-0.0443193348803288
2.0799999999999668,-0.043544678837543066
2.0849999999999667,-0.042788319342839644
2.0899999999999666,-0.04204976497856193
2.0949999999999664,-0.041328540134493975
2.0999999999999663,-0.04062418422590803
2.1049999999999662,-0.03993625096959434
2.109999999999966,-0.039264307716176006
2.114999999999966,-0.038607934831667065
2.119999999999966,-0.03796672512512756
2.124999999999966,-0.03734028331822981
2.1299999999999657,-0.03672822555305708
2.1349999999999656,-0.03613017893430756
2.1399999999999655,-0.03554578110397786
2.1449999999999654,-0.034974679843949995
2.1499999999999653,-0.0344165327059028
2.154999999999965,-0.033871006664075894
2.159999999999965,-0.03333777779070509
2.164999999999965,-0.03281653095026048
2.169999999999965,-0.03230695951289442
2.1749999999999647,-0.031808765082667834
2.1799999999999646,-0.03132165724188739
2.1849999999999645,-0.030845353308507545
2.1899999999999644,-0.03037957810556371
2.1949999999999643,-0.02992406374249472
2.199999999999964,-0.02947854940575824
2.204999999999964,-0.029042781159773986
2.209999999999964,-0.028616511755706592
2.214999999999964,-0.028199500448400236
2.219999999999964,-0.02779151282057625
2.2249999999999637,-0.02739232061315768
2.2299999999999636,-0.027001701562498138
2.2349999999999635,-0.026619439242379573
2.2399999999999634,-0.02624532291209479
2.2449999999999632,-0.02587914736854903
2.249999999999963,-0.025520712803766044
2.254999999999963,-0.025169824665780927
2.259999999999963,-0.024826293524250722
2.264999999999963,-0.024489934939415647
2.2699999999999627,-0.024160569334647417
2.2749999999999626,-0.023838021872475867
2.2799999999999625,-0.023522122333876037
2.2849999999999624,-0.023212705000214846
2.2899999999999623,-0.022909608538736737
2.294999999999962,-0.022612675890291888
2.299999999999962,-0.022321754159994184
2.304999999999962,-0.022036694510661384
2.309999999999962,-0.021757352058343955
2.3149999999999618,-0.021483585770835714
2.3199999999999616,-0.021215258367956666
2.3249999999999615,-0.02095223622468293
2.3299999999999614,-0.020694389276256515
2.3349999999999613,-0.020441590925216357
2.3399999999999612,-0.02019371795151903
2.344999999999961,-0.019950650423364996
2.349999999999961,-0.01971227161135486
2.354999999999961,-0.01947846790393218
2.359999999999961,-0.019249128724932424
2.3649999999999607,-0.019024146453301524
2.3699999999999606,-0.018803416344235182
2.3749999999999605,-0.018586836452721852
2.3799999999999604,-0.018374307558561644
2.3849999999999603,-0.01816573309320809
2.38999999999996,-0.017961019068588737
2.39499999999996,-0.01776007400729917
2.39999999999996,-0.017562808874853272
2.40499999999996,-0.017369137013281463
2.4099999999999597,-0.017178974076719172
2.4149999999999596,-0.01699223796818906
2.4199999999999595,-0.016808848778366865
2.4249999999999594,-0.016628728725439242
2.4299999999999593,-0.016451802097017285
2.434999999999959,-0.016277995193039917
2.439999999999959,-0.016107236270440046
2.444999999999959,-0.015939455489097653
2.449999999999959,-0.01577458485921518
2.4549999999999588,-0.015612558190297141
2.4599999999999587,-0.01545331104084529
2.4649999999999586,-0.015296780670220467
2.4699999999999585,-0.015142905990999482
2.4749999999999583,-0.014991627523237006
2.4799999999999582,-0.014842887349395682
2.484999999999958,-0.014696629071031853
2.489999999999958,-0.014552797766129595
2.494999999999958,-0.014411339947896626
2.499999999999958,-0.014272203524673843
2.5049999999999577,-0.014135337760894285
2.5099999999999576,-0.014000693239013325
2.5149999999999575,-0.013868221822677383
2.5199999999999574,-0.013737876620699302
2.5249999999999573,-0.013609611952293056
2.529999999999957,-0.013483383312979342
2.534999999999957,-0.013359147341723608
2.539999999999957,-0.013236861788769403
2.544999999999957,-0.013116485484488238
2.5499999999999567,-0.012997978309215737
2.5549999999999566,-0.012881301163607285
2.5599999999999565,-0.012766415940167922
2.5649999999999564,-0.012653285495465343
2.5699999999999563,-0.01254187362308874
2.574999999999956,-0.01243214502743276
2.579999999999956,-0.012324065298323077
2.584999999999956,-0.012217600886048528
2.589999999999956,-0.012112719077522479
2.594999999999956,-0.012009387972862516
2.5999999999999557,-0.011907576462728485
2.6049999999999556,-0.011807254206271905
2.6099999999999555,-0.011708391609787015
2.6149999999999554,-0.01161095980597892
2.6199999999999553,-0.011514930633701546
2.624999999999955,-0.011420276618385369
2.629999999999955,-0.011326970953194723
2.634999999999955,-0.011234987480366283
2.639999999999955,-0.011144300673313094
2.6449999999999547,-0.011054885619370304
2.6499999999999546,-0.010966718002726956
2.6549999999999545,-0.010879774088115447
2.6599999999999544,-0.010794030704842297
2.6649999999999543,-0.010709465231364028
2.669999999999954,-0.01062605558024074
2.674999999999954,-0.010543780183586269
2.679999999999954,-0.010462617978893994
2.684999999999954,-0.010382548395272981
2.6899999999999538,-0.010303551340234937
2.6949999999999537,-0.010225607186645152
2.6999999999999535,-0.010148696760063289
2.7049999999999534,-0.010072801326771
2.7099999999999533,-0.009997902581780417
2.7149999999999532,-0.009923982637249529
2.719999999999953,-0.009851024011551916
2.724999999999953,-0.009779009618222194
2.729999999999953,-0.009707922755463316
2.734999999999953,-0.009637747096060106
2.7399999999999527,-0.009568466677263146
2.7449999999999526,-0.009500065891328865
2.7499999999999525,-0.009432529475996522
2.7549999999999524,-0.009365842505535937
2.7599999999999523,-0.009299990381910166
2.764999999999952,-0.00923495882608843
2.769999999999952,-0.009170733869877197
2.774999999999952,-0.009107301847699397
2.779999999999952,-0.009044649388940533
2.7849999999999517,-0.008982763410063453
2.7899999999999516,-0.008921631107448695
2.7949999999999515,-0.008861239950111064
2.7999999999999514,-0.008801577672596659
2.8049999999999513,-0.008742632268520917
2.809999999999951,-0.008684391983547727
2.814999999999951,-0.008626845309377476
2.819999999999951,-0.008569980977301031
2.824999999999951,-0.008513787952267128
2.8299999999999508,-0.008458255426880362
2.8349999999999507,-0.008403372815916394
2.8399999999999506,-0.008349129750558062
2.8449999999999505,-0.008295516073143331
2.8499999999999504,-0.008242521831873418
2.8549999999999502,-0.008190137275787334
2.85999999999995,-0.0081383528497636
2.86499999999995,-0.008087159189717892
2.86999999999995,-0.008036547117961581
2.87499999999995,-0.00798650763868244
2.8799999999999497,-0.00793703193345581
2.8849999999999496,-0.007888111357057796
2.8899999999999495,-0.007839737433221241
2.8949999999999494,-0.0077919018505563644
2.8999999999999493,-0.007744596458694582
2.904999999999949,-0.007697813264471361
2.909999999999949,-0.007651544428011563
2.914999999999949,-0.00760578225936134
2.919999999999949,-0.007560519214763958
2.9249999999999488,-0.007515747893317976
2.9299999999999486,-0.007471461033642825
2.9349999999999485,-0.007427651510534281
2.9399999999999484,-0.007384312332046567
2.9449999999999483,-0.007341436636099763
2.949999999999948,-0.00729901768771463
2.954999999999948,-0.007257048876099969
2.959999999999948,-0.007215523711639381
2.964999999999948,-0.007174435823345496
2.969999999999948,-0.007133778956141312
2.9749999999999477,-0.007093546968073326
2.9799999999999476,-0.007053733827908883
2.9849999999999475,-0.007014333612817231
2.9899999999999474,-0.00697534050563153
2.9949999999999473,-0.00693674879271317
2.999999999999947,-0.006898552861665627
3.004999999999947,-0.0068607471990053005
3.009999999999947,-0.006823326388131209
3.014999999999947,-0.006786285107079188
3.0199999999999467,-0.006749618126589353
3.0249999999999466,-0.006713320307976134
3.0299999999999465,-0.006677386601328491
3.0349999999999464,-0.006641812043512391
3.0399999999999463,-0.006606591756288161
3.044999999999946,-0.0065717209445926746
3.049999999999946,-0.0065371948947892935
3.054999999999946,-0.006503008972760473
3.059999999999946,-0.006469158622638512
3.0649999999999458,-0.00643563936464799
3.0699999999999457,-0.006402446793989565
3.0749999999999456,-0.006369576579031318
3.0799999999999454,-0.006337024459810135
3.0849999999999453,-0.006304786246739369
3.0899999999999452,-0.006272857818948845
3.094999999999945,-0.0062412351230280196
3.099999999999945,-0.006209914171576222
3.104999999999945,-0.006178891042031583
3.109999999999945,-0.006148161875057695
3.1149999999999447,-0.006117722873647882
3.1199999999999446,-0.006087570301582589
3.1249999999999445,-0.006057700482485622
3.1299999999999444,-0.006028109798351157
3.1349999999999443,-0.005998794688664449
3.139999999999944,-0.005969751649109463
3.144999999999944,-0.005940977230579422
3.149999999999944,-0.0059124680379962595
3.154999999999944,-0.0058842207293452985
3.1599999999999437,-0.005856232014697895
3.1649999999999436,-0.00582849865503938
3.1699999999999435,-0.00580101746148322
3.1749999999999434,-0.005773785294244604
3.1799999999999433,-0.0057467990617226725
3.184999999999943,-0.00572005571946961
3.189999999999943,-0.00569355226958453
3.194999999999943,-0.005667285759603166
3.199999999999943,-0.0056412532817078235
3.204999999999943,-0.005615451971953938
3.2099999999999427,-0.005589879009408829
3.2149999999999426,-0.005564531615411622
3.2199999999999425,-0.0055394070527784904
3.2249999999999424,-0.005514502624961519
3.2299999999999423,-0.005489815675479449
3.234999999999942,-0.005465343587050239
3.239999999999942,-0.005441083781013754
3.244999999999942,-0.00541703371645628
3.249999999999942,-0.005393190889726067
3.2549999999999417,-0.00536955283370344
3.2599999999999416,-0.005346117117056659
3.2649999999999415,-0.005322881343783762
3.2699999999999414,-0.0052998431525107595
3.2749999999999413,-0.005277000215763908
3.279999999999941,-0.005254350239649065
3.284999999999941,-0.005231890963048738
3.289999999999941,-0.005209620157066985
3.294999999999941,-0.0051875356246725126
3.2999999999999408,-0.005165635199853386
3.3049999999999407,-0.005143916747327993
3.3099999999999405,-0.0051223781619642115
3.3149999999999404,-0.00510101736822165
3.3199999999999403,-0.00507983231958628
3.3249999999999402,-0.005058820998331623
3.32999999999994,-0.005037981414732752
3.33499999999994,-0.005017311606795553
3.33999999999994,-0.004996809639762792
3.34499999999994,-0.004976473605617315
3.3499999999999397,-0.004956301622626495
3.3549999999999396,-0.004936291835028653
3.3599999999999395,-0.004916442412430027
3.3649999999999394,-0.0048967515495435465
3.3699999999999393,-0.004877217465738933
3.374999999999939,-0.004857838404554914
3.379999999999939,-0.004838612633435896
3.384999999999939,-0.004819538443263709
3.389999999999939,-0.004800614148027116
3.3949999999999387,-0.004781838084437851
3.3999999999999386,-0.0047632086115097436
3.4049999999999385,-0.004744724110299989
3.4099999999999384,-0.004726382983557676
3.4149999999999383,-0.0047081836552275765
3.419999999999938,-0.004690124570355001
3.424999999999938,-0.004672204194554746
3.429999999999938,-0.004654421013769716
3.434999999999938,-0.00463677353397113
3.4399999999999378,-0.0046192602808652625
3.4449999999999377,-0.004601879799417308
3.4499999999999376,-0.004584630653865814
3.4549999999999375,-0.004567511427081994
3.4599999999999373,-0.004550520720582033
3.4649999999999372,-0.0045336571539831205
3.469999999999937,-0.0045169193649657125
3.474999999999937,-0.004500306008812629
3.479999999999937,-0.004483815758271666
3.484999999999937,-0.004467447303154101
3.4899999999999367,-0.004451199350259564
3.4949999999999366,-0.004435070622950578
3.4999999999999365,-0.004419059860989935
3.5049999999999364,-0.004403165820330343
3.5099999999999363,-0.00438738727274353
3.514999999999936,-0.0043717230057482275
3.519999999999936,-0.004356171822205261
3.524999999999936,-0.004340732540275668
3.529999999999936,-0.004325403993037765
3.5349999999999357,-0.004310185028349823
3.5399999999999356,-0.004295074508613919
3.5449999999999355,-0.004280071310587784
3.5499999999999354,-0.004265174325115326
3.5549999999999353,-0.004250382456991509
3.559999999999935,-0.0042356946246889775
3.564999999999935,-0.004221109760250899
3.569999999999935,-0.004206626809019656
3.574999999999935,-0.004192244729464253
3.579999999999935,-0.00417796249301339
3.5849999999999347,-0.004163779083836097
3.5899999999999346,-0.004149693498683855
3.5949999999999345,-0.004135704746727346
3.5999999999999344,-0.00412181184936834
3.6049999999999343,-0.004108013839995338
3.609999999999934,-0.004094309763932639
3.614999999999934,-0.004080698678211029
3.619999999999934,-0.004067179651373968
3.624999999999934,-0.004053751763392218
3.6299999999999337,-0.004040414105440451
3.6349999999999336,-0.00402716577976856
3.6399999999999335,-0.0040140058995215095
3.6449999999999334,-0.004000933588647967
3.6499999999999333,-0.003987947981659222
3.654999999999933,-0.003975048223573284
3.659999999999933,-0.003962233469725337
3.664999999999933,-0.003949502885599619
3.669999999999933,-0.003936855646738214
3.6749999999999328,-0.003924290938624454
3.6799999999999327,-0.003911807956430525
3.6849999999999326,-0.0038994059050298235
3.6899999999999324,-0.003887083998750065
3.6949999999999323,-0.003874841461308859
3.6999999999999322,-0.0038626775256870647
3.704999999999932,-0.003850591433954333
3.709999999999932,-0.0038385824371709337
3.714999999999932,-0.003826649795322932
3.719999999999932,-0.0038147927770956257
3.7249999999999317,-0.00380301065982172
3.7299999999999316,-0.0037913027293768014
3.7349999999999315,-0.00377966828002875
3.7399999999999314,-0.0037681066143326817
3.7449999999999313,-0.003756617043046172
3.749999999999931,-0.003745198884978137
3.754999999999931,-0.0037338514669119902
3.759999999999931,-0.0037225741235134982
3.764999999999931,-0.0037113661971536352
3.7699999999999307,-0.003700227037909081
3.7749999999999306,-0.0036891560033784593
3.7799999999999305,-0.003678152458630247
3.7849999999999304,-0.003667215776066624
3.7899999999999303,-0.0036563453353671556
3.79499999999993,-0.0036455405233846005
3.79999999999993,-0.0036348007340017262
3.80499999999993,-0.00362412536810435
3.80999999999993,-0.0036135138334376124
3.81499999999993,-0.0036029655445936402
3.8199999999999297,-0.003592479922830747
3.8249999999999296,-0.00358205639602617
3.8299999999999295,-0.003571694398597853
3.8349999999999294,-0.003561393371430026
3.8399999999999292,-0.0035511527617304406
3.844999999999929,-0.0035409720230311077
3.849999999999929,-0.003530850615063856
3.854999999999929,-0.0035207880036267174
3.859999999999929,-0.0035107836606577364
3.8649999999999287,-0.003500837063993938
3.8699999999999286,-0.003490947697320618
3.8749999999999285,-0.0034811150502595044
3.8799999999999284,-0.0034713386180644694
3.8849999999999283,-0.00346161790169571
3.889999999999928,-0.003451952407726905
3.894999999999928,-0.0034423416482039257
3.899999999999928,-0.0034327851406746254
3.904999999999928,-0.0034232824080377452
3.9099999999999278,-0.0034138329785121735
3.9149999999999276,-0.0034044363855822105
3.9199999999999275,-0.003395092167892409
3.9249999999999274,-0.003385799869221848
3.9299999999999273,-0.003376559038377795
3.9349999999999272,-0.003367369229170115
3.939999999999927,-0.003358230000334303
3.944999999999927,-0.0033491409154770627
3.949999999999927,-0.003340101542967354
3.954999999999927,-0.0033311114559746477
3.9599999999999267,-0.0033221702322813805
3.9649999999999266,-0.0033132774543652836
3.9699999999999265,-0.0033044327092238927
3.9749999999999264,-0.0032956355883738708
3.9799999999999263,-0.0032868856878082125
3.984999999999926,-0.003278182607855645
3.989999999999926,-0.0032695259532680016
3.994999999999926,-0.0032609153330306153
3.999999999999926,-0.003252350360396192
4.004999999999926,-0.003243830652766345
4.009999999999927,-0.0032353558316907008
4.014999999999928,-0.0032269255228299532
4.0199999999999285,-0.003218539355826542
4.024999999999929,-0.0032101969643423996
4.02999999999993,-0.003201897985933649
4.034999999999931,-0.0031936420620905116
4.039999999999932,-0.003185428838093302
4.044999999999932,-0.003177257963017722
4.049999999999933,-0.0031691290896958563
4.054999999999934,-0.0031610418746794177
4.059999999999935,-0.0031529959781065073
4.0649999999999356,-0.0031449910637955103
4.069999999999936,-0.0031370267990589017
4.074999999999937,-0.0031291028547782325
4.079999999999938,-0.003121218905308401
4.084999999999939,-0.003113374628425424
4.0899999999999395,-0.0031055697052571295
4.09499999999994,-0.0030978038203731562
4.099999999999941,-0.0030900766616112235
4.104999999999942,-0.00308238792003434
4.109999999999943,-0.0030747372900216965
4.114999999999943,-0.0030671244690743528
4.119999999999944,-0.003059549157889176
4.124999999999945,-0.0030520110602663057
4.129999999999946,-0.0030445098830668518
4.1349999999999465,-0.00303704533623737
4.139999999999947,-0.0030296171326909087
4.144999999999948,-0.0030222249883171907
4.149999999999949,-0.003014868621954537
4.15499999999995,-0.0030075477553263524
4.15999999999995,-0.0030002621130190855
4.164999999999951,-0.002993011422482197
4.169999999999952,-0.002985795413908333
4.174999999999953,-0.002978613820268214
4.1799999999999535,-0.00297146637729824
4.184999999999954,-0.002964352823393996
4.189999999999955,-0.002957272899632638
4.194999999999956,-0.002950226349744339
4.199999999999957,-0.002943212919991726
4.204999999999957,-0.002936232359289808
4.209999999999958,-0.0029292844190629986
4.214999999999959,-0.0029223688532458384
4.21999999999996,-0.0029154854182509497
4.224999999999961,-0.0029086338729541923
4.229999999999961,-0.002901813978661615
4.234999999999962,-0.002895025499034125
4.239999999999963,-0.002888268200167895
4.244999999999964,-0.0028815418504398974
4.2499999999999645,-0.00287484622054004
4.254999999999965,-0.0028681810835095175
4.259999999999966,-0.002861546214572845
4.264999999999967,-0.0028549413912210032
4.269999999999968,-0.002848366393150003
4.274999999999968,-0.002841821002233987
4.279999999999969,-0.002835305002476486
4.28499999999997,-0.002828818180066087
4.289999999999971,-0.0028223603232555654
4.2949999999999715,-0.002815931222386652
4.299999999999972,-0.002809530669865021
4.304999999999973,-0.0028031584601033235
4.309999999999974,-0.002796814389553826
4.314999999999975,-0.0027904982566720614
4.319999999999975,-0.00278420986180429
4.324999999999976,-0.0027779490073253747
4.329999999999977,-0.0027717154974649686
4.334999999999978,-0.002765509138353732
4.3399999999999785,-0.0027593297380403927
4.344999999999979,-0.0027531771063928224
4.34999999999998,-0.002747051055115342
4.354999999999981,-0.002740951397732002
4.359999999999982,-0.002734877949541106
4.3649999999999824,-0.0027288305276158423
4.369999999999983,-0.002722808950793087
4.374999999999984,-0.002716813039625548
4.379999999999985,-0.0027108426163748906
4.384999999999986,-0.00270489750501064
4.389999999999986,-0.002698977531143146
4.394999999999987,-0.0026930825220652915
4.399999999999988,-0.0026872123066763796
4.404999999999989,-0.002681366715524602
4.4099999999999895,-0.0026755455807113576
4.41499999999999,-0.0026697487359685006
4.419999999999991,-0.0026639760165443173
4.424999999999992,-0.002658227259236585
4.429999999999993,-0.002652502302403053
4.434999999999993,-0.00264680098588245
4.439999999999994,-0.002641123151001858
4.444999999999995,-0.0026354686405637203
4.449999999999996,-0.0026298372988446486
4.4549999999999965,-0.002624228971580324
4.459999999999997,-0.0026186435058694712
4.464999999999998,-0.002613080750285543
4.469999999999999,-0.002607540554763992
4.475,-0.002602022770624376
4.48,-0.0025965272505518388
4.485000000000001,-0.0025910538485928868
4.490000000000002,-0.002585602420096616
4.495000000000003,-0.0025801728217694745
4.5000000000000036,-0.0025747649115718386
4.505000000000004,-0.002569378548813341
4.510000000000005,-0.002564013594059611
4.515000000000006,-0.002558669909081303
4.520000000000007,-0.002553347356994099
4.5250000000000075,-0.0025480458020657277
4.530000000000008,-0.0025427651098241426
4.535000000000009,-0.002537505147011724
4.54000000000001,-0.002532265781522228
4.545000000000011,-0.002527046882481423
4.550000000000011,-0.002521848320139432
4.555000000000012,-0.0025166699659338204
4.560000000000013,-0.0025115116924223184
4.565000000000014,-0.002506373373311071
4.5700000000000145,-0.0025012548833993013
4.575000000000015,-0.0024961560986191678
4.580000000000016,-0.0024910768959853676
4.585000000000017,-0.0024860171535831758
4.590000000000018,-0.0024809767505760464
4.595000000000018,-0.0024759555672004743
4.600000000000019,-0.002470953484715259
4.60500000000002,-0.0024659703854243964
4.610000000000021,-0.002461006152676245
4.6150000000000215,-0.0024560606708054905
4.620000000000022,-0.0024511338251443377
4.625000000000023,-0.002446225502058024
4.630000000000024,-0.002441335588838448
4.635000000000025,-0.002436463973805486
4.640000000000025,-0.0024316105461762248
4.645000000000026,-0.002426775196183219
4.650000000000027,-0.0024219578149520236
4.655000000000028,-0.002417158294561619
4.660000000000029,-0.002412376527997624
4.665000000000029,-0.0024076124091715785
4.67000000000003,-0.00240286583287693
4.675000000000031,-0.0023981366947989653
4.680000000000032,-0.0023934248915435906
4.6850000000000325,-0.0023887303205283135
4.690000000000033,-0.0023840528800707726
4.695000000000034,-0.0023793924693550628
4.700000000000035,-0.0023747489883806693
4.705000000000036,-0.002370122337985744
4.710000000000036,-0.002365512419856337
4.715000000000037,-0.00236091913648724
4.720000000000038,-0.0023563423911795688
4.725000000000039,-0.0023517820880419858
4.7300000000000395,-0.002347238131966345
4.73500000000004,-0.0023427104286549536
4.740000000000041,-0.002338198884557162
4.745000000000042,-0.002333703406908066
4.750000000000043,-0.0023292239036967173
4.755000000000043,-0.002324760283669153
4.760000000000044,-0.002320312456321523
4.765000000000045,-0.0023158803318867687
4.770000000000046,-0.0023114638213158505
4.7750000000000465,-0.0023070628362912805
4.780000000000047,-0.0023026772892102035
4.785000000000048,-0.0022983070931880023
4.790000000000049,-0.002293952162022773
4.79500000000005,-0.0022896124102075306
4.8000000000000504,-0.0022852877529282267
4.805000000000051,-0.0022809781060721588
4.810000000000052,-0.002276683386156808
4.815000000000053,-0.002272403510388715
4.820000000000054,-0.002268138396624634
4.825000000000054,-0.0022638879633952755
4.830000000000055,-0.0022596521298410624
4.835000000000056,-0.0022554308157795334
4.840000000000057,-0.002251223941625427
4.8450000000000575,-0.002247031428460311
4.850000000000058,-0.0022428531979379776
4.855000000000059,-0.0022386891723639862
4.86000000000006,-0.0022345392746277487
4.865000000000061,-0.002230403428237698
4.870000000000061,-0.002226281557295515
4.875000000000062,-0.0022221735864765887
4.880000000000063,-0.0022180794410546173
4.885000000000064,-0.0022139990468799785
4.8900000000000645,-0.0022099323303746816
4.895000000000065,-0.002205879218517532
4.900000000000066,-0.0022018396388661684
4.905000000000067,-0.002197813519504671
4.910000000000068,-0.0021938007890987643
4.915000000000068,-0.002189801376850017
4.920000000000069,-0.002185815212485432
4.92500000000007,-0.0021818422262747275
4.930000000000071,-0.0021778823490275832
4.9350000000000716,-0.002173935512047595
4.940000000000072,-0.0021700016471938653
4.945000000000073,-0.00216608068679169
4.950000000000074,-0.0021621725637329804
4.955000000000075,-0.0021582772113682837
4.9600000000000755,-0.002154394563562644
4.965000000000076,-0.002150524554665806
4.970000000000077,-0.0021466671195333868
4.975000000000078,-0.0021428221934806837
4.980000000000079,-0.002138989712343492
4.985000000000079,-0.002135169612370141
4.99000000000008,-0.002131361830338615
4.995000000000081,-0.0021275663034680562
5.000000000000082,-0.002123782969419243
5.0050000000000825,-0.0021200117663524097
5.010000000000083,-0.002116252632837684
5.015000000000084,-0.0021125055079336034
5.020000000000085,-0.0021087703311063674
5.025000000000086,-0.002105047042270921
5.030000000000086,-0.002101335581808112
5.035000000000087,-0.0020976358904871563
5.040000000000088,-0.0020939479095328224
5.045000000000089,-0.00209027158057706
5.0500000000000895,-0.00208660684568584
5.05500000000009,-0.002082953647327768
5.060000000000091,-0.002079311928381446
5.065000000000092,-0.002075681632145599
5.070000000000093,-0.0020720627023199985
5.075000000000093,-0.002068455083003748
5.080000000000094,-0.0020648587186701665
5.085000000000095,-0.002061273554232959
5.090000000000096,-0.0020576995349392033
5.095000000000097,-0.002054136606461787
5.100000000000097,-0.0020505847148470243
5.105000000000098,-0.002047043806489748
5.110000000000099,-0.0020435138282186172
5.1150000000001,-0.002039994727165688
5.1200000000001005,-0.0020364864508840325
5.125000000000101,-0.002032988947269779
5.130000000000102,-0.002029502164577928
5.135000000000103,-0.002026026051423517
5.140000000000104,-0.002022560556783424
5.145000000000104,-0.0020191056299773648
5.150000000000105,-0.002015661220675921
5.155000000000106,-0.0020122272788914617
5.160000000000107,-0.0020088037549908077
5.1650000000001075,-0.0020053905996616464
5.170000000000108,-0.0020019877639498125
5.175000000000109,-0.0019985951991996626
5.18000000000011,-0.001995212857121741
5.185000000000111,-0.001991840689738197
5.190000000000111,-0.0019884786493867316
5.195000000000112,-0.001985126688731945
5.200000000000113,-0.001981784760773893
5.205000000000114,-0.001978452818795757
5.2100000000001145,-0.001975130816411375
5.215000000000115,-0.0019718187075568024
5.220000000000116,-0.001968516446453538
5.225000000000117,-0.0019652239876288744
5.230000000000118,-0.001961941285920783
5.2350000000001184,-0.001958668296468017
5.240000000000119,-0.00195540497468529
5.24500000000012,-0.0019521512763214723
5.250000000000121,-0.00194890715736746
5.255000000000122,-0.0019456725741368323
5.260000000000122,-0.0019424474832207277
5.265000000000123,-0.0019392318414893956
5.270000000000124,-0.0019360256060863238
5.275000000000125,-0.0019328287344608942
5.2800000000001255,-0.0019296411843226268
5.285000000000126,-0.0019264629136371556
5.290000000000127,-0.001923293880661221
5.295000000000128,-0.0019201340439327357
5.300000000000129,-0.0019169833622290052
5.305000000000129,-0.0019138417946072722
5.31000000000013,-0.0019107093003917553
5.315000000000131,-0.0019075858391404282
5.320000000000132,-0.001904471370705922
5.3250000000001325,-0.0019013658551693116
5.330000000000133,-0.0018982692528799134
5.335000000000134,-0.0018951815244268066
5.340000000000135,-0.0018921026306588933
5.345000000000136,-0.0018890325326693916
5.350000000000136,-0.0018859711917750363
5.355000000000137,-0.001882918569579471
5.360000000000138,-0.0018798746278877337
5.365000000000139,-0.001876839328759778
5.3700000000001396,-0.001873812634496981
5.37500000000014,-0.0018707945076274484
5.380000000000141,-0.0018677849109140724
5.385000000000142,-0.0018647838073533607
5.390000000000143,-0.001861791160161338
5.3950000000001435,-0.001858806932792131
5.400000000000144,-0.0018558310889272773
5.405000000000145,-0.0018528635924466832
5.410000000000146,-0.0018499044075033977
5.415000000000147,-0.0018469534984079307
5.420000000000147,-0.0018440108297430005
5.425000000000148,-0.0018410763662483
5.430000000000149,-0.0018381500729533408
5.43500000000015,-0.0018352319150403721
5.4400000000001505,-0.0018323218579175374
5.445000000000151,-0.0018294198672139197
5.450000000000152,-0.001826525908752497
5.455000000000153,-0.0018236399485787912
5.460000000000154,-0.001820761952922252
5.465000000000154,-0.001817891888232039
5.470000000000155,-0.0018150297211483276
5.475000000000156,-0.0018121754185096363
5.480000000000157,-0.0018093289473559402
5.4850000000001575,-0.0018064902749271778
5.490000000000158,-0.0018036593686595404
5.495000000000159,-0.0018008361961626886
5.50000000000016,-0.001798020725255072
5.505000000000161,-0.0017952129239412987
5.510000000000161,-0.0017924127604305848
5.515000000000162,-0.0017896202030776135
5.520000000000163,-0.0017868352204610943
5.525000000000164,-0.001784057781338882
5.530000000000165,-0.0017812878546243924
5.535000000000165,-0.0017785254094395285
5.540000000000166,-0.001775770415086922
5.545000000000167,-0.00177302284101947
5.550000000000168,-0.001770282656894617
5.5550000000001685,-0.0017675498325488604
5.560000000000169,-0.0017648243379526482
5.56500000000017,-0.0017621061432978322
5.570000000000171,-0.0017593952189184935
5.575000000000172,-0.001756691535331569
5.580000000000172,-0.0017539950632134882
5.585000000000173,-0.0017513057734102927
5.590000000000174,-0.0017486236369452695
5.595000000000175,-0.0017459486250001649
5.6000000000001755,-0.0017432807089075967
5.605000000000176,-0.001740619860189088
5.610000000000177,-0.0017379660504931367
5.615000000000178,-0.0017353192516576675
5.620000000000179,-0.0017326794356710723
5.625000000000179,-0.0017300465746663916
5.63000000000018,-0.0017274206409645656
5.635000000000181,-0.0017248016069950957
5.640000000000182,-0.0017221894454005093
5.6450000000001825,-0.0017195841289047845
5.650000000000183,-0.0017169856304455678
5.655000000000184,-0.0017143939230899958
5.660000000000185,-0.0017118089800435346
5.665000000000186,-0.0017092307746707546
5.6700000000001864,-0.0017066592804915416
5.675000000000187,-0.0017040944711417703
5.680000000000188,-0.0017015363204408625
5.685000000000189,-0.001698984802327688
5.69000000000019,-0.0016964398908878857
5.69500000000019,-0.0016939015603574606
5.700000000000191,-0.0016913697851043753
5.705000000000192,-0.0016888445396500815
5.710000000000193,-0.0016863257986211126
5.7150000000001935,-0.0016838135368338844
5.720000000000194,-0.001681307729186934
5.725000000000195,-0.0016788083507537984
5.730000000000196,-0.0016763153767326495
5.735000000000197,-0.001673828782445019
5.740000000000197,-0.0016713485433530002
5.745000000000198,-0.0016688746350530578
5.750000000000199,-0.0016664070332828695
5.7550000000002,-0.0016639457138653416
5.7600000000002005,-0.0016614906528146967
5.765000000000201,-0.0016590418262271253
5.770000000000202,-0.001656599210350141
5.775000000000203,-0.001654162781540632
5.780000000000204,-0.001651732516298964
5.785000000000204,-0.0016493083912332313
5.790000000000205,-0.0016468903830967694
5.795000000000206,-0.0016444784687356163
5.800000000000207,-0.0016420726251276574
5.8050000000002075,-0.0016396728294052775
5.810000000000208,-0.001637279058765006
5.815000000000209,-0.0016348912905724796
5.82000000000021,-0.0016325095022848301
5.825000000000211,-0.0016301336714684693
5.8300000000002115,-0.0016277637758479202
5.835000000000212,-0.0016253997932137753
5.840000000000213,-0.0016230417015038465
5.845000000000214,-0.001620689478768738
5.850000000000215,-0.0016183431031567637
5.855000000000215,-0.0016160025529340567
5.860000000000216,-0.0016136678064888545
5.865000000000217,-0.0016113388423108195
5.870000000000218,-0.0016090156390168083
5.8750000000002185,-0.0016066981753089485
5.880000000000219,-0.0016043864300122022
5.88500000000022,-0.0016020803820543193
5.890000000000221,-0.001599780010472069
5.895000000000222,-0.001597485294429851
5.900000000000222,-0.0015951962131531495
5.905000000000223,-0.0015929127460148887
5.910000000000224,-0.0015906348724745887
5.915000000000225,-0.0015883625721020977
5.9200000000002255,-0.0015860958245472489
5.925000000000226,-0.001583834609591676
5.930000000000227,-0.0015815789071280295
5.935000000000228,-0.0015793286971097957
5.940000000000229,-0.0015770839596088316
5.945000000000229,-0.0015748446748072372
5.95000000000023,-0.0015726108229858118
5.955000000000231,-0.0015703823845020356
5.960000000000232,-0.0015681593398454863
5.965000000000233,-0.0015659416695574153
5.970000000000233,-0.0015637293543190097
5.975000000000234,-0.001561522374900784
5.980000000000235,-0.0015593207121317237
5.985000000000236,-0.001557124346983304
5.9900000000002365,-0.0015549332604894298
5.995000000000237,-0.0015527474337810945
6.000000000000238,-0.00155056684809958
