0.0,-80.0
0.005,-79.99980941259507
0.01,-79.99953371511103
0.015000000000000001,-79.9992248117881
0.02,-79.99890881472633
0.024999999999999998,-79.99859858016599
0.029999999999999995,-79.99830009719857
0.034999999999999996,-79.99801580030072
0.04,-79.99774630284523
0.045000000000000005,-79.99749130887298
0.05000000000000001,-79.99725009323964
0.055000000000000014,-79.99702175350146
0.06000000000000002,-79.99680534049145
0.06500000000000002,-79.99659992423642
0.07000000000000002,-79.99640462540334
0.07500000000000002,-79.99621862844805
0.08000000000000003,-79.996041185166
0.08500000000000003,-79.99587161333957
0.09000000000000004,-79.99570929301484
0.09500000000000004,-79.99555366177056
0.10000000000000005,-79.9954042097035
0.10500000000000005,-79.99526047450591
0.11000000000000006,-79.99512203682012
0.11500000000000006,-79.99498851595092
0.12000000000000006,-79.99485956596027
0.12500000000000006,-79.994734872139
0.13000000000000006,-79.99461414783514
0.13500000000000006,-79.99449713161177
0.14000000000000007,-79.99438358470513
0.14500000000000007,-79.99427328875363
0.15000000000000008,-79.99416604376987
0.15500000000000008,-79.99406166633017
0.1600000000000001,-79.9939599879579
0.1650000000000001,-79.9938608536793
0.1700000000000001,-79.99376412073299
0.1750000000000001,-79.99366965741596
0.1800000000000001,-79.99357734205077
0.1850000000000001,-79.9934870620608
0.1900000000000001,-79.99339871314133
0.19500000000000012,-79.99331219851592
0.20000000000000012,-79.99322742826864
0.20500000000000013,-79.99314431874389
0.21000000000000013,-79.99306279200643
0.21500000000000014,-79.99298277535492
0.22000000000000014,-79.99290420088337
0.22500000000000014,-79.99282700508526
0.23000000000000015,-79.99275112849567
0.23500000000000015,-79.99267651536759
0.24000000000000016,-79.99260311337865
0.24500000000000016,-79.99253087336514
0.25000000000000017,-79.99245974908048
0.25500000000000017,-79.99238969697561
0.2600000000000002,-79.99232067599907
0.2650000000000002,-79.99225264741479
0.2700000000000002,-79.99218557463577
0.2750000000000002,-79.99211942307211
0.2800000000000002,-79.99205415999198
0.2850000000000002,-79.9919897543942
0.2900000000000002,-79.9919261768914
0.2950000000000002,-79.99186339960269
0.3000000000000002,-79.99180139605504
0.3050000000000002,-79.99174014109232
0.3100000000000002,-79.9916796107916
0.3150000000000002,-79.99161978238583
0.32000000000000023,-79.99156063419237
0.32500000000000023,-79.99150214554699
0.33000000000000024,-79.99144429674259
0.33500000000000024,-79.99138706897247
0.34000000000000025,-79.99133044427771
0.34500000000000025,-79.99127440549812
0.35000000000000026,-79.99121893622683
0.35500000000000026,-79.99116402076781
0.36000000000000026,-79.99110964409643
0.36500000000000027,-79.99105579182255
0.3700000000000003,-79.9910024501561
0.3750000000000003,-79.99094960587493
0.3800000000000003,-79.99089724629475
0.3850000000000003,-79.99084535924085
0.3900000000000003,-79.99079393302182
0.3950000000000003,-79.99074295640467
0.4000000000000003,-79.99069241859172
0.4050000000000003,-79.9906423091986
0.4100000000000003,-79.99059261823395
0.4150000000000003,-79.9905433360799
0.4200000000000003,-79.99049445347407
0.4250000000000003,-79.9904459614924
0.4300000000000003,-79.99039785153305
0.43500000000000033,-79.99035011530114
0.44000000000000034,-79.99030274479446
0.44500000000000034,-79.99025573228994
0.45000000000000034,-79.99020907033078
0.45500000000000035,-79.99016275171442
0.46000000000000035,-79.99011676948109
0.46500000000000036,-79.99007111690295
0.47000000000000036,-79.99002578747393
0.47500000000000037,-79.9899807748999
0.48000000000000037,-79.98993607308962
0.4850000000000004,-79.9898916761459
0.4900000000000004,-79.98984757835738
0.4950000000000004,-79.98980377419072
0.5000000000000003,-79.9897602582831
0.5050000000000002,-79.98971702543517
0.5100000000000001,-79.98967407060435
0.515,-79.98963138889843
0.5199999999999999,-79.98958897556946
0.5249999999999998,-79.98954682600802
0.5299999999999997,-79.98950493573773
0.5349999999999996,-79.98946330040998
0.5399999999999995,-79.98942191579899
0.5449999999999994,-79.98938077779701
0.5499999999999993,-79.98933988240987
0.5549999999999992,-79.98929922575257
0.559999999999999,-79.98925880404529
0.564999999999999,-79.98921861360935
0.5699999999999988,-79.98917865086355
0.5749999999999987,-79.98913891232054
0.5799999999999986,-79.98909939458345
0.5849999999999985,-79.9890600943426
0.5899999999999984,-79.9890210083724
0.5949999999999983,-79.98898213352835
0.5999999999999982,-79.98894346674425
0.6049999999999981,-79.98890500502938
0.609999999999998,-79.98886674546598
0.6149999999999979,-79.98882868520673
0.6199999999999978,-79.98879082147232
0.6249999999999977,-79.98875315154923
0.6299999999999976,-79.9887156727875
0.6349999999999975,-79.98867838259865
0.6399999999999973,-79.98864127845363
0.6449999999999972,-79.9886043578809
0.6499999999999971,-79.98856761846461
0.654999999999997,-79.98853105784282
0.6599999999999969,-79.98849467370574
0.6649999999999968,-79.98845846379416
0.6699999999999967,-79.98842242589781
0.6749999999999966,-79.98838655785394
0.6799999999999965,-79.9883508575458
0.6849999999999964,-79.98831532290123
0.6899999999999963,-79.98827995189137
0.6949999999999962,-79.98824474252937
0.6999999999999961,-79.98820969286915
0.704999999999996,-79.9881748010041
0.7099999999999959,-79.9881400650661
0.7149999999999958,-79.9881054832243
0.7199999999999956,-79.9880710536841
0.7249999999999955,-79.98803677468607
0.7299999999999954,-79.98800264450506
0.7349999999999953,-79.98796866144913
0.7399999999999952,-79.98793482385874
0.7449999999999951,-79.98790113010577
0.749999999999995,-79.98786757859273
0.7549999999999949,-79.9878341677519
0.7599999999999948,-79.98780089604456
0.7649999999999947,-79.98776776196019
0.7699999999999946,-79.98773476401576
0.7749999999999945,-79.987701900755
0.7799999999999944,-79.98766917074771
0.7849999999999943,-79.98763657258907
0.7899999999999942,-79.987604104899
0.794999999999994,-79.98757176632161
0.7999999999999939,-79.98753955552445
0.8049999999999938,-79.98750747119804
0.8099999999999937,-79.9874755120553
0.8149999999999936,-79.98744367683092
0.8199999999999935,-79.98741196428092
0.8249999999999934,-79.98738037318209
0.8299999999999933,-79.98734890233149
0.8349999999999932,-79.98731755054601
0.8399999999999931,-79.98728631666185
0.844999999999993,-79.9872551995341
0.8499999999999929,-79.9872241980363
0.8549999999999928,-79.98719331106
0.8599999999999927,-79.98716253751435
0.8649999999999926,-79.98713187632575
0.8699999999999924,-79.98710132643738
0.8749999999999923,-79.98707088680888
0.8799999999999922,-79.98704055641596
0.8849999999999921,-79.98701033425009
0.889999999999992,-79.98698021931807
0.8949999999999919,-79.9869502106418
0.8999999999999918,-79.98692030725786
0.9049999999999917,-79.98689050821727
0.9099999999999916,-79.98686081258514
0.9149999999999915,-79.98683121944038
0.9199999999999914,-79.98680172787543
0.9249999999999913,-79.98677233699595
0.9299999999999912,-79.98674304592056
0.9349999999999911,-79.98671385378057
0.939999999999991,-79.98668475971974
0.9449999999999908,-79.98665576289399
0.9499999999999907,-79.9866268624712
0.9549999999999906,-79.98659805763096
0.9599999999999905,-79.98656934756427
0.9649999999999904,-79.98654073147344
0.9699999999999903,-79.98651220857175
0.9749999999999902,-79.98648377808333
0.9799999999999901,-79.98645543924285
0.98499999999999,-79.98642719129542
0.9899999999999899,-79.98639903349631
0.9949999999999898,-79.98637096511082
0.9999999999999897,-79.98634298541403
1.0049999999999897,-79.9863150280992
1.0099999999999896,-79.98628682916898
1.0149999999999895,-79.98625781079937
1.0199999999999894,-79.98622705366284
1.0249999999999893,-79.98619334486426
1.0299999999999891,-79.98615524765646
1.034999999999989,-79.98611114675612
1.039999999999989,-79.98605924386088
1.0449999999999888,-79.98599750678653
1.0499999999999887,-79.98592360154609
1.0549999999999886,-79.98583482336198
1.0599999999999885,-79.98572800195257
1.0649999999999884,-79.98559935912017
1.0699999999999883,-79.9854443592832
1.0749999999999882,-79.98525758714351
1.079999999999988,-79.98503257934259
1.084999999999988,-79.98476151858786
1.0899999999999879,-79.98443489176664
1.0949999999999878,-79.98404126026055
1.0999999999999877,-79.9835669639778
1.1049999999999875,-79.98299543438233
1.1099999999999874,-79.98230635043465
1.1149999999999873,-79.98147521137172
1.1199999999999872,-79.98047290991458
1.1249999999999871,-79.97926419585701
1.129999999999987,-79.97780547113372
1.134999999999987,-79.97604399005137
1.1399999999999868,-79.97391763881365
1.1449999999999867,-79.9713515884992
1.1499999999999866,-79.96825226305687
1.1549999999999865,-79.96450564929282
1.1599999999999864,-79.9599791306428
1.1649999999999863,-79.95451462769326
1.1699999999999862,-79.94791159628214
1.174999999999986,-79.9399222347739
1.179999999999986,-79.93026294204817
1.1849999999999858,-79.91860215771894
1.1899999999999857,-79.90451172968525
1.1949999999999856,-79.88744895529769
1.1999999999999855,-79.86680478207927
1.2049999999999854,-79.84189099584586
1.2099999999999853,-79.81180037120845
1.2149999999999852,-79.77533306262107
1.219999999999985,-79.73116906687993
1.224999999999985,-79.6779016447253
1.2299999999999849,-79.61363457556214
1.2349999999999848,-79.53568844849758
1.2399999999999847,-79.44115178878812
1.2449999999999846,-79.32721476112305
1.2499999999999845,-79.1900103084393
1.2549999999999844,-79.02350312927977
1.2599999999999842,-78.8210816127975
1.2649999999999841,-78.57732537200658
1.269999999999984,-78.2847066025622
1.274999999999984,-77.92956316406259
1.2799999999999838,-77.49626774511705
1.2849999999999837,-76.97487976679695
1.2899999999999836,-76.35214840449062
1.2949999999999835,-75.59721007917044
1.2999999999999834,-74.671516056039
1.3049999999999833,-73.55807497716567
1.3099999999999832,-72.23962068025716
1.314999999999983,-70.64781645424424
1.319999999999983,-68.68494456537684
1.3249999999999829,-66.32591187793821
1.3299999999999828,-63.5804990408987
1.3349999999999826,-60.31759890064294
1.3399999999999825,-56.33068945115875
1.3449999999999824,-51.74177902490668
1.3499999999999823,-47.12596360697296
1.3549999999999822,-42.91242009406491
1.3599999999999821,-39.176002140687
1.364999999999982,-35.855942285027005
1.369999999999982,-32.93529146749373
1.3749999999999818,-30.425846545953068
1.3799999999999817,-28.303437681822565
1.3849999999999816,-26.51550165255783
1.3899999999999815,-25.014884535147576
1.3949999999999814,-23.770925797161304
1.3999999999999813,-22.756647809748195
1.4049999999999812,-21.942755521723242
1.409999999999981,-21.30151369214392
1.414999999999981,-20.81099246395409
1.4199999999999808,-20.453678254634273
1.4249999999999807,-20.213897449189215
1.4299999999999806,-20.077325399165716
1.4349999999999805,-20.03175244649353
1.4399999999999804,-20.067134732242383
1.4449999999999803,-20.174887290777317
1.4499999999999802,-20.347378294290632
1.45499999999998,-20.577874813920054
1.45999999999998,-20.860564576621165
1.4649999999999799,-21.19038828876392
1.4699999999999798,-21.562825662547183
1.4749999999999797,-21.973781837638974
1.4799999999999796,-22.41955504129885
1.4849999999999794,-22.89679025062293
1.4899999999999793,-23.40240736926311
1.4949999999999792,-23.93354226749707
1.4999999999999791,-24.487518005578934
1.504999999999979,-25.06182754280497
1.509999999999979,-25.65411278689683
1.5149999999999788,-26.26214366791434
1.5199999999999787,-26.883804984255395
1.5249999999999786,-27.517090230055075
1.5299999999999785,-28.16009700563578
1.5349999999999784,-28.811022196589885
1.5399999999999783,-29.46815843243815
1.5449999999999782,-30.129892703946208
1.549999999999978,-30.79470599548858
1.554999999999978,-31.461172756310066
1.5599999999999778,-32.12796009136689
1.5649999999999777,-32.793827001521485
1.5699999999999776,-33.457623592796466
1.5749999999999775,-34.118289897394035
1.5799999999999774,-34.774854129097335
1.5849999999999773,-35.426430449448226
1.5899999999999772,-36.07221633641711
1.594999999999977,-36.71148955090367
1.599999999999977,-37.34360469001062
1.604999999999977,-37.967989387774466
1.6099999999999768,-38.58414026593413
1.6149999999999767,-39.19161872030256
1.6199999999999766,-39.79004660664222
1.6249999999999765,-40.37910189236151
1.6299999999999764,-40.95851434908677
1.6349999999999763,-41.52806135450688
1.6399999999999761,-42.0875638552509
1.644999999999976,-42.63688252928003
1.649999999999976,-43.17591417860763
1.6549999999999758,-43.70458837495515
1.6599999999999757,-44.22286437000628
1.6649999999999756,-44.73072827135555
1.6699999999999755,-45.228190477592754
1.6749999999999754,-45.715283360525085
1.6799999999999753,-46.1920591778847
1.6849999999999752,-46.65858819602859
1.689999999999975,-47.114956999832444
1.694999999999975,-47.56126696630548
1.6999999999999749,-47.99763287885803
1.7049999999999748,-48.4241816602253
1.7099999999999747,-48.841051203733976
1.7149999999999745,-49.24838928486054
1.7199999999999744,-49.64635253765872
1.7249999999999743,-50.03510548336949
1.7299999999999742,-50.41481960121912
1.7349999999999741,-50.78567243398957
1.739999999999974,-51.147846723336116
1.744999999999974,-51.50152957194367
1.7499999999999738,-51.84691163140353
1.7549999999999737,-52.18418631614215
1.7599999999999736,-52.51354904484359
1.7649999999999735,-52.835196511590624
1.7699999999999734,-53.14932598942588
1.7749999999999733,-53.45613466923855
1.7799999999999732,-53.75581903685252
1.784999999999973,-54.04857429097248
1.789999999999973,-54.334593804277546
1.7949999999999728,-54.61406862947773
1.7999999999999727,-54.887187051604265
1.8049999999999726,-55.154134187224784
1.8099999999999725,-55.4150916306871
1.8149999999999724,-55.670237146927754
1.8199999999999723,-55.91974440985088
1.8249999999999722,-56.1637827848059
1.829999999999972,-56.40251715327762
1.834999999999972,-56.63610777755581
1.8399999999999719,-56.86471020287631
1.8449999999999718,-57.08847519431891
1.8499999999999717,-57.307548705608575
1.8549999999999716,-57.52207187688876
1.8599999999999715,-57.73218105851426
1.8649999999999713,-57.93800785793809
1.8699999999999712,-58.1396792068368
1.8749999999999711,-58.33731744572168
1.879999999999971,-58.53104042341615
1.884999999999971,-58.72096160893215
1.8899999999999708,-58.90719021344672
1.8949999999999707,-59.089831320258455
1.8999999999999706,-59.26898602078688
1.9049999999999705,-59.44475155486213
1.9099999999999704,-59.6172214537352
1.9149999999999703,-59.78648568441632
1.9199999999999702,-59.95263079411891
1.92499999999997,-60.1157400537488
1.92999999999997,-60.275893599529454
1.9349999999999699,-60.43316857199497
1.9399999999999697,-60.587639251712005
1.9449999999999696,-60.73937719121029
1.9499999999999695,-60.88845134270805
1.9549999999999694,-61.03492818131472
1.9599999999999693,-61.17887182347838
1.9649999999999692,-61.32034414052098
1.969999999999969,-61.459404867169425
1.974999999999969,-61.59611170504825
1.979999999999969,-61.730520421147425
1.9849999999999688,-61.862684941320644
1.9899999999999687,-61.992657438903585
1.9949999999999686,-62.12048841856974
1.9999999999999685,-62.24622679556447
2.0049999999999684,-62.369919970475415
2.0099999999999683,-62.491613899711425
2.014999999999968,-62.61135316187137
2.019999999999968,-62.72918102019133
2.024999999999968,-62.8451394812617
2.029999999999968,-62.95926935020762
2.0349999999999677,-63.071610282525015
2.0399999999999676,-63.18220083276195
2.0449999999999675,-63.29107850023165
2.0499999999999674,-63.39827977193805
2.0549999999999673,-63.50384016288902
2.059999999999967,-63.60779425396594
2.064999999999967,-63.71017572751106
2.069999999999967,-63.81101740078661
2.074999999999967,-63.910351257452334
2.0799999999999668,-64.0082084771996
2.0849999999999667,-64.1046194636733
2.0899999999999666,-64.19961387080451
2.0949999999999664,-64.29322062766941
2.0999999999999663,-64.38546796198256
2.1049999999999662,-64.4763834223255
2.109999999999966,-64.5659938992049
2.114999999999966,-64.65432564502724
2.119999999999966,-64.74140429307165
2.124999999999966,-64.82725487553547
2.1299999999999657,-64.91190184072234
2.1349999999999656,-64.99536906943656
2.1399999999999655,-65.07767989064291
2.1449999999999654,-65.15885709644593
2.1499999999999653,-65.23892295643873
2.154999999999965,-65.31789923146692
2.159999999999965,-65.39580718684947
2.164999999999965,-65.47266760509478
2.169999999999965,-65.54850079814734
2.1749999999999647,-65.6233266191963
2.1799999999999646,-65.69716447407565
2.1849999999999645,-65.7700333322824
2.1899999999999644,-65.84195173763695
2.1949999999999643,-65.91293781860779
2.199999999999964,-65.98300929832048
2.204999999999964,-66.05218350426921
2.209999999999964,-66.12047737774758
2.214999999999964,-66.18790748301362
2.219999999999964,-66.25449001620291
2.2249999999999637,-66.3202408140021
2.2299999999999636,-66.38517536209443
2.2349999999999635,-66.44930880338728
2.2399999999999634,-66.51265594603176
2.2449999999999632,-66.57523127124219
2.249999999999963,-66.63704894092423
2.254999999999963,-66.69812280511802
2.259999999999963,-66.75846640926368
2.264999999999963,-66.81809300129471
2.2699999999999627,-66.87701553856527
2.2749999999999626,-66.93524669461631
2.2799999999999625,-66.99279886578542
2.2849999999999624,-67.04968417766484
2.2899999999999623,-67.10591449141187
2.294999999999962,-67.1615014099154
2.299999999999962,-67.2164562838224
2.304999999999962,-67.27079021742757
2.309999999999962,-67.3245140744298
2.3149999999999618,-67.37763848355794
2.3199999999999616,-67.4301738440694
2.3249999999999615,-67.482130331124
2.3299999999999614,-67.5335179010359
2.3349999999999613,-67.58434629640622
2.3399999999999612,-67.63462505113866
2.344999999999961,-67.68436349534089
2.349999999999961,-67.73357076011362
2.354999999999961,-67.78225578222995
2.359999999999961,-67.83042730870704
2.3649999999999607,-67.87809390127235
2.3699999999999606,-67.92526394072654
2.3749999999999605,-67.97194563120505
2.3799999999999604,-68.01814700434049
2.3849999999999603,-68.06387592332781
2.38999999999996,-68.10914008689403
2.39499999999996,-68.15394703317486
2.39999999999996,-68.19830414349966
2.40499999999996,-68.24221864608684
2.4099999999999597,-68.28569761965171
2.4149999999999596,-68.32874799692816
2.4199999999999595,-68.37137656810634
2.4249999999999594,-68.41358998418796
2.4299999999999593,-68.45539476026097
2.434999999999959,-68.49679727869527
2.439999999999959,-68.5378037922613
2.444999999999959,-68.57842042717304
2.449999999999959,-68.61865318605706
2.4549999999999588,-68.65850795084941
2.4599999999999587,-68.69799048562172
2.4649999999999586,-68.7371064393382
2.4699999999999585,-68.77586134854523
2.4749999999999583,-68.81426063999466
2.4799999999999582,-68.8523096332028
2.484999999999958,-68.89001354294624
2.489999999999958,-68.92737748169613
2.494999999999958,-68.96440646199221
2.499999999999958,-69.00110539875817
2.5049999999999577,-69.03747911155948
2.5099999999999576,-69.07353232680533
2.5149999999999575,-69.10926967989582
2.5199999999999574,-69.14469571731561
2.5249999999999573,-69.17981489867572
2.529999999999957,-69.21463159870414
2.534999999999957,-69.2491501091872
2.539999999999957,-69.2833746408621
2.544999999999957,-69.31730932526253
2.5499999999999567,-69.3509582165181
2.5549999999999566,-69.38432529310877
2.5599999999999565,-69.41741445957555
2.5649999999999564,-69.45022954818845
2.5699999999999563,-69.48277432057269
2.574999999999956,-69.51505246929439
2.579999999999956,-69.54706761940659
2.584999999999956,-69.57882332995672
2.589999999999956,-69.61032309545637
2.594999999999956,-69.64157034731443
2.5999999999999557,-69.67256845523453
2.6049999999999556,-69.70332072857758
2.6099999999999555,-69.73383041769043
2.6149999999999554,-69.76410071520144
2.6199999999999553,-69.79413475728384
2.624999999999955,-69.82393562488767
2.629999999999955,-69.8535063449412
2.634999999999955,-69.88284989152253
2.639999999999955,-69.91196918700217
2.6449999999999547,-69.94086710315739
2.6499999999999546,-69.96954646225895
2.6549999999999545,-69.99801003813114
2.6599999999999544,-70.02626055718561
2.6649999999999543,-70.05430069942979
2.669999999999954,-70.08213309945057
2.674999999999954,-70.10976034737381
2.679999999999954,-70.13718498980032
2.684999999999954,-70.16440953071911
2.6899999999999538,-70.19143643239822
2.6949999999999537,-70.21826811625381
2.6999999999999535,-70.24490696369833
2.7049999999999534,-70.27135531696786
2.7099999999999533,-70.29761547992963
2.7149999999999532,-70.32368971886987
2.719999999999953,-70.34958026326277
2.724999999999953,-70.37528930652084
2.729999999999953,-70.40081900672733
2.734999999999953,-70.42617148735108
2.7399999999999527,-70.45134883794428
2.7449999999999526,-70.47635311482355
2.7499999999999525,-70.50118634173495
2.7549999999999524,-70.525850510503
2.7599999999999523,-70.55034758166461
2.764999999999952,-70.57467948508776
2.769999999999952,-70.5988481205758
2.774999999999952,-70.62285535845747
2.779999999999952,-70.64670304016322
2.7849999999999517,-70.67039297878783
2.7899999999999516,-70.6939269596402
2.7949999999999515,-70.71730674078013
2.7999999999999514,-70.74053405354286
2.8049999999999513,-70.7636106030513
2.809999999999951,-70.78653806871668
2.814999999999951,-70.80931810472745
2.819999999999951,-70.83195234052724
2.824999999999951,-70.85444238128171
2.8299999999999508,-70.87678980833493
2.8349999999999507,-70.89899617965523
2.8399999999999506,-70.92106303027111
2.8449999999999505,-70.94299187269733
2.8499999999999504,-70.96478419735125
2.8549999999999502,-70.98644147296005
2.85999999999995,-71.00796514695871
2.86499999999995,-71.02935664587922
2.86999999999995,-71.05061737573111
2.87499999999995,-71.07174872237351
2.8799999999999497,-71.09275205187922
2.8849999999999496,-71.11362871089044
2.8899999999999495,-71.13438002696708
2.8949999999999494,-71.1550073089272
2.8999999999999493,-71.17551184718013
2.904999999999949,-71.19589491405249
2.909999999999949,-71.21615776410694
2.914999999999949,-71.23630163445429
2.919999999999949,-71.2563277450588
2.9249999999999488,-71.27623729903696
2.9299999999999486,-71.29603148294994
2.9349999999999485,-71.31571146708984
2.9399999999999484,-71.33527840575985
2.9449999999999483,-71.35473343754857
2.949999999999948,-71.37407768559852
2.954999999999948,-71.39331225786904
2.959999999999948,-71.41243824739371
2.964999999999948,-71.43145673253251
2.969999999999948,-71.45036877721866
2.9749999999999477,-71.46917543120036
2.9799999999999476,-71.48787773027766
2.9849999999999475,-71.5064766965345
2.9899999999999474,-71.52497333856587
2.9949999999999473,-71.54336865170049
2.999999999999947,-71.56166361821894
3.004999999999947,-71.57985920756745
3.009999999999947,-71.59795637656731
3.014999999999947,-71.61595606962011
3.0199999999999467,-71.63385921890898
3.0249999999999466,-71.65166674459572
3.0299999999999465,-71.6693795550141
3.0349999999999464,-71.68699854685937
3.0399999999999463,-71.70452460537393
3.044999999999946,-71.72195860452956
3.049999999999946,-71.73930140720594
3.054999999999946,-71.75655386536576
3.059999999999946,-71.77371682022647
3.0649999999999458,-71.79079110242873
3.0699999999999457,-71.80777753220154
3.0749999999999456,-71.82467691952435
3.0799999999999454,-71.84149006428592
3.0849999999999453,-71.85821775644037
3.0899999999999452,-71.87486077616008
3.094999999999945,-71.89141989398586
3.099999999999945,-71.90789587097422
3.104999999999945,-71.92428945884195
3.109999999999945,-71.94060140010792
3.1149999999999447,-71.95683242823239
3.1199999999999446,-71.97298326775359
3.1249999999999445,-71.98905463442196
3.1299999999999444,-72.00504723533172
3.1349999999999443,-72.02096176905022
3.139999999999944,-72.0367989257449
3.144999999999944,-72.05255938730785
3.149999999999944,-72.06824382747824
3.154999999999944,-72.0838529119625
3.1599999999999437,-72.09938729855229
3.1649999999999436,-72.11484763724052
3.1699999999999435,-72.1302345703351
3.1749999999999434,-72.14554873257087
3.1799999999999433,-72.16079075121941
3.184999999999943,-72.17596124619696
3.189999999999943,-72.19106083017056
3.194999999999943,-72.20609010866211
3.199999999999943,-72.22104968015086
3.204999999999943,-72.23594013617392
3.2099999999999427,-72.2507620614252
3.2149999999999426,-72.26551603385256
3.2199999999999425,-72.28020262475326
3.2249999999999424,-72.29482239886785
3.2299999999999423,-72.3093759144725
3.234999999999942,-72.32386372346957
3.239999999999942,-72.33828637147695
3.244999999999942,-72.35264439791561
3.249999999999942,-72.36693833609581
3.2549999999999417,-72.38116871330188
3.2599999999999416,-72.39533605087553
3.2649999999999415,-72.40944086429785
3.2699999999999414,-72.42348366326992
3.2749999999999413,-72.43746495179198
3.279999999999941,-72.45138522824153
3.284999999999941,-72.46524498544994
3.289999999999941,-72.47904471077791
3.294999999999941,-72.49278488618968
3.2999999999999408,-72.50646598832603
3.3049999999999407,-72.52008848857609
3.3099999999999405,-72.53365285314808
3.3149999999999404,-72.54715954313876
3.3199999999999403,-72.5606090146019
3.3249999999999402,-72.57400171861556
3.32999999999994,-72.58733810134845
3.33499999999994,-72.60061860412503
3.33999999999994,-72.61384366348975
3.34499999999994,-72.6270137112702
3.3499999999999397,-72.64012917463926
3.3549999999999396,-72.65319047617636
3.3599999999999395,-72.6661980339277
3.3649999999999394,-72.67915226146553
3.3699999999999393,-72.6920535679466
3.374999999999939,-72.7049023581696
3.379999999999939,-72.7176990326318
3.384999999999939,-72.73044398758474
3.389999999999939,-72.74313761508915
3.3949999999999387,-72.75578030306897
3.3999999999999386,-72.7683724353646
3.4049999999999385,-72.78091439178526
3.4099999999999384,-72.79340654816063
3.4149999999999383,-72.80584927639174
3.419999999999938,-72.81824294450094
3.424999999999938,-72.8305879166813
3.429999999999938,-72.84288455334519
3.434999999999938,-72.85513321117212
3.4399999999999378,-72.86733424315587
3.4449999999999377,-72.87948799865096
3.4499999999999376,-72.89159482341846
3.4549999999999375,-72.90365505967097
3.4599999999999373,-72.91566904611713
3.4649999999999372,-72.92763711800536
3.469999999999937,-72.93955960716698
3.474999999999937,-72.95143684205874
3.479999999999937,-72.96326914780467
3.484999999999937,-72.97505684623738
3.4899999999999367,-72.98680025593872
3.4949999999999366,-72.99849969227986
3.4999999999999365,-73.01015546746089
3.5049999999999364,-73.02176789054961
3.5099999999999363,-73.03333726752005
3.514999999999936,-73.04486390129026
3.519999999999936,-73.05634809175957
3.524999999999936,-73.06779013584543
3.529999999999936,-73.07919032751963
3.5349999999999357,-73.090548957844
3.5399999999999356,-73.1018663150057
3.5449999999999355,-73.11314268435187
3.5499999999999354,-73.12437834842397
3.5549999999999353,-73.13557358699151
3.559999999999935,-73.14672867708529
3.564999999999935,-73.1578438930303
3.569999999999935,-73.16891950647809
3.574999999999935,-73.17995578643863
3.579999999999935,-73.19095299931185
3.5849999999999347,-73.20191140891866
3.5899999999999346,-73.21283127653157
3.5949999999999345,-73.22371286090493
3.5999999999999344,-73.2345564183046
3.6049999999999343,-73.24536220253748
3.609999999999934,-73.25613046498033
3.614999999999934,-73.26686145460846
3.619999999999934,-73.27755541802385
3.624999999999934,-73.288212599483
3.6299999999999337,-73.29883324092435
3.6349999999999336,-73.30941758199532
3.6399999999999335,-73.319965860079
3.6449999999999334,-73.33047831032049
3.6499999999999333,-73.34095516565294
3.654999999999933,-73.35139665682308
3.659999999999933,-73.3618030124166
3.664999999999933,-73.37217445888304
3.669999999999933,-73.38251122056042
3.6749999999999328,-73.39281351969954
3.6799999999999327,-73.40308157648798
3.6849999999999326,-73.4133156090737
3.6899999999999324,-73.42351583358844
3.6949999999999323,-73.43368246417064
3.6999999999999322,-73.44381571298831
3.704999999999932,-73.45391579026133
3.709999999999932,-73.46398290428371
3.714999999999932,-73.47401726144531
3.719999999999932,-73.48401906625348
3.7249999999999317,-73.49398852135434
3.7299999999999316,-73.50392582755372
3.7349999999999315,-73.51383118383792
3.7399999999999314,-73.52370478739421
3.7449999999999313,-73.53354683363095
3.749999999999931,-73.54335751619762
3.754999999999931,-73.55313702700435
3.759999999999931,-73.5628855562415
3.764999999999931,-73.57260329239874
3.7699999999999307,-73.58229042228399
3.7749999999999306,-73.59194713104213
3.7799999999999305,-73.6015736021734
3.7849999999999304,-73.61117001755166
3.7899999999999303,-73.6207365574423
3.79499999999993,-73.6302734005201
3.79999999999993,-73.63978072388663
3.80499999999993,-73.64925870308765
3.80999999999993,-73.6587075121301
3.81499999999993,-73.66812732349906
3.8199999999999297,-73.6775183081743
3.8249999999999296,-73.68688063564682
3.8299999999999295,-73.69621447393502
3.8349999999999294,-73.70551998960077
3.8399999999999292,-73.71479734776524
3.844999999999929,-73.72404671212448
3.849999999999929,-73.73326824496492
3.854999999999929,-73.7424621071786
3.859999999999929,-73.75162845827822
3.8649999999999287,-73.76076745641198
3.8699999999999286,-73.7698792583783
3.8749999999999285,-73.77896401964031
3.8799999999999284,-73.78802189434016
3.8849999999999283,-73.7970530353132
3.889999999999928,-73.80605759410187
3.894999999999928,-73.81503572096959
3.899999999999928,-73.82398756491433
3.904999999999928,-73.8329132736821
3.9099999999999278,-73.84181299378021
3.9149999999999276,-73.85068687049043
3.9199999999999275,-73.85953504788196
3.9249999999999274,-73.86835766882423
3.9299999999999273,-73.87715487499956
3.9349999999999272,-73.88592680691566
3.939999999999927,-73.894673603918
3.944999999999927,-73.90339540420196
3.949999999999927,-73.91209234482493
3.954999999999927,-73.92076456171822
3.9599999999999267,-73.92941218969877
3.9649999999999266,-73.93803536248083
3.9699999999999265,-73.94663421268739
3.9749999999999264,-73.95520887186154
3.9799999999999263,-73.96375947047771
3.984999999999926,-73.97228613795266
3.989999999999926,-73.98078900265651
3.994999999999926,-73.98926819192346
3.999999999999926,-73.99772383206252
4.004999999999926,-74.00615604836808
4.009999999999927,-74.01456496513025
4.014999999999928,-74.02295070564524
4.0199999999999285,-74.03131339222551
4.024999999999929,-74.03965314620983
4.02999999999993,-74.04797008797317
4.034999999999931,-74.0562643369366
4.039999999999932,-74.06453601157692
4.044999999999932,-74.07278522943632
4.049999999999933,-74.08101210713178
4.054999999999934,-74.0892167603645
4.059999999999935,-74.09739930392908
4.0649999999999356,-74.10555985172275
4.069999999999936,-74.11369851675431
4.074999999999937,-74.12181541115316
4.079999999999938,-74.12991064617808
4.084999999999939,-74.13798433222593
4.0899999999999395,-74.1460365788403
4.09499999999994,-74.15406749472001
4.099999999999941,-74.16207718772759
4.104999999999942,-74.17006576489753
4.109999999999943,-74.17803333244454
4.114999999999943,-74.18597999577167
4.119999999999944,-74.19390585947839
4.124999999999945,-74.20181102736846
4.129999999999946,-74.20969560245786
4.1349999999999465,-74.21755968698248
4.139999999999947,-74.22540338240584
4.144999999999948,-74.23322678942667
4.149999999999949,-74.24103000798638
4.15499999999995,-74.24881313727651
4.15999999999995,-74.25657627574603
4.164999999999951,-74.26431952110856
4.169999999999952,-74.27204297034957
4.174999999999953,-74.27974671973345
4.1799999999999535,-74.28743086481049
4.184999999999954,-74.29509550042381
4.189999999999955,-74.30274072071616
4.194999999999956,-74.31036661913677
4.199999999999957,-74.31797328844792
4.204999999999957,-74.32556082073164
4.209999999999958,-74.33312930739619
4.214999999999959,-74.34067883918254
4.21999999999996,-74.34820950617075
4.224999999999961,-74.35572139778628
4.229999999999961,-74.36321460280627
4.234999999999962,-74.37068920936561
4.239999999999963,-74.37814530496318
4.244999999999964,-74.3855829764678
4.2499999999999645,-74.3930023101242
4.254999999999965,-74.40040339155894
4.259999999999966,-74.40778630578626
4.264999999999967,-74.41515113721381
4.269999999999968,-74.42249796964838
4.274999999999968,-74.42982688630151
4.279999999999969,-74.43713796979513
4.28499999999997,-74.44443130216703
4.289999999999971,-74.45170696487631
4.2949999999999715,-74.45896503880881
4.299999999999972,-74.46620560428241
4.304999999999973,-74.47342874105233
4.309999999999974,-74.48063452831633
4.314999999999975,-74.48782304471989
4.319999999999975,-74.49499436836126
4.324999999999976,-74.50214857679663
4.329999999999977,-74.50928574704497
4.334999999999978,-74.51640595559306
4.3399999999999785,-74.52350927840037
4.344999999999979,-74.53059579090385
4.34999999999998,-74.53766556802273
4.354999999999981,-74.54471868416327
4.359999999999982,-74.55175521322337
4.3649999999999824,-74.55877522859727
4.369999999999983,-74.56577880318002
4.374999999999984,-74.57276600937212
4.379999999999985,-74.57973691908389
4.384999999999986,-74.58669160373998
4.389999999999986,-74.59363013428369
4.394999999999987,-74.60055258118132
4.399999999999988,-74.60745901442644
4.404999999999989,-74.61434950354416
4.4099999999999895,-74.62122411759529
4.41499999999999,-74.62808292518048
4.419999999999991,-74.63492599444436
4.424999999999992,-74.64175339307955
4.429999999999993,-74.64856518833074
4.434999999999993,-74.65536144699857
4.439999999999994,-74.66214223544365
4.444999999999995,-74.66890761959037
4.449999999999996,-74.67565766493082
4.4549999999999965,-74.68239243652854
4.459999999999997,-74.6891119990223
4.464999999999998,-74.69581641662981
4.469999999999999,-74.70250575315146
4.475,-74.70918007197388
4.48,-74.71583943607362
4.485000000000001,-74.7224839080207
4.490000000000002,-74.72911354998215
4.495000000000003,-74.73572842372545
4.5000000000000036,-74.74232859062204
4.505000000000004,-74.74891411165075
4.510000000000005,-74.75548504740115
4.515000000000006,-74.76204145807692
4.520000000000007,-74.76858340349915
4.5250000000000075,-74.77511094310964
4.530000000000008,-74.78162413597413
4.535000000000009,-74.78812304078554
4.54000000000001,-74.79460771586712
4.545000000000011,-74.8010782191756
4.550000000000011,-74.80753460830432
4.555000000000012,-74.8139769404863
4.560000000000013,-74.82040527259727
4.565000000000014,-74.82681966115875
4.5700000000000145,-74.83322016234096
4.575000000000015,-74.83960683196585
4.580000000000016,-74.84597972550995
4.585000000000017,-74.85233889810729
4.590000000000018,-74.85868440455233
4.595000000000018,-74.86501629930272
4.600000000000019,-74.87133463648213
4.60500000000002,-74.87763946988304
4.610000000000021,-74.88393085296947
4.6150000000000215,-74.89020883887973
4.620000000000022,-74.8964734804291
4.625000000000023,-74.90272483011249
4.630000000000024,-74.9089629401071
4.635000000000025,-74.91518786227502
4.640000000000025,-74.9213996481658
4.645000000000026,-74.92759834901905
4.650000000000027,-74.93378401576696
4.655000000000028,-74.93995669903678
4.660000000000029,-74.94611644915337
4.665000000000029,-74.95226331614155
4.67000000000003,-74.9583973497287
4.675000000000031,-74.964518599347
4.680000000000032,-74.97062711413594
4.6850000000000325,-74.97672294294459
4.690000000000033,-74.98280613433403
4.695000000000034,-74.98887673657957
4.700000000000035,-74.99493479767312
4.705000000000036,-75.00098036532545
4.710000000000036,-75.00701348696836
4.715000000000037,-75.01303420975702
4.720000000000038,-75.0190425805721
4.725000000000039,-75.02503864602197
4.7300000000000395,-75.03102245244483
4.73500000000004,-75.03699404591092
4.740000000000041,-75.04295347222457
4.745000000000042,-75.04890077692635
4.750000000000043,-75.05483600529509
4.755000000000043,-75.06075920234996
4.760000000000044,-75.06667041285255
4.765000000000045,-75.07256968130878
4.770000000000046,-75.07845705197103
4.7750000000000465,-75.08433256884001
4.780000000000047,-75.09019627566677
4.785000000000048,-75.09604821595461
4.790000000000049,-75.10188843296106
4.79500000000005,-75.10771696969968
4.8000000000000504,-75.11353386894206
4.805000000000051,-75.11933917321957
4.810000000000052,-75.1251329248253
4.815000000000053,-75.13091516581584
4.820000000000054,-75.13668593801309
4.825000000000054,-75.1424452830061
4.830000000000055,-75.1481932421528
4.835000000000056,-75.15392985658175
4.840000000000057,-75.15965516719397
4.8450000000000575,-75.16536921466455
4.850000000000058,-75.17107203944443
4.855000000000059,-75.17676368176207
4.86000000000006,-75.18244418162517
4.865000000000061,-75.18811357882228
4.870000000000061,-75.19377191292448
4.875000000000062,-75.19941922328697
4.880000000000063,-75.20505554905073
4.885000000000064,-75.21068092914412
4.8900000000000645,-75.21629540228443
4.895000000000065,-75.22189900697947
4.900000000000066,-75.22749178152915
4.905000000000067,-75.23307376402695
4.910000000000068,-75.23864499236153
4.915000000000068,-75.2442055042182
4.920000000000069,-75.24975533708042
4.92500000000007,-75.25529452823129
4.930000000000071,-75.26082311475501
4.9350000000000716,-75.26634113353836
4.940000000000072,-75.27184862127214
4.945000000000073,-75.27734561445257
4.950000000000074,-75.28283214938274
4.955000000000075,-75.28830826217401
4.9600000000000755,-75.29377398874739
4.965000000000076,-75.2992293648349
4.970000000000077,-75.30467442598099
4.975000000000078,-75.31010920754385
4.980000000000079,-75.31553374469675
4.985000000000079,-75.3209480724294
4.99000000000008,-75.32635222554926
4.995000000000081,-75.33174623868278
5.000000000000082,-75.33713014627682
5.0050000000000825,-75.3425039825998
5.010000000000083,-75.34786778174303
5.015000000000084,-75.35322157762202
5.020000000000085,-75.35856540397761
5.025000000000086,-75.36389929437728
5.030000000000086,-75.3692232822164
5.035000000000087,-75.37453740071936
5.040000000000088,-75.37984168294086
5.045000000000089,-75.38513616176702
5.0500000000000895,-75.39042086991662
5.05500000000009,-75.39569583994226
5.060000000000091,-75.4009611042315
5.065000000000092,-75.40621669500803
5.070000000000093,-75.41146264433277
5.075000000000093,-75.41669898410508
5.080000000000094,-75.42192574606382
5.085000000000095,-75.42714296178845
5.090000000000096,-75.43235066270019
5.095000000000097,-75.43754888006302
5.100000000000097,-75.44273764498485
5.105000000000098,-75.44791698841853
5.110000000000099,-75.45308694116297
5.1150000000001,-75.45824753386412
5.1200000000001005,-75.4633987970161
5.125000000000101,-75.46854076096213
5.130000000000102,-75.47367345589565
5.135000000000103,-75.47879691186127
5.140000000000104,-75.48391115875584
5.145000000000104,-75.48901622632941
5.150000000000105,-75.4941121441862
5.155000000000106,-75.49919894178564
5.160000000000107,-75.50427664844325
5.1650000000001075,-75.50934529333176
5.170000000000108,-75.51440490548188
5.175000000000109,-75.51945551378341
5.18000000000011,-75.52449714698608
5.185000000000111,-75.52952983370051
5.190000000000111,-75.53455360239914
5.195000000000112,-75.53956848141716
5.200000000000113,-75.5445744989534
5.205000000000114,-75.5495716830712
5.2100000000001145,-75.55456006169942
5.215000000000115,-75.55953966263316
5.220000000000116,-75.56451051353473
5.225000000000117,-75.56947264193458
5.230000000000118,-75.57442607523204
5.2350000000001184,-75.57937084069624
5.240000000000119,-75.58430696546696
5.24500000000012,-75.58923447655546
5.250000000000121,-75.59415340084534
5.255000000000122,-75.59906376509333
5.260000000000122,-75.60396559593015
5.265000000000123,-75.60885891986126
5.270000000000124,-75.61374376326776
5.275000000000125,-75.6186201524071
5.2800000000001255,-75.62348811341397
5.285000000000126,-75.62834767230099
5.290000000000127,-75.63319885495956
5.295000000000128,-75.63804168716058
5.300000000000129,-75.6428761945553
5.305000000000129,-75.64770240267599
5.31000000000013,-75.65252033693676
5.315000000000131,-75.65733002263427
5.320000000000132,-75.66213148494852
5.3250000000001325,-75.66692474894353
5.330000000000133,-75.67170983956811
5.335000000000134,-75.67648678165659
5.340000000000135,-75.6812555999295
5.345000000000136,-75.68601631899435
5.350000000000136,-75.69076896334624
5.355000000000137,-75.6955135573687
5.360000000000138,-75.70025012533425
5.365000000000139,-75.70497869140516
5.3700000000001396,-75.70969927963412
5.37500000000014,-75.71441191396495
5.380000000000141,-75.71911661823323
5.385000000000142,-75.723813416167
5.390000000000143,-75.72850233138743
5.3950000000001435,-75.73318338740943
5.400000000000144,-75.73785660764231
5.405000000000145,-75.74252201539055
5.410000000000146,-75.74717963385426
5.415000000000147,-75.75182948612995
5.420000000000147,-75.75647159521111
5.425000000000148,-75.76110598398886
5.430000000000149,-75.76573267525251
5.43500000000015,-75.77035169169031
5.4400000000001505,-75.77496305588993
5.445000000000151,-75.77956679033912
5.450000000000152,-75.78416291742633
5.455000000000153,-75.7887514594413
5.460000000000154,-75.79333243857563
5.465000000000154,-75.79790587692342
5.470000000000155,-75.80247179648181
5.475000000000156,-75.80703021915157
5.480000000000157,-75.81158116673768
5.4850000000001575,-75.81612466094992
5.490000000000158,-75.82066072340342
5.495000000000159,-75.82518937561922
5.50000000000016,-75.82971063902481
5.505000000000161,-75.83422453495474
5.510000000000161,-75.83873108465114
5.515000000000162,-75.84323030926427
5.520000000000163,-75.84772222985303
5.525000000000164,-75.85220686738555
5.530000000000165,-75.85668424273968
5.535000000000165,-75.86115437670354
5.540000000000166,-75.86561728997607
5.545000000000167,-75.8700730031675
5.550000000000168,-75.87452153679992
5.5550000000001685,-75.87896291130774
5.560000000000169,-75.88339714703824
5.56500000000017,-75.88782426425207
5.570000000000171,-75.89224428312376
5.575000000000172,-75.89665722374218
5.580000000000172,-75.90106310611107
5.585000000000173,-75.9054619501495
5.590000000000174,-75.90985377569244
5.595000000000175,-75.91423860249112
5.6000000000001755,-75.91861645021363
5.605000000000176,-75.92298733844528
5.610000000000177,-75.92735128668919
5.615000000000178,-75.93170831436667
5.620000000000179,-75.93605844081773
5.625000000000179,-75.94040168530154
5.63000000000018,-75.94473806699689
5.635000000000181,-75.94906760500264
5.640000000000182,-75.95339031833814
5.6450000000001825,-75.95770622594375
5.650000000000183,-75.96201534668123
5.655000000000184,-75.96631769933418
5.660000000000185,-75.97061330260857
5.665000000000186,-75.97490217513304
5.6700000000001864,-75.97918433545942
5.675000000000187,-75.98345980206317
5.680000000000188,-75.98772859334375
5.685000000000189,-75.99199072762507
5.69000000000019,-75.99624622315592
5.69500000000019,-76.0004950981104
5.700000000000191,-76.00473737058832
5.705000000000192,-76.00897305861555
5.710000000000193,-76.01320218014457
5.7150000000001935,-76.01742475305475
5.720000000000194,-76.02164079515282
5.725000000000195,-76.02585032417319
5.730000000000196,-76.0300533577785
5.735000000000197,-76.03424991355986
5.740000000000197,-76.0384400090373
5.745000000000198,-76.04262366166019
5.750000000000199,-76.04680088880758
5.7550000000002,-76.05097170778863
5.7600000000002005,-76.05513613584293
5.765000000000201,-76.05929419014093
5.770000000000202,-76.06344588778431
5.775000000000203,-76.06759124580631
5.780000000000204,-76.07173028117217
5.785000000000204,-76.07586301077941
5.790000000000205,-76.0799894514583
5.795000000000206,-76.08410961997214
5.800000000000207,-76.08822353301764
5.8050000000002075,-76.0923312072253
5.810000000000208,-76.09643265915976
5.815000000000209,-76.10052790532012
5.82000000000021,-76.10461696214035
5.825000000000211,-76.10869984598958
5.8300000000002115,-76.11277657317244
5.835000000000212,-76.11684715992949
5.840000000000213,-76.12091162243749
5.845000000000214,-76.12496997680972
5.850000000000215,-76.12902223909637
5.855000000000215,-76.13306842528485
5.860000000000216,-76.13710855130012
5.865000000000217,-76.14114263300503
5.870000000000218,-76.14517068620064
5.8750000000002185,-76.14919272662655
5.880000000000219,-76.1532087699612
5.88500000000022,-76.15721883182222
5.890000000000221,-76.16122292776676
5.895000000000222,-76.16522107329173
5.900000000000222,-76.16921328383424
5.905000000000223,-76.17319957477177
5.910000000000224,-76.1771799614226
5.915000000000225,-76.18115445904604
5.9200000000002255,-76.18512308284281
5.925000000000226,-76.18908584795521
5.930000000000227,-76.19304276946761
5.935000000000228,-76.19699386240659
5.940000000000229,-76.20093914174132
5.945000000000229,-76.2048786223838
5.95000000000023,-76.20881231918925
5.955000000000231,-76.21274024695629
5.960000000000232,-76.2166624204273
5.965000000000233,-76.22057885428868
5.970000000000233,-76.22448956317115
5.975000000000234,-76.22839456165002
5.980000000000235,-76.23229386424549
5.985000000000236,-76.23618748542293
5.9900000000002365,-76.24007543959313
5.995000000000237,-76.24395774111261
6.000000000000238,-76.24783440428389
