-0.094982064,-0.01081155,0.034423953,0.07,0
-0.094982064,-0.01081155,0.034423953,0.07,0.00077469
-0.094985235,-0.010811391,0.034430622,0.070013557,0.000486061
-0.094991386,-0.010811292,0.034434809,0.070022063,0.000333028
-0.094999134,-0.010811226,0.03443768,0.070027891,0.000248259
-0.09500773,-0.010811177,0.034439821,0.070032236,0.000199081
-0.095016754,-0.01081114,0.03444154,0.07003572,0.000168901
-0.095025959,-0.010811109,0.034443,0.070038675,0.000149103
-0.095035197,-0.010811082,0.03444429,0.070041285,0.000135145
-0.095044375,-0.010811058,0.034445461,0.07004365,0.000124596
-0.095053431,-0.010811037,0.03444654,0.07004583,0.000116136
-0.095062323,-0.010811018,0.034447548,0.070047862,0.000109032
-0.095071023,-0.010811,0.034448494,0.070049771,0.000102866
-0.095079511,-0.010810984,0.034449388,0.070051571,9.74E-05
-0.095087774,-0.010810969,0.034450235,0.070053275,9.25E-05
-0.095095802,-0.010810956,0.03445104,0.070054893,8.80E-05
-0.095103589,-0.010810943,0.034451806,0.070056433,8.39E-05
-0.095111135,-0.010810932,0.034452537,0.070057901,8.01E-05
-0.095118437,-0.010810921,0.034453236,0.070059302,7.66E-05
-0.095125498,-0.010810912,0.034453905,0.070060643,7.34E-05
-0.09513232,-0.010810903,0.034454547,0.070061926,7.04E-05
-0.095138907,-0.010810895,0.034455163,0.070063158,6.76E-05
-0.095145264,-0.010810887,0.034455755,0.07006434,6.50E-05
-0.095151398,-0.01081088,0.034456324,0.070065477,6.25E-05
-0.095157313,-0.010810874,0.034456874,0.070066572,6.03E-05
-0.095163016,-0.010810869,0.034457403,0.070067626,5.82E-05
-0.095168514,-0.010810864,0.034457915,0.070068644,5.62E-05
-0.095173815,-0.010810859,0.03445841,0.070069627,5.43E-05
-0.095178925,-0.010810855,0.034458889,0.070070578,5.26E-05
-0.095183851,-0.010810852,0.034459353,0.070071498,5.09E-05
-0.0951886,-0.010810848,0.034459803,0.070072389,4.94E-05
-0.095193179,-0.010810846,0.03446024,0.070073253,4.79E-05
-0.095197596,-0.010810843,0.034460665,0.070074091,4.65E-05
-0.095201857,-0.010810841,0.034461077,0.070074906,4.53E-05
-0.095205969,-0.01081084,0.034461479,0.070075698,4.40E-05
-0.095209937,-0.010810838,0.034461871,0.070076468,4.29E-05
-0.095213769,-0.010810837,0.034462252,0.070077219,4.18E-05
-0.09521747,-0.010810837,0.034462624,0.07007795,4.07E-05
-0.095221046,-0.010810836,0.034462988,0.070078662,3.97E-05
-0.095224503,-0.010810836,0.034463343,0.070079358,3.88E-05
-0.095227846,-0.010810836,0.03446369,0.070080037,3.79E-05
-0.09523108,-0.010810837,0.034464029,0.070080701,3.71E-05
-0.095234211,-0.010810837,0.034464362,0.070081349,3.63E-05
-0.095237242,-0.010810838,0.034464687,0.070081984,3.55E-05
-0.095240179,-0.010810839,0.034465006,0.070082605,3.48E-05
-0.095243025,-0.010810841,0.034465319,0.070083213,3.41E-05
-0.095245786,-0.010810842,0.034465626,0.07008381,3.34E-05
-0.095248464,-0.010810844,0.034465927,0.070084394,3.28E-05
-0.095251064,-0.010810846,0.034466223,0.070084967,3.21E-05
-0.09525359,-0.010810848,0.034466513,0.07008553,3.16E-05
-0.095256043,-0.01081085,0.034466799,0.070086082,3.10E-05
-0.095258429,-0.010810852,0.03446708,0.070086625,3.05E-05
-0.09526075,-0.010810855,0.034467357,0.070087158,3.00E-05
-0.095263008,-0.010810858,0.034467629,0.070087682,2.95E-05
-0.095265207,-0.010810861,0.034467897,0.070088198,2.90E-05
-0.09526735,-0.010810864,0.034468161,0.070088705,2.85E-05
-0.095269438,-0.010810867,0.034468421,0.070089204,2.81E-05
-0.095271475,-0.01081087,0.034468677,0.070089696,2.77E-05
-0.095273462,-0.010810874,0.03446893,0.07009018,2.73E-05
-0.095275401,-0.010810877,0.034469179,0.070090657,2.69E-05
-0.095277295,-0.010810881,0.034469425,0.070091128,2.65E-05
-0.095279146,-0.010810885,0.034469668,0.070091591,2.61E-05
-0.095280955,-0.010810889,0.034469908,0.070092049,2.58E-05
-0.095282725,-0.010810893,0.034470145,0.0700925,2.54E-05
-0.095284456,-0.010810897,0.034470379,0.070092945,2.51E-05
-0.095286151,-0.010810901,0.034470611,0.070093385,2.48E-05
-0.09528781,-0.010810906,0.03447084,0.070093819,2.45E-05
-0.095289436,-0.01081091,0.034471066,0.070094247,2.42E-05
-0.09529103,-0.010810915,0.034471289,0.070094671,2.39E-05
-0.095292593,-0.010810919,0.034471511,0.070095089,2.36E-05
-0.095294126,-0.010810924,0.03447173,0.070095503,2.34E-05
-0.09529563,-0.010810929,0.034471946,0.070095912,2.31E-05
-0.095297107,-0.010810934,0.034472161,0.070096316,2.28E-05
-0.095298557,-0.010810939,0.034472373,0.070096716,2.26E-05
-0.095299982,-0.010810944,0.034472583,0.070097111,2.24E-05
-0.095301382,-0.01081095,0.034472792,0.070097503,2.21E-05
-0.095302759,-0.010810955,0.034472998,0.07009789,2.19E-05
-0.095304112,-0.01081096,0.034473203,0.070098274,2.17E-05
-0.095305444,-0.010810966,0.034473405,0.070098653,2.15E-05
-0.095306755,-0.010810972,0.034473606,0.070099029,2.13E-05
-0.095308045,-0.010810977,0.034473806,0.070099401,2.11E-05
-0.095309316,-0.010810983,0.034474003,0.07009977,2.09E-05
-0.095310567,-0.010810989,0.034474199,0.070100135,2.07E-05
-0.0953118,-0.010810995,0.034474393,0.070100497,2.05E-05
-0.095313015,-0.010811001,0.034474586,0.070100855,2.03E-05
-0.095314213,-0.010811007,0.034474777,0.070101211,2.01E-05
-0.095315394,-0.010811013,0.034474967,0.070101563,2.00E-05
-0.095316559,-0.010811019,0.034475155,0.070101912,1.98E-05
-0.095317709,-0.010811025,0.034475342,0.070102258,1.96E-05
-0.095318843,-0.010811032,0.034475528,0.070102602,1.95E-05
-0.095319963,-0.010811038,0.034475712,0.070102942,1.93E-05
-0.095321068,-0.010811045,0.034475895,0.07010328,1.91E-05
-0.09532216,-0.010811051,0.034476076,0.070103615,1.90E-05
-0.095323238,-0.010811058,0.034476257,0.070103948,1.88E-05
-0.095324303,-0.010811064,0.034476436,0.070104278,1.87E-05
-0.095325356,-0.010811071,0.034476614,0.070104605,1.86E-05
-0.095326396,-0.010811078,0.034476791,0.07010493,1.84E-05
-0.095327424,-0.010811085,0.034476966,0.070105252,1.83E-05
-0.095328441,-0.010811091,0.034477141,0.070105572,1.82E-05
-0.095329446,-0.010811098,0.034477314,0.07010589,1.80E-05
-0.09533044,-0.010811105,0.034477487,0.070106206,1.79E-05
-0.095331424,-0.010811112,0.034477658,0.070106519,1.78E-05
-0.095332397,-0.01081112,0.034477828,0.07010683,1.77E-05
-0.09533336,-0.010811127,0.034477998,0.070107139,1.75E-05
-0.095334313,-0.010811134,0.034478166,0.070107446,1.74E-05
-0.095335256,-0.010811141,0.034478333,0.07010775,1.73E-05
-0.09533619,-0.010811149,0.0344785,0.070108053,1.72E-05
-0.095337114,-0.010811156,0.034478665,0.070108354,1.71E-05
-0.09533803,-0.010811163,0.03447883,0.070108653,1.70E-05
-0.095338937,-0.010811171,0.034478993,0.070108949,1.69E-05
-0.095339835,-0.010811178,0.034479156,0.070109244,1.67E-05
-0.095340725,-0.010811186,0.034479318,0.070109537,1.66E-05
-0.095341607,-0.010811194,0.034479479,0.070109829,1.65E-05
-0.095342481,-0.010811201,0.034479639,0.070110118,1.64E-05
-0.095343346,-0.010811209,0.034479799,0.070110406,1.63E-05
-0.095344205,-0.010811217,0.034479957,0.070110692,1.62E-05
-0.095345055,-0.010811225,0.034480115,0.070110976,1.62E-05
-0.095345899,-0.010811232,0.034480272,0.070111259,1.61E-05
-0.095346735,-0.01081124,0.034480428,0.07011154,1.60E-05
-0.095347564,-0.010811248,0.034480584,0.070111819,1.59E-05
-0.095348386,-0.010811256,0.034480739,0.070112097,1.58E-05
-0.095349202,-0.010811264,0.034480893,0.070112373,1.57E-05
-0.095350011,-0.010811272,0.034481046,0.070112648,1.56E-05
-0.095350813,-0.01081128,0.034481198,0.070112921,1.55E-05
-0.095351609,-0.010811289,0.03448135,0.070113193,1.54E-05
-0.095352399,-0.010811297,0.034481502,0.070113463,1.54E-05
-0.095353183,-0.010811305,0.034481652,0.070113732,1.53E-05
-0.09535396,-0.010811313,0.034481802,0.070113999,1.52E-05
-0.095354732,-0.010811322,0.034481951,0.070114265,1.51E-05
-0.095355498,-0.01081133,0.0344821,0.070114529,1.50E-05
-0.095356258,-0.010811339,0.034482248,0.070114792,1.50E-05
-0.095357013,-0.010811347,0.034482395,0.070115054,1.49E-05
-0.095357762,-0.010811355,0.034482542,0.070115314,1.48E-05
-0.095358506,-0.010811364,0.034482688,0.070115573,1.47E-05
-0.095359245,-0.010811373,0.034482833,0.070115831,1.47E-05
-0.095359978,-0.010811381,0.034482978,0.070116088,1.46E-05
-0.095360706,-0.01081139,0.034483122,0.070116343,1.45E-05
-0.095361429,-0.010811399,0.034483266,0.070116597,1.44E-05
-0.095362148,-0.010811407,0.034483409,0.070116849,1.44E-05
-0.095362861,-0.010811416,0.034483552,0.070117101,1.43E-05
-0.09536357,-0.010811425,0.034483694,0.070117351,1.42E-05
-0.095364274,-0.010811434,0.034483835,0.0701176,1.42E-05
-0.095364973,-0.010811443,0.034483976,0.070117848,1.41E-05
-0.095365668,-0.010811451,0.034484117,0.070118095,1.40E-05
-0.095366358,-0.01081146,0.034484257,0.070118341,1.40E-05
-0.095367044,-0.010811469,0.034484396,0.070118585,1.39E-05
-0.095367725,-0.010811478,0.034484535,0.070118829,1.38E-05
-0.095368403,-0.010811487,0.034484673,0.070119071,1.38E-05
-0.095369076,-0.010811497,0.034484811,0.070119312,1.37E-05
-0.095369744,-0.010811506,0.034484949,0.070119552,1.37E-05
-0.095370409,-0.010811515,0.034485085,0.070119791,1.36E-05
-0.09537107,-0.010811524,0.034485222,0.070120029,1.35E-05
-0.095371727,-0.010811533,0.034485358,0.070120266,1.35E-05
-0.09537238,-0.010811542,0.034485493,0.070120502,1.34E-05
-0.095373029,-0.010811552,0.034485628,0.070120737,1.34E-05
-0.095373674,-0.010811561,0.034485763,0.070120971,1.33E-05
-0.095374316,-0.01081157,0.034485897,0.070121204,1.33E-05
-0.095374953,-0.01081158,0.03448603,0.070121436,1.32E-05
-0.095375588,-0.010811589,0.034486164,0.070121667,1.31E-05
-0.095376218,-0.010811599,0.034486296,0.070121897,1.31E-05
-0.095376845,-0.010811608,0.034486429,0.070122126,1.30E-05
-0.095377469,-0.010811618,0.034486561,0.070122354,1.30E-05
-0.095378089,-0.010811627,0.034486692,0.070122581,1.29E-05
-0.095378706,-0.010811637,0.034486823,0.070122808,1.29E-05
-0.095379319,-0.010811646,0.034486954,0.070123033,1.28E-05
-0.095379929,-0.010811656,0.034487084,0.070123257,1.28E-05
-0.095380536,-0.010811666,0.034487214,0.070123481,1.27E-05
-0.09538114,-0.010811675,0.034487343,0.070123704,1.27E-05
-0.09538174,-0.010811685,0.034487472,0.070123925,1.26E-05
-0.095382337,-0.010811695,0.034487601,0.070124146,1.26E-05
-0.095382931,-0.010811705,0.034487729,0.070124367,1.25E-05
-0.095383523,-0.010811714,0.034487857,0.070124586,1.25E-05
-0.095384111,-0.010811724,0.034487984,0.070124804,1.24E-05
-0.095384696,-0.010811734,0.034488111,0.070125022,1.24E-05
-0.095385278,-0.010811744,0.034488238,0.070125239,1.23E-05
-0.095385857,-0.010811754,0.034488365,0.070125454,1.23E-05
-0.095386434,-0.010811764,0.034488491,0.07012567,1.22E-05
-0.095387007,-0.010811774,0.034488616,0.070125884,1.22E-05
-0.095387578,-0.010811784,0.034488741,0.070126097,1.22E-05
-0.095388146,-0.010811794,0.034488866,0.07012631,1.21E-05
-0.095388712,-0.010811804,0.034488991,0.070126522,1.21E-05
-0.095389274,-0.010811814,0.034489115,0.070126733,1.20E-05
-0.095389834,-0.010811824,0.034489239,0.070126944,1.20E-05
-0.095390392,-0.010811834,0.034489363,0.070127154,1.19E-05
-0.095390946,-0.010811845,0.034489486,0.070127363,1.19E-05
-0.095391498,-0.010811855,0.034489609,0.070127571,1.19E-05
-0.095392048,-0.010811865,0.034489731,0.070127778,1.18E-05
-0.095392595,-0.010811875,0.034489853,0.070127985,1.18E-05
-0.09539314,-0.010811886,0.034489975,0.070128191,1.17E-05
-0.095393682,-0.010811896,0.034490097,0.070128396,1.17E-05
-0.095394222,-0.010811906,0.034490218,0.070128601,1.17E-05
-0.095394759,-0.010811917,0.034490339,0.070128805,1.16E-05
-0.095395294,-0.010811927,0.03449046,0.070129008,1.16E-05
-0.095395827,-0.010811937,0.03449058,0.070129211,1.15E-05
-0.095396357,-0.010811948,0.0344907,0.070129412,1.15E-05
-0.095396885,-0.010811958,0.03449082,0.070129614,1.15E-05
-0.095397411,-0.010811969,0.034490939,0.070129814,1.14E-05
-0.095397934,-0.010811979,0.034491058,0.070130014,1.14E-05
-0.095398456,-0.01081199,0.034491177,0.070130213,1.13E-05
-0.095398975,-0.010812,0.034491296,0.070130412,1.13E-05
-0.095399492,-0.010812011,0.034491414,0.07013061,1.13E-05
-0.095400007,-0.010812022,0.034491532,0.070130807,1.15E-05
-0.09540052,-0.010812032,0.034491652,0.070131008,1.26E-05
-0.095401038,-0.010812042,0.034491781,0.070131228,1.51E-05
-0.095401572,-0.010812052,0.034491932,0.070131493,1.95E-05
-0.095402142,-0.010812061,0.034492121,0.070131834,2.57E-05
-0.095402778,-0.010812069,0.034492364,0.070132284,3.37E-05
-0.095403517,-0.010812075,0.034492675,0.070132873,4.34E-05
-0.095404403,-0.010812079,0.03449307,0.070133633,5.50E-05
-0.095405486,-0.010812081,0.034493565,0.070134596,6.88E-05
-0.095406824,-0.01081208,0.034494179,0.0701358,8.53E-05
-0.095408484,-0.010812076,0.034494935,0.070137293,0.000104918
-0.095410543,-0.010812068,0.034495861,0.070139129,0.000128305
-0.095413095,-0.010812056,0.034496988,0.070141375,0.000156373
-0.095416246,-0.010812037,0.034498357,0.070144111,0.000190154
-0.095420127,-0.010812012,0.034500017,0.070147439,0.000230675
-0.095424893,-0.010811979,0.034502027,0.070151476,0.000279232
-0.095430729,-0.010811937,0.034504455,0.070156362,0.000337798
-0.095437856,-0.010811883,0.034507388,0.070162274,0.000408712
-0.095446544,-0.010811815,0.034510933,0.070169426,0.000494092
-0.095457117,-0.01081173,0.034515215,0.070178073,0.000596485
-0.095469963,-0.010811624,0.034520379,0.070188511,0.000720228
-0.095485552,-0.010811495,0.034526611,0.070201115,0.000870789
-0.095504454,-0.010811335,0.03453414,0.070216354,0.001052536
-0.095527362,-0.01081114,0.034543238,0.070234774,0.001270116
-0.095555105,-0.010810902,0.034554211,0.070257001,0.001532974
-0.095588682,-0.010810612,0.034567452,0.070283828,0.001854373
-0.095629319,-0.010810258,0.034583464,0.070316279,0.002243429
-0.095678511,-0.010809828,0.034602831,0.070355539,0.002707415
-0.095738039,-0.010809306,0.0346262,0.070402919,0.003266416
-0.095810048,-0.010808673,0.034654389,0.070460081,0.00395385
-0.095897185,-0.010807905,0.034688508,0.070529274,0.004789797
-0.096002702,-0.010806972,0.034729835,0.070613095,0.00578106
-0.096130471,-0.010805843,0.034779712,0.070714264,0.006968311
-0.096285122,-0.010804479,0.034839828,0.070836209,0.008438446
-0.096472427,-0.010802825,0.034912624,0.070983882,0.010240981
-0.096699579,-0.010800815,0.035000966,0.071163099,0.012362396
-0.096975144,-0.010798386,0.035107606,0.071379441,0.014876455
-0.097309285,-0.010795462,0.035235933,0.071639779,0.018014183
-0.097714828,-0.010791918,0.035391325,0.071955027,0.021917208
-0.098208174,-0.010787601,0.035580384,0.072338578,0.026470086
-0.098808975,-0.010782387,0.035808722,0.072801805,0.03176914
-0.099540378,-0.010776128,0.036082784,0.073357765,0.038437133
-0.100432088,-0.010768554,0.036414381,0.074030415,0.046929709
-0.101523709,-0.0107593,0.036819261,0.074851684,0.056752744
-0.102863715,-0.010748108,0.037308926,0.075844857,0.067847984
-0.104509133,-0.010734735,0.037894392,0.077032197,0.081908358
-0.106535011,-0.010718591,0.038601277,0.078465593,0.100479642
-0.109047819,-0.010698774,0.039468546,0.080223987,0.121879407
-0.112184474,-0.010674739,0.040520732,0.082356877,0.144895467
-0.116109284,-0.010646197,0.041771995,0.084892548,0.174147076
-0.121047338,-0.010611912,0.043276382,0.087940121,0.214916912
-0.127346303,-0.010569574,0.045133662,0.091701167,0.262289536
-0.13549659,-0.010517917,0.047401592,0.096291234,0.309437063
-0.146126753,-0.010457101,0.05007952,0.101706383,0.36885451
-0.160159352,-0.010384723,0.053275236,0.108161337,0.458458355
-0.179187061,-0.010294732,0.057252771,0.116184358,0.565732936
-0.205819762,-0.01018376,0.062171632,0.126084684,0.660844214
-0.243917446,-0.010054675,0.067939045,0.137649458,0.776086132
-0.299894365,-0.009903732,0.074751657,0.151230965,0.972093843
-0.386706848,-0.009714881,0.083360671,0.168242608,1.221322607
-0.531044991,-0.009478235,0.094354986,0.189615753,1.4100838
-0.78345585,-0.009207845,0.10747112,0.21429222,1.610995946
-1.246433143,-0.008903101,0.123293246,0.242484649,2.031074928
-2.174209584,-0.008521863,0.144555992,0.27802846,2.619564353
-4.237376206,-0.008035386,0.173472233,0.323870836,2.982121352
-8.8749549,-0.007498517,0.208009593,0.37605796,3.21795818
-18.20408762,-0.006943953,0.246928887,0.432372228,4.017169113
-33.40858011,-0.00625647,0.296149889,0.502672687,5.217712187
-47.75580587,-0.005334866,0.360655119,0.593982651,5.229594327
-48.02430909,-0.004387892,0.428561177,0.685500551,3.303147364
-40.59440188,-0.003851576,0.478053714,0.74330563,1.547376609
-34.61620691,-0.003739484,0.509284509,0.770384721,0.92795026
-30.01918281,-0.003784185,0.534100098,0.786623851,0.815696062
-25.98621233,-0.003844059,0.558101681,0.800898532,0.574447833
-22.89376619,-0.003974386,0.579569289,0.810951369,0.230201685
-20.85254942,-0.004238462,0.596955838,0.814979898,0.02548208
-19.40280751,-0.004602698,0.611771156,0.815425835,-0.043509558
-18.18626234,-0.005018157,0.625648421,0.814664417,-0.09419594
-17.13676571,-0.005482069,0.638775206,0.813015988,-0.176501524
-16.28447268,-0.00601912,0.650660087,0.809927212,-0.250689011
-15.5859502,-0.006633623,0.661343695,0.805540154,-0.294965887
-14.97322,-0.007313707,0.671196763,0.800378251,-0.323494506
-14.41232433,-0.008053057,0.680414872,0.794717097,-0.354905767
-13.90027944,-0.008857261,0.688928224,0.788506246,-0.387960783
-13.43250613,-0.009731196,0.696682905,0.781716932,-0.415456606
-12.99679148,-0.010673462,0.703737637,0.774446442,-0.436770778
-12.58271931,-0.011680906,0.710168131,0.766802953,-0.456065506
-12.18612495,-0.01275316,0.715988993,0.758821807,-0.47515844
-11.80530727,-0.013891115,0.721186791,0.750506534,-0.492796777
-11.43778398,-0.015094008,0.72576985,0.741882591,-0.508011201
-11.08082395,-0.016359466,0.729765206,0.732992395,-0.521300091
-10.73269188,-0.017685042,0.733194052,0.723869643,-0.533434133
-10.39261083,-0.019068666,0.736066059,0.714534546,-0.544425315
-10.06003111,-0.020507866,0.738392116,0.705007103,-0.553968041
-9.734397622,-0.021999371,0.740190215,0.695312662,-0.562006012
-9.415313144,-0.023539431,0.741481186,0.685477557,-0.568730279
-9.102638807,-0.02512418,0.74228402,0.675524777,-0.574250669
-8.796387707,-0.0267496,0.742617157,0.66547539,-0.57853751
-8.496618869,-0.028411367,0.74250108,0.655350984,-0.581559353
-8.20342155,-0.030104891,0.741958391,0.645173695,-0.583363739
-7.916933925,-0.03182547,0.741012233,0.63496483,-0.584023502
-7.637331504,-0.033568388,0.739685693,0.624744418,-0.583583272
-7.364797098,-0.035328914,0.738002271,0.614531711,-0.582071663
-7.099502436,-0.037102324,0.735986156,0.604345457,-0.579532993
-6.841604186,-0.038883967,0.733661831,0.59420363,-0.576029913
-6.59124099,-0.040669334,0.7310536,0.584123106,-0.571626539
-6.348526214,-0.042454097,0.728185456,0.574119642,-0.566382168
-6.113541287,-0.044234132,0.725081086,0.564207954,-0.560357252
-5.886332935,-0.046005545,0.721763749,0.554401702,-0.553617964
-5.666912976,-0.047764709,0.718256045,0.544713387,-0.546233146
-5.455258474,-0.049508278,0.71457975,0.535154307,-0.538270252
-5.251312228,-0.051233203,0.710755737,0.525734578,-0.529794749
-5.05498436,-0.052936733,0.706803913,0.51646317,-0.520871262
-4.866155101,-0.054616416,0.702743136,0.507347923,-0.511563317
-4.684678191,-0.0562701,0.698591136,0.498395565,-0.501931874
-4.51038451,-0.057895921,0.694364471,0.489611757,-0.492034342
-4.34308591,-0.059492296,0.690078523,0.481001156,-0.481924498
-4.182579211,-0.061057902,0.685747486,0.472567477,-0.47165253
-4.028650181,-0.062591666,0.681384372,0.464313558,-0.461264759
-3.881077301,-0.064092741,0.677001023,0.456241425,-0.450803329
-3.739635205,-0.065560493,0.67260814,0.448352366,-0.44030618
-3.604097723,-0.066994477,0.668215326,0.440647008,-0.429807239
-3.474240512,-0.068394418,0.663831119,0.433125382,-0.419336621
-3.349843201,-0.069760195,0.659463039,0.425786991,-0.408920795
-3.230691059,-0.071091821,0.655117634,0.418630877,-0.39858281
-3.116576184,-0.072389426,0.65080053,0.411655678,-0.388342606
-3.007298277,-0.073653243,0.64651648,0.404859682,-0.378217343
-2.902665018,-0.074883592,0.642269408,0.398240879,-0.36822172
-2.802492126,-0.076080868,0.638062464,0.391796998,-0.358368264
-2.706603146,-0.077245527,0.633898067,0.385525554,-0.34866763
-2.614829038,-0.078378081,0.629777957,0.37942387,-0.339128866
-2.527007626,-0.079479085,0.625703243,0.373489115,-0.329759669
-2.44298297,-0.080549129,0.621674455,0.367718321,-0.320566588
-2.362604703,-0.081588835,0.617691599,0.362108406,-0.311555208
-2.285727386,-0.082598845,0.613754209,0.356656189,-0.302730292
-2.212209913,-0.083579825,0.609861412,0.351358409,-0.294095907
-2.14191499,-0.084532451,0.606011983,0.346211731,-0.285655508
-2.074708701,-0.085457412,0.602204411,0.34121276,-0.277412007
-2.010460186,-0.086355405,0.598436965,0.336358049,-0.269367817
-1.949041414,-0.087227132,0.594707758,0.331644113,-0.26152488
-1.890327057,-0.088073297,0.591014812,0.327067427,-0.253884679
-1.834194458,-0.088894604,0.58735612,0.322624445,-0.246448249
-1.780523669,-0.089691758,0.583729706,0.318311601,-0.239216173
-1.729197562,-0.090465458,0.580133675,0.314125318,-0.232188577
-1.68010198,-0.091216401,0.576566262,0.310062018,-0.225365132
-1.633125924,-0.091945276,0.573025871,0.306118128,-0.218745049
-1.588161754,-0.092652764,0.569511102,0.30229009,-0.212327077
-1.545105394,-0.093339539,0.566020779,0.298574366,-0.206109514
-1.50385653,-0.094006263,0.562553956,0.294967449,-0.200090217
-1.46431878,-0.094653588,0.559109926,0.291465871,-0.194266613
-1.426399852,-0.095282152,0.555688217,0.288066205,-0.188635722
-1.390011652,-0.095892581,0.55228858,0.28476508,-0.183194184
-1.355070368,-0.096485488,0.548910979,0.281559182,-0.177938288
-1.321496515,-0.09706147,0.545555564,0.278445261,-0.172864
-1.289214936,-0.097621107,0.542222657,0.275420141,-0.167967004
-1.258154772,-0.098164966,0.538912721,0.272480719,-0.163242739
-1.228249401,-0.098693596,0.535626338,0.269623971,-0.158686433
-1.199436334,-0.099207528,0.532364184,0.266846958,-0.154293147
-1.171657103,-0.099707279,0.529127003,0.264146828,-0.150057806
-1.144857106,-0.100193346,0.525915588,0.261520817,-0.145975246
-1.118985453,-0.100666211,0.52273076,0.25896625,-0.14204024
-1.093994783,-0.101126336,0.519573346,0.256480546,-0.138247536
-1.069841077,-0.101574169,0.516444169,0.254061214,-0.134591887
-1.046483467,-0.10201014,0.513344031,0.251705856,-0.13106808
-1.023884034,-0.102434662,0.510273702,0.249412164,-0.127670961
-1.002007614,-0.102848131,0.507233912,0.247177923,-0.124395454
-0.980821602,-0.103250929,0.504225347,0.245001002,-0.121236589
-0.960295761,-0.103643422,0.501248638,0.242879362,-0.118189508
-0.940402037,-0.104025958,0.498304362,0.240811045,-0.11524949
-0.921114381,-0.104398875,0.495393038,0.238794179,-0.112411952
-0.902408586,-0.104762494,0.492515128,0.23682697,-0.109672466
-0.884262121,-0.105117123,0.489671034,0.234907702,-0.107026762
-0.866653987,-0.105463057,0.486861102,0.233034734,-0.104470732
-0.849564575,-0.105800578,0.484085619,0.231206496,-0.102000436
-0.832975543,-0.106129955,0.48134482,0.229421488,-0.0996121
-0.816869687,-0.106451449,0.478638887,0.227678277,-0.097302116
-0.801230843,-0.106765307,0.475967952,0.225975489,-0.095067043
-0.786043782,-0.107071765,0.473332098,0.224311816,-0.092903602
-0.77129412,-0.107371051,0.470731365,0.222686003,-0.090808672
-0.756968234,-0.107663383,0.46816575,0.221096851,-0.08877929
-0.743053196,-0.107948969,0.46563521,0.219543214,-0.086812642
-0.729536697,-0.10822801,0.463139667,0.218023993,-0.084906056
-0.716406994,-0.108500696,0.460679007,0.216538137,-0.083057004
-0.703652854,-0.108767212,0.458253085,0.215084639,-0.081263088
-0.691263508,-0.109027734,0.455861724,0.213662535,-0.07952204
-0.679228608,-0.109282433,0.453504724,0.212270899,-0.077831711
-0.667538191,-0.109531471,0.451181856,0.210908844,-0.07619007
-0.656182648,-0.109775006,0.448892869,0.209575518,-0.074595194
-0.64515269,-0.110013186,0.446637493,0.208270102,-0.073045263
-0.634439329,-0.110246159,0.444415437,0.20699181,-0.071538555
-0.624033852,-0.110474064,0.44222639,0.205739885,-0.070073441
-0.613927803,-0.110697036,0.440070029,0.2045136,-0.068648377
-0.604112967,-0.110915203,0.437946015,0.203312254,-0.067261903
-0.594581353,-0.111128693,0.435853995,0.20213517,-0.065912632
-0.585325185,-0.111337625,0.433793605,0.200981699,-0.064599251
-0.576336886,-0.111542117,0.43176447,0.199851212,-0.063320515
-0.567609075,-0.111742281,0.429766208,0.198743103,-0.062075238
-0.559134553,-0.111938227,0.427798426,0.197656787,-0.060862298
-0.550906298,-0.112130059,0.425860724,0.196591697,-0.059680623
-0.542917458,-0.112317881,0.423952698,0.195547286,-0.058529197
-0.535161347,-0.112501792,0.422073938,0.194523025,-0.057407049
-0.52763144,-0.112681886,0.420224028,0.193518401,-0.056313254
-0.520321366,-0.112858257,0.41840255,0.192532919,-0.055246929
-0.513224907,-0.113030995,0.416609084,0.191566098,-0.054207231
-0.506335996,-0.113200187,0.414843205,0.190617472,-0.053193353
-0.499648708,-0.113365917,0.413104489,0.189686588,-0.052204521
-0.493157264,-0.113528269,0.41139251,0.188773009,-0.051239997
-0.486856024,-0.113687322,0.409706843,0.187876309,-0.050299069
-0.480739485,-0.113843153,0.408047063,0.186996075,-0.049381057
-0.474802283,-0.113995837,0.406412745,0.186131907,-0.048485305
-0.469039183,-0.114145448,0.404803466,0.185283414,-0.047611182
-0.463445083,-0.114292057,0.403218803,0.184450218,-0.046758082
-0.458015013,-0.114435733,0.401658339,0.183631952,-0.045925421
-0.452744125,-0.114576544,0.400121655,0.182828257,-0.045112633
-0.447627701,-0.114714553,0.398608338,0.182038786,-0.044319177
-0.442661141,-0.114849826,0.397117978,0.1812632,-0.043544524
-0.437839971,-0.114982424,0.395650166,0.180501171,-0.042788168
-0.433159833,-0.115112407,0.3942045,0.179752378,-0.042049617
-0.428616485,-0.115239834,0.39278058,0.17901651,-0.041328396
-0.424205803,-0.115364762,0.39137801,0.178293263,-0.040624043
-0.419923774,-0.115487246,0.3899964,0.177582342,-0.039936113
-0.415766494,-0.115607341,0.388635364,0.17688346,-0.039264173
-0.41173017,-0.115725099,0.38729452,0.176196337,-0.038607803
-0.407811115,-0.115840571,0.385973492,0.1755207,-0.037966596
-0.404005746,-0.115953808,0.384671908,0.174856285,-0.037340157
-0.40031058,-0.116064859,0.383389402,0.174202832,-0.036728102
-0.396722237,-0.116173769,0.382125614,0.17356009,-0.036130058
-0.393237434,-0.116280587,0.380880187,0.172927814,-0.035545663
-0.389852982,-0.116385356,0.379652772,0.172305765,-0.034974564
-0.386565787,-0.116488121,0.378443024,0.17169371,-0.03441642
-0.383372845,-0.116588924,0.377250604,0.171091423,-0.033870896
-0.380271243,-0.116687807,0.376075178,0.170498682,-0.03333767
-0.377258153,-0.116784811,0.374916419,0.169915273,-0.032816425
-0.374330833,-0.116879975,0.373774005,0.169340986,-0.032306856
-0.371486623,-0.116973338,0.372647619,0.168775616,-0.031808664
-0.368722944,-0.117064938,0.371536949,0.168218964,-0.031321558
-0.366037296,-0.11715481,0.370441692,0.167670837,-0.030845256
-0.363427255,-0.117242991,0.369361546,0.167131045,-0.030379483
-0.36089047,-0.117329516,0.368296218,0.166599404,-0.029923971
-0.358424666,-0.117414418,0.36724542,0.166075734,-0.029478459
-0.356027635,-0.117497731,0.366208868,0.165559861,-0.029042692
-0.35369724,-0.117579487,0.365186284,0.165051614,-0.028616425
-0.351431409,-0.117659717,0.364177397,0.164550827,-0.028199415
-0.349228136,-0.117738453,0.363181939,0.164057337,-0.027791429
-0.347085476,-0.117815724,0.36219965,0.163570987,-0.027392239
-0.345001548,-0.117891558,0.361230273,0.163091623,-0.027001622
-0.342974527,-0.117965986,0.360273557,0.162619095,-0.026619361
-0.34100265,-0.118039034,0.359329255,0.162153256,-0.026245246
-0.339084205,-0.11811073,0.358397128,0.161693964,-0.025879072
-0.337217538,-0.1181811,0.35747694,0.16124108,-0.025520639
-0.335401045,-0.11825017,0.356568459,0.160794469,-0.025169753
-0.333633175,-0.118317965,0.355671459,0.160353998,-0.024826223
-0.331912426,-0.118384509,0.35478572,0.159919539,-0.024489866
-0.330237343,-0.118449827,0.353911024,0.159490967,-0.024160501
-0.328606519,-0.118513942,0.35304716,0.159068158,-0.023837955
-0.32701859,-0.118576876,0.352193921,0.158650994,-0.023522057
-0.325472239,-0.118638652,0.351351102,0.158239358,-0.023212641
-0.323966187,-0.118699292,0.350518507,0.157833137,-0.022909546
-0.3224992,-0.118758816,0.349695939,0.15743222,-0.022612615
-0.321070081,-0.118817246,0.348883211,0.157036499,-0.022321694
-0.319677673,-0.118874602,0.348080134,0.156645869,-0.022036636
-0.318320855,-0.118930902,0.347286529,0.156260228,-0.021757294
-0.316998542,-0.118986168,0.346502216,0.155879475,-0.021483529
-0.315709686,-0.119040416,0.345727022,0.155503514,-0.021215203
-0.314453271,-0.119093666,0.344960777,0.155132248,-0.020952182
-0.313228312,-0.119145936,0.344203314,0.154765584,-0.020694336
-0.31203386,-0.119197242,0.343454471,0.154403433,-0.020441538
-0.310868992,-0.119247603,0.342714088,0.154045707,-0.020193666
-0.309732819,-0.119297034,0.34198201,0.153692317,-0.0199506
-0.308624476,-0.119345552,0.341258085,0.153343182,-0.019712222
-0.307543129,-0.119393173,0.340542164,0.152998218,-0.019478419
-0.30648797,-0.119439912,0.339834101,0.152657346,-0.019249081
-0.305458216,-0.119485785,0.339133754,0.152320487,-0.0190241
-0.304453111,-0.119530806,0.338440985,0.151987565,-0.01880337
-0.303471921,-0.11957499,0.337755656,0.151658506,-0.018586791
-0.302513937,-0.119618351,0.337077635,0.151333237,-0.018374263
-0.301578472,-0.119660903,0.336406792,0.151011688,-0.01816569
-0.300664861,-0.119702659,0.335742999,0.150693788,-0.017960976
-0.299772461,-0.119743632,0.335086133,0.150379471,-0.017760032
-0.298900648,-0.119783836,0.334436071,0.15006867,-0.017562768
-0.298048819,-0.119823283,0.333792694,0.149761322,-0.017369096
-0.297216389,-0.119861985,0.333155886,0.149457363,-0.017178934
-0.296402794,-0.119899955,0.332525534,0.149156731,-0.016992199
-0.295607485,-0.119937204,0.331901525,0.148859368,-0.01680881
-0.294829933,-0.119973743,0.331283751,0.148565214,-0.016628691
-0.294069622,-0.120009585,0.330672105,0.148274212,-0.016451765
-0.293326057,-0.120044739,0.330066483,0.147986306,-0.016277959
-0.292598754,-0.120079217,0.329466784,0.147701441,-0.0161072
-0.291887249,-0.12011303,0.328872907,0.147419565,-0.01593942
-0.291191087,-0.120146188,0.328284755,0.147140626,-0.01577455
-0.290509833,-0.1201787,0.327702232,0.146864571,-0.015612524
-0.289843061,-0.120210577,0.327125245,0.146591352,-0.015453278
-0.289190361,-0.120241828,0.326553703,0.146320919,-0.015296748
-0.288551334,-0.120272463,0.325987515,0.146053226,-0.015142874
-0.287925595,-0.120302491,0.325426596,0.145788226,-0.014991596
-0.287312771,-0.120331922,0.324870858,0.145525873,-0.014842856
-0.286712498,-0.120360763,0.324320218,0.145266123,-0.014696598
-0.286124425,-0.120389025,0.323774594,0.145008933,-0.014552767
-0.285548214,-0.120416714,0.323233906,0.144754259,-0.01441131
-0.284983533,-0.12044384,0.322698075,0.144502061,-0.014272174
-0.284430064,-0.120470411,0.322167024,0.144252298,-0.014135309
-0.283887496,-0.120496435,0.321640677,0.14400493,-0.014000665
-0.283355528,-0.12052192,0.321118962,0.143759919,-0.013868194
-0.282833871,-0.120546873,0.320601804,0.143517225,-0.013737849
-0.28232224,-0.120571301,0.320089135,0.143276813,-0.013609585
-0.281820363,-0.120595213,0.319580883,0.143038645,-0.013483357
-0.281327974,-0.120618616,0.319076982,0.142802687,-0.013359121
-0.280844815,-0.120641516,0.318577365,0.142568902,-0.013236836
-0.280370636,-0.120663921,0.318081967,0.142337257,-0.01311646
-0.279905195,-0.120685836,0.317590724,0.142107719,-0.012997953
-0.279448257,-0.12070727,0.317103573,0.141880255,-0.012881276
-0.278999594,-0.120728229,0.316620454,0.141654833,-0.012766392
-0.278558984,-0.120748718,0.316141305,0.141431421,-0.012653261
-0.278126212,-0.120768745,0.315666069,0.141209989,-0.01254185
-0.277701071,-0.120788315,0.315194687,0.140990506,-0.012432122
-0.277283357,-0.120807435,0.314727103,0.140772944,-0.012324042
-0.276872875,-0.12082611,0.314263262,0.140557274,-0.012217578
-0.276469434,-0.120844346,0.313803109,0.140343466,-0.012112697
-0.276072849,-0.120862149,0.313346591,0.140131494,-0.012009366
-0.27568294,-0.120879525,0.312893655,0.13992133,-0.011907555
-0.275299533,-0.12089648,0.312444251,0.139712948,-0.011807233
-0.274922459,-0.120913017,0.311998329,0.139506321,-0.011708371
-0.274551552,-0.120929144,0.311555838,0.139301425,-0.011610939
-0.274186653,-0.120944864,0.311116732,0.139098233,-0.01151491
-0.273827608,-0.120960184,0.310680961,0.138896722,-0.011420256
-0.273474264,-0.120975108,0.310248481,0.138696868,-0.011326951
-0.273126476,-0.12098964,0.309819244,0.138498646,-0.011234968
-0.272784102,-0.121003787,0.309393207,0.138302034,-0.011144281
-0.272447002,-0.121017553,0.308970326,0.138107009,-0.011054866
-0.272115043,-0.121030942,0.308550557,0.137913549,-0.010966699
-0.271788094,-0.121043959,0.308133859,0.137721632,-0.010879755
-0.271466029,-0.121056609,0.307720189,0.137531236,-0.010794012
-0.271148723,-0.121068895,0.307309507,0.137342341,-0.010709447
-0.270836056,-0.121080823,0.306901772,0.137154926,-0.010626038
-0.270527913,-0.121092396,0.306496947,0.13696897,-0.010543763
-0.270224179,-0.121103619,0.306094991,0.136784454,-0.010462601
-0.269924744,-0.121114496,0.305695868,0.136601359,-0.010382531
-0.269629501,-0.121125031,0.30529954,0.136419664,-0.010303534
-0.269338346,-0.121135228,0.30490597,0.136239352,-0.01022559
-0.269051177,-0.121145091,0.304515123,0.136060405,-0.01014868
-0.268767894,-0.121154624,0.304126963,0.135882803,-0.010072785
-0.268488403,-0.12116383,0.303741456,0.135706529,-0.009997886
-0.26821261,-0.121172714,0.303358568,0.135531566,-0.009923967
-0.267940423,-0.121181278,0.302978265,0.135357897,-0.009851008
-0.267671754,-0.121189527,0.302600514,0.135185504,-0.009778994
-0.267406517,-0.121197464,0.302225284,0.135014371,-0.009707907
-0.267144628,-0.121205093,0.301852543,0.134844483,-0.009637732
-0.266886006,-0.121212417,0.301482259,0.134675823,-0.009568452
-0.266630569,-0.12121944,0.301114402,0.134508375,-0.009500051
-0.266378242,-0.121226164,0.300748941,0.134342124,-0.009432515
-0.266128949,-0.121232593,0.300385848,0.134177055,-0.009365828
-0.265882616,-0.121238731,0.300025092,0.134013153,-0.009299976
-0.265639172,-0.12124458,0.299666646,0.133850403,-0.009234945
-0.265398547,-0.121250144,0.299310482,0.133688792,-0.00917072
-0.265160673,-0.121255425,0.29895657,0.133528304,-0.009107288
-0.264925484,-0.121260428,0.298604886,0.133368927,-0.009044636
-0.264692915,-0.121265154,0.298255401,0.133210646,-0.00898275
-0.264462904,-0.121269606,0.297908089,0.133053447,-0.008921618
-0.26423539,-0.121273788,0.297562924,0.132897319,-0.008861227
-0.264010313,-0.121277703,0.297219882,0.132742248,-0.008801565
-0.263787614,-0.121281352,0.296878937,0.13258822,-0.008742619
-0.263567237,-0.12128474,0.296540063,0.132435224,-0.008684379
-0.263349127,-0.121287868,0.296203238,0.132283248,-0.008626833
-0.263133229,-0.12129074,0.295868437,0.132132278,-0.008569969
-0.262919492,-0.121293358,0.295535637,0.131982304,-0.008513776
-0.262707864,-0.121295724,0.295204814,0.131833313,-0.008458243
-0.262498295,-0.121297841,0.294875946,0.131685293,-0.008403361
-0.262290736,-0.121299713,0.29454901,0.131538235,-0.008349118
-0.26208514,-0.12130134,0.294223984,0.131392125,-0.008295504
-0.261881461,-0.121302726,0.293900847,0.131246954,-0.00824251
-0.261679652,-0.121303873,0.293579578,0.13110271,-0.008190126
-0.26147967,-0.121304784,0.293260154,0.130959383,-0.008138342
-0.261281473,-0.12130546,0.292942556,0.130816962,-0.008087148
-0.261085016,-0.121305905,0.292626763,0.130675437,-0.008036536
-0.260890261,-0.12130612,0.292312755,0.130534797,-0.007986497
-0.260697167,-0.121306107,0.292000512,0.130395034,-0.007937021
-0.260505694,-0.12130587,0.291690015,0.130256136,-0.007888101
-0.260315804,-0.121305409,0.291381244,0.130118094,-0.007839727
-0.260127461,-0.121304728,0.291074181,0.129980899,-0.007791891
-0.259940628,-0.121303828,0.290768807,0.129844541,-0.007744586
-0.259755269,-0.121302712,0.290465104,0.12970901,-0.007697803
-0.259571349,-0.121301381,0.290163052,0.129574299,-0.007651534
-0.259388836,-0.121299838,0.289862636,0.129440397,-0.007605772
-0.259207695,-0.121298084,0.289563837,0.129307296,-0.007560509
-0.259027894,-0.121296122,0.289266637,0.129174987,-0.007515738
-0.258849403,-0.121293953,0.288971021,0.129043462,-0.007471451
-0.258672189,-0.12129158,0.28867697,0.128912711,-0.007427642
-0.258496224,-0.121289005,0.288384469,0.128782727,-0.007384303
-0.258321477,-0.121286228,0.288093501,0.128653502,-0.007341427
-0.25814792,-0.121283253,0.28780405,0.128525027,-0.007299008
-0.257975525,-0.121280081,0.2875161,0.128397295,-0.00725704
-0.257804264,-0.121276713,0.287229636,0.128270296,-0.007215515
-0.257634111,-0.121273152,0.286944642,0.128144025,-0.007174427
-0.257465039,-0.1212694,0.286661102,0.128018472,-0.00713377
-0.257297023,-0.121265457,0.286379003,0.127893631,-0.007093538
-0.257130038,-0.121261327,0.286098329,0.127769494,-0.007053725
-0.256964059,-0.12125701,0.285819065,0.127646054,-0.007014325
-0.256799063,-0.121252508,0.285541198,0.127523304,-0.006975332
-0.256635025,-0.121247822,0.285264713,0.127401235,-0.00693674
-0.256471924,-0.121242956,0.284989596,0.127279842,-0.006898544
-0.256309737,-0.121237909,0.284715833,0.127159118,-0.006860739
-0.256148442,-0.121232684,0.284443411,0.127039055,-0.006823318
-0.255988018,-0.121227282,0.284172316,0.126919647,-0.006786277
-0.255828443,-0.121221705,0.283902535,0.126800887,-0.00674961
-0.255669699,-0.121215955,0.283634056,0.126682769,-0.006713312
-0.255511763,-0.121210032,0.283366864,0.126565286,-0.006677379
-0.255354618,-0.121203939,0.283100949,0.126448432,-0.006641804
-0.255198244,-0.121197676,0.282836296,0.1263322,-0.006606584
-0.255042622,-0.121191246,0.282572894,0.126216585,-0.006571713
-0.254887734,-0.121184649,0.28231073,0.12610158,-0.006537187
-0.254733563,-0.121177887,0.282049793,0.125987179,-0.006503001
-0.254580091,-0.121170963,0.28179007,0.125873377,-0.006469151
-0.2544273,-0.121163875,0.28153155,0.125760166,-0.006435632
-0.254275174,-0.121156628,0.281274221,0.125647543,-0.006402439
-0.254123697,-0.121149221,0.281018072,0.1255355,-0.006369569
-0.253972853,-0.121141656,0.280763092,0.125424033,-0.006337017
-0.253822627,-0.121133934,0.280509269,0.125313135,-0.006304779
-0.253673002,-0.121126057,0.280256593,0.125202801,-0.006272851
-0.253523964,-0.121118026,0.280005052,0.125093026,-0.006241228
-0.253375499,-0.121109842,0.279754636,0.124983805,-0.006209907
-0.253227591,-0.121101506,0.279505335,0.124875132,-0.006178884
-0.253080228,-0.12109302,0.279257138,0.124767001,-0.006148155
-0.252933395,-0.121084386,0.279010034,0.124659408,-0.006117716
-0.25278708,-0.121075603,0.278764014,0.124552348,-0.006087564
-0.252641268,-0.121066674,0.278519068,0.124445816,-0.006057694
-0.252495947,-0.121057599,0.278275185,0.124339806,-0.006028103
-0.252351105,-0.12104838,0.278032356,0.124234315,-0.005998788
-0.25220673,-0.121039018,0.277790572,0.124129336,-0.005969745
-0.252062808,-0.121029514,0.277549822,0.124024865,-0.005940971
-0.25191933,-0.121019869,0.277310097,0.123920898,-0.005912462
-0.251776282,-0.121010085,0.277071389,0.12381743,-0.005884214
-0.251633655,-0.121000162,0.276833687,0.123714456,-0.005856226
-0.251491436,-0.120990102,0.276596983,0.123611972,-0.005828492
-0.251349616,-0.120979905,0.276361268,0.123509974,-0.005801011
-0.251208183,-0.120969573,0.276126532,0.123408456,-0.005773779
-0.251067128,-0.120959106,0.275892768,0.123307415,-0.005746793
-0.25092644,-0.120948507,0.275659967,0.123206846,-0.00572005
-0.25078611,-0.120937775,0.27542812,0.123106745,-0.005693546
-0.250646128,-0.120926913,0.275197218,0.123007108,-0.00566728
-0.250506484,-0.12091592,0.274967254,0.122907931,-0.005641247
-0.250367169,-0.120904798,0.274738219,0.122809209,-0.005615446
-0.250228175,-0.120893548,0.274510105,0.122710939,-0.005589873
-0.250089492,-0.120882171,0.274282903,0.122613116,-0.005564526
-0.249951112,-0.120870668,0.274056607,0.122515737,-0.005539401
-0.249813026,-0.12085904,0.273831209,0.122418797,-0.005514497
-0.249675227,-0.120847287,0.2736067,0.122322293,-0.00548981
-0.249537705,-0.120835411,0.273383072,0.122226222,-0.005465338
-0.249400454,-0.120823413,0.273160319,0.122130578,-0.005441078
-0.249263465,-0.120811294,0.272938433,0.12203536,-0.005417028
-0.249126732,-0.120799054,0.272717407,0.121940562,-0.005393185
-0.248990245,-0.120786694,0.272497233,0.121846181,-0.005369547
-0.248853999,-0.120774216,0.272277903,0.121752214,-0.005346112
-0.248717987,-0.12076162,0.272059412,0.121658657,-0.005322876
-0.248582201,-0.120748907,0.271841752,0.121565506,-0.005299838
-0.248446634,-0.120736078,0.271624915,0.121472759,-0.005276995
-0.248311281,-0.120723133,0.271408896,0.121380412,-0.005254345
-0.248176134,-0.120710075,0.271193687,0.121288461,-0.005231886
-0.248041188,-0.120696903,0.270979281,0.121196903,-0.005209615
-0.247906436,-0.120683618,0.270765673,0.121105735,-0.005187531
-0.247771872,-0.120670221,0.270552855,0.121014953,-0.00516563
-0.24763749,-0.120656714,0.270340821,0.120924554,-0.005143912
-0.247503285,-0.120643096,0.270129564,0.120834536,-0.005122373
-0.247369251,-0.120629368,0.269919079,0.120744894,-0.005101012
-0.247235382,-0.120615532,0.269709358,0.120655627,-0.005079827
-0.247101674,-0.120601588,0.269500397,0.12056673,-0.005058816
-0.24696812,-0.120587537,0.269292188,0.1204782,-0.005037977
-0.246834716,-0.12057338,0.269084725,0.120390036,-0.005017307
-0.246701457,-0.120559117,0.268878003,0.120302233,-0.004996805
-0.246568337,-0.120544749,0.268672016,0.120214789,-0.004976469
-0.246435353,-0.120530278,0.268466758,0.120127701,-0.004956297
-0.246302499,-0.120515703,0.268262222,0.120040965,-0.004936287
-0.246169771,-0.120501025,0.268058405,0.11995458,-0.004916438
-0.246037165,-0.120486245,0.267855298,0.119868543,-0.004896747
-0.245904675,-0.120471365,0.267652898,0.11978285,-0.004877213
-0.245772299,-0.120456383,0.267451199,0.119697498,-0.004857834
-0.245640031,-0.120441302,0.267250195,0.119612486,-0.004838608
-0.245507868,-0.120426122,0.26704988,0.119527811,-0.004819534
-0.245375806,-0.120410844,0.26685025,0.119443469,-0.00480061
-0.245243841,-0.120395468,0.266651299,0.119359458,-0.004781834
-0.245111969,-0.120379995,0.266453022,0.119275776,-0.004763204
-0.244980186,-0.120364425,0.266255414,0.11919242,-0.00474472
-0.24484849,-0.12034876,0.266058469,0.119109387,-0.004726379
-0.244716876,-0.120333,0.265862183,0.119026676,-0.004708179
-0.244585342,-0.120317145,0.26566655,0.118944283,-0.00469012
-0.244453883,-0.120301197,0.265471566,0.118862205,-0.0046722
-0.244322497,-0.120285155,0.265277226,0.118780442,-0.004654417
-0.244191181,-0.120269021,0.265083524,0.11869899,-0.004636769
-0.244059931,-0.120252795,0.264890457,0.118617846,-0.004619256
-0.243928745,-0.120236478,0.264698019,0.118537009,-0.004601876
-0.243797619,-0.120220071,0.264506206,0.118456476,-0.004584627
-0.243666552,-0.120203573,0.264315013,0.118376245,-0.004567507
-0.243535539,-0.120186986,0.264124435,0.118296314,-0.004550517
-0.243404579,-0.12017031,0.263934468,0.11821668,-0.004533653
-0.243273668,-0.120153546,0.263745108,0.118137341,-0.004516915
-0.243142805,-0.120136694,0.263556349,0.118058295,-0.004500302
-0.243011987,-0.120119755,0.263368188,0.11797954,-0.004483812
-0.242881211,-0.120102729,0.263180621,0.117901073,-0.004467443
-0.242750476,-0.120085618,0.262993642,0.117822893,-0.004451196
-0.242619778,-0.120068421,0.262807249,0.117744997,-0.004435067
-0.242489116,-0.12005114,0.262621435,0.117667383,-0.004419056
-0.242358487,-0.120033774,0.262436198,0.11759005,-0.004403162
-0.24222789,-0.120016325,0.262251534,0.117512994,-0.004387384
-0.242097323,-0.119998792,0.262067437,0.117436215,-0.004371719
-0.241966783,-0.119981177,0.261883905,0.11735971,-0.004356168
-0.241836269,-0.11996348,0.261700933,0.117283477,-0.004340729
-0.241705778,-0.119945701,0.261518517,0.117207514,-0.0043254
-0.24157531,-0.119927841,0.261336653,0.11713182,-0.004310181
-0.241444862,-0.119909901,0.261155337,0.117056392,-0.004295071
-0.241314433,-0.11989188,0.260974566,0.116981228,-0.004280068
-0.24118402,-0.11987378,0.260794336,0.116906327,-0.004265171
-0.241053624,-0.119855601,0.260614643,0.116831686,-0.004250379
-0.240923241,-0.119837344,0.260435484,0.116757305,-0.004235691
-0.24079287,-0.119819009,0.260256854,0.11668318,-0.004221106
-0.240662511,-0.119800596,0.26007875,0.116609311,-0.004206623
-0.240532162,-0.119782106,0.259901168,0.116535695,-0.004192241
-0.24040182,-0.11976354,0.259724105,0.116462331,-0.004177959
-0.240271486,-0.119744898,0.259547558,0.116389216,-0.004163776
-0.240141158,-0.11972618,0.259371522,0.11631635,-0.00414969
-0.240010835,-0.119707387,0.259195995,0.116243731,-0.004135701
-0.239880515,-0.119688519,0.259020973,0.116171356,-0.004121809
-0.239750198,-0.119669578,0.258846452,0.116099224,-0.004108011
-0.239619882,-0.119650562,0.25867243,0.116027334,-0.004094306
-0.239489567,-0.119631473,0.258498902,0.115955684,-0.004080695
-0.239359251,-0.119612312,0.258325867,0.115884271,-0.004067176
-0.239228933,-0.119593078,0.258153319,0.115813096,-0.004053749
-0.239098614,-0.119573773,0.257981257,0.115742155,-0.004040411
-0.238968291,-0.119554396,0.257809676,0.115671448,-0.004027163
-0.238837963,-0.119534947,0.257638575,0.115600973,-0.004014003
-0.238707632,-0.119515429,0.257467949,0.115530728,-0.00400093
-0.238577294,-0.11949584,0.257297796,0.115460711,-0.003987945
-0.23844695,-0.119476181,0.257128112,0.115390922,-0.003975045
-0.238316599,-0.119456453,0.256958895,0.115321359,-0.00396223
-0.238186241,-0.119436657,0.256790141,0.11525202,-0.0039495
-0.238055874,-0.119416791,0.256621848,0.115182904,-0.003936853
-0.237925499,-0.119396858,0.256454012,0.115114009,-0.003924288
-0.237795114,-0.119376857,0.256286632,0.115045334,-0.003911805
-0.237664719,-0.119356789,0.256119702,0.114976877,-0.003899403
-0.237534314,-0.119336654,0.255953222,0.114908638,-0.003887081
-0.237403898,-0.119316453,0.255787188,0.114840614,-0.003874839
-0.237273471,-0.119296185,0.255621597,0.114772804,-0.003862675
-0.237143032,-0.119275852,0.255456447,0.114705207,-0.003850589
-0.237012581,-0.119255454,0.255291734,0.114637822,-0.00383858
-0.236882118,-0.119234991,0.255127457,0.114570647,-0.003826647
-0.236751642,-0.119214463,0.254963612,0.114503681,-0.00381479
-0.236621153,-0.119193871,0.254800196,0.114436922,-0.003803008
-0.236490651,-0.119173216,0.254637208,0.114370369,-0.0037913
-0.236360135,-0.119152497,0.254474644,0.114304021,-0.003779665
-0.236229605,-0.119131715,0.254312502,0.114237877,-0.003768104
-0.236099062,-0.11911087,0.254150779,0.114171935,-0.003756614
-0.235968505,-0.119089964,0.253989472,0.114106195,-0.003745196
-0.235837933,-0.119068995,0.25382858,0.114040654,-0.003733849
-0.235707347,-0.119047965,0.2536681,0.113975311,-0.003722571
-0.235576747,-0.119026874,0.253508028,0.113910166,-0.003711363
-0.235446132,-0.119005722,0.253348364,0.113845218,-0.003700224
-0.235315502,-0.118984509,0.253189104,0.113780464,-0.003689153
-0.235184858,-0.118963236,0.253030245,0.113715903,-0.00367815
-0.235054199,-0.118941904,0.252871787,0.113651536,-0.003667213
-0.234923526,-0.118920512,0.252713725,0.11358736,-0.003656343
-0.234792838,-0.118899061,0.252556058,0.113523374,-0.003645538
-0.234662135,-0.118877552,0.252398784,0.113459577,-0.003634798
-0.234531418,-0.118855983,0.2522419,0.113395968,-0.003624123
-0.234400687,-0.118834357,0.252085404,0.113332546,-0.003613511
-0.234269941,-0.118812673,0.251929293,0.113269309,-0.003602963
-0.234139181,-0.118790932,0.251773566,0.113206257,-0.003592477
-0.234008406,-0.118769134,0.25161822,0.113143389,-0.003582054
-0.233877618,-0.118747279,0.251463254,0.113080703,-0.003571692
-0.233746816,-0.118725367,0.251308664,0.113018198,-0.003561391
-0.233616001,-0.118703399,0.251154449,0.112955874,-0.00355115
-0.233485172,-0.118681376,0.251000606,0.112893729,-0.00354097
-0.233354329,-0.118659297,0.250847134,0.112831762,-0.003530848
-0.233223474,-0.118637163,0.25069403,0.112769972,-0.003520786
-0.233092606,-0.118614974,0.250541293,0.112708358,-0.003510781
-0.232961726,-0.11859273,0.250388919,0.11264692,-0.003500835
-0.232830833,-0.118570432,0.250236908,0.112585655,-0.003490945
-0.232699928,-0.11854808,0.250085258,0.112524563,-0.003481113
-0.232569012,-0.118525675,0.249933965,0.112463644,-0.003471336
-0.232438084,-0.118503216,0.249783028,0.112402896,-0.003461616
-0.232307145,-0.118480704,0.249632446,0.112342317,-0.00345195
-0.232176195,-0.118458139,0.249482216,0.112281908,-0.003442339
-0.232045235,-0.118435522,0.249332336,0.112221667,-0.003432783
-0.231914265,-0.118412853,0.249182805,0.112161594,-0.00342328
-0.231783286,-0.118390132,0.24903362,0.112101686,-0.003413831
-0.231652297,-0.118367359,0.24888478,0.112041944,-0.003404434
-0.231521299,-0.118344534,0.248736282,0.111982367,-0.00339509
-0.231390292,-0.118321659,0.248588126,0.111922952,-0.003385798
-0.231259277,-0.118298733,0.248440309,0.111863701,-0.003376557
-0.231128255,-0.118275757,0.248292828,0.111804611,-0.003367367
-0.230997225,-0.11825273,0.248145684,0.111745682,-0.003358228
-0.230866189,-0.118229653,0.247998873,0.111686913,-0.003349139
-0.230735146,-0.118206527,0.247852394,0.111628303,-0.003340099
-0.230604097,-0.118183351,0.247706245,0.111569852,-0.003331109
-0.230473042,-0.118160127,0.247560424,0.111511557,-0.003322168
-0.230341983,-0.118136853,0.24741493,0.111453419,-0.003313275
-0.230210918,-0.118113531,0.247269762,0.111395437,-0.003304431
-0.23007985,-0.11809016,0.247124916,0.111337609,-0.003295633
-0.229948778,-0.118066741,0.246980392,0.111279936,-0.003286884
-0.229817703,-0.118043275,0.246836188,0.111222415,-0.00327818
-0.229686625,-0.118019761,0.246692302,0.111165047,-0.003269524
-0.229555545,-0.117996199,0.246548733,0.111107831,-0.003260913
-0.229424464,-0.117972591,0.246405479,0.111050765,-0.003252348
-0.229293381,-0.117948936,0.246262538,0.110993849,-0.003243829
-0.229162298,-0.117925234,0.246119909,0.110937082,-0.003235354
-0.229031215,-0.117901486,0.245977591,0.110880463,-0.003226923
-0.228900132,-0.117877692,0.245835581,0.110823992,-0.003218537
-0.22876905,-0.117853852,0.245693878,0.110767667,-0.003210195
-0.22863797,-0.117829966,0.24555248,0.110711489,-0.003201896
-0.228506892,-0.117806035,0.245411387,0.110655456,-0.00319364
-0.228375817,-0.117782059,0.245270596,0.110599567,-0.003185427
-0.228244745,-0.117758039,0.245130106,0.110543822,-0.003177256
-0.228113677,-0.117733973,0.244989916,0.11048822,-0.003169127
-0.227982613,-0.117709864,0.244850023,0.11043276,-0.00316104
-0.227851554,-0.11768571,0.244710427,0.110377442,-0.003152994
-0.227720501,-0.117661512,0.244571126,0.110322265,-0.003144989
-0.227589454,-0.117637271,0.244432119,0.110267227,-0.003137025
-0.227458414,-0.117612986,0.244293404,0.11021233,-0.003129101
-0.227327381,-0.117588658,0.24415498,0.11015757,-0.003121217
-0.227196356,-0.117564287,0.244016845,0.110102949,-0.003113373
-0.22706534,-0.117539873,0.243878998,0.110048465,-0.003105568
-0.226934332,-0.117515417,0.243741437,0.109994117,-0.003097802
-0.226803335,-0.117490918,0.243604162,0.109939906,-0.003090075
-0.226672347,-0.117466377,0.243467171,0.10988583,-0.003082386
-0.226541371,-0.117441795,0.243330462,0.109831888,-0.003074735
-0.226410406,-0.117417171,0.243194034,0.10977808,-0.003067123
-0.226279454,-0.117392505,0.243057886,0.109724405,-0.003059547
-0.226148514,-0.117367798,0.242922017,0.109670863,-0.003052009
-0.226017588,-0.11734305,0.242786424,0.109617453,-0.003044508
-0.225886676,-0.117318261,0.242651107,0.109564174,-0.003037043
-0.225755778,-0.117293432,0.242516065,0.109511026,-0.003029615
-0.225624896,-0.117268563,0.242381297,0.109458008,-0.003022223
-0.225494029,-0.117243653,0.2422468,0.109405119,-0.003014867
-0.225363179,-0.117218703,0.242112574,0.109352359,-0.003007546
-0.225232347,-0.117193714,0.241978617,0.109299727,-0.00300026
-0.225101532,-0.117168685,0.241844929,0.109247222,-0.00299301
-0.224970735,-0.117143616,0.241711508,0.109194844,-0.002985794
-0.224839958,-0.117118509,0.241578352,0.109142593,-0.002978612
-0.2247092,-0.117093362,0.241445461,0.109090467,-0.002971465
-0.224578463,-0.117068177,0.241312833,0.109038467,-0.002964351
-0.224447747,-0.117042954,0.241180468,0.108986591,-0.002957271
-0.224317052,-0.117017692,0.241048363,0.108934838,-0.002950225
-0.224186379,-0.116992391,0.240916518,0.108883209,-0.002943211
-0.22405573,-0.116967053,0.240784932,0.108831703,-0.002936231
-0.223925104,-0.116941678,0.240653604,0.108780319,-0.002929283
-0.223794502,-0.116916264,0.240522531,0.108729057,-0.002922367
-0.223663924,-0.116890813,0.240391714,0.108677915,-0.002915484
-0.223533373,-0.116865325,0.240261151,0.108626894,-0.002908632
-0.223402847,-0.116839801,0.240130841,0.108575993,-0.002901812
-0.223272348,-0.116814239,0.240000782,0.108525211,-0.002895024
-0.223141876,-0.116788641,0.239870974,0.108474549,-0.002888266
-0.223011433,-0.116763006,0.239741416,0.108424004,-0.00288154
-0.222881018,-0.116737335,0.239612106,0.108373577,-0.002874845
-0.222750632,-0.116711628,0.239483044,0.108323267,-0.002868179
-0.222620276,-0.116685885,0.239354228,0.108273074,-0.002861545
-0.222489951,-0.116660106,0.239225657,0.108222997,-0.00285494
-0.222359657,-0.116634292,0.239097331,0.108173036,-0.002848365
-0.222229394,-0.116608443,0.238969247,0.108123189,-0.002841819
-0.222099164,-0.116582558,0.238841406,0.108073457,-0.002835303
-0.221968967,-0.116556639,0.238713806,0.10802384,-0.002828817
-0.221838804,-0.116530685,0.238586445,0.107974335,-0.002822359
-0.221708675,-0.116504696,0.238459324,0.107924944,-0.00281593
-0.221578581,-0.116478672,0.238332441,0.107875665,-0.002809529
-0.221448522,-0.116452615,0.238205795,0.107826498,-0.002803157
-0.2213185,-0.116426523,0.238079384,0.107777443,-0.002796813
-0.221188515,-0.116400398,0.237953209,0.107728499,-0.002790497
-0.221058567,-0.116374238,0.237827268,0.107679665,-0.002784208
-0.220928657,-0.116348045,0.237701559,0.107630942,-0.002777947
-0.220798785,-0.116321819,0.237576083,0.107582328,-0.002771714
-0.220668953,-0.116295559,0.237450838,0.107533823,-0.002765508
-0.220539161,-0.116269267,0.237325823,0.107485426,-0.002759328
-0.22040941,-0.116242941,0.237201037,0.107437138,-0.002753176
-0.220279699,-0.116216583,0.237076479,0.107388957,-0.002747049
-0.220150031,-0.116190192,0.236952149,0.107340884,-0.00274095
-0.220020404,-0.116163769,0.236828045,0.107292917,-0.002734876
-0.219890821,-0.116137313,0.236704166,0.107245057,-0.002728829
-0.219761281,-0.116110825,0.236580512,0.107197303,-0.002722807
-0.219631786,-0.116084306,0.236457081,0.107149653,-0.002716812
-0.219502335,-0.116057755,0.236333874,0.107102109,-0.002710841
-0.219372929,-0.116031172,0.236210888,0.107054669,-0.002704896
-0.21924357,-0.116004557,0.236088122,0.107007334,-0.002698976
-0.219114257,-0.115977911,0.235965577,0.106960102,-0.002693081
-0.218984991,-0.115951235,0.235843251,0.106912973,-0.002687211
-0.218855774,-0.115924527,0.235721143,0.106865947,-0.002681365
-0.218726604,-0.115897788,0.235599253,0.106819023,-0.002675544
-0.218597483,-0.115871019,0.235477579,0.106772201,-0.002669747
-0.218468412,-0.115844219,0.235356121,0.10672548,-0.002663975
-0.218339391,-0.115817389,0.235234877,0.106678861,-0.002658226
-0.218210421,-0.115790528,0.235113848,0.106632342,-0.002652501
-0.218081502,-0.115763638,0.234993032,0.106585923,-0.0026468
-0.217952635,-0.115736718,0.234872427,0.106539604,-0.002641122
-0.21782382,-0.115709767,0.234752035,0.106493384,-0.002635467
-0.217695058,-0.115682788,0.234631853,0.106447264,-0.002629836
-0.21756635,-0.115655778,0.234511881,0.106401241,-0.002624228
-0.217437696,-0.11562874,0.234392117,0.106355317,-0.002618642
-0.217309096,-0.115601672,0.234272562,0.106309491,-0.002613079
-0.217180552,-0.115574575,0.234153215,0.106263762,-0.002607539
-0.217052063,-0.11554745,0.234034074,0.10621813,-0.002602021
-0.216923631,-0.115520295,0.233915138,0.106172595,-0.002596526
-0.216795256,-0.115493112,0.233796408,0.106127156,-0.002591052
-0.216666938,-0.115465901,0.233677882,0.106081812,-0.002585601
-0.216538679,-0.115438661,0.233559559,0.106036564,-0.002580171
-0.216410477,-0.115411393,0.233441439,0.105991411,-0.002574764
-0.216282335,-0.115384097,0.233323521,0.105946353,-0.002569377
-0.216154253,-0.115356773,0.233205804,0.105901389,-0.002564012
-0.21602623,-0.115329422,0.233088288,0.105856519,-0.002558669
-0.215898269,-0.115302042,0.232970971,0.105811742,-0.002553346
-0.215770368,-0.115274636,0.232853853,0.105767058,-0.002548044
-0.21564253,-0.115247202,0.232736933,0.105722468,-0.002542764
-0.215514753,-0.11521974,0.23262021,0.105677969,-0.002537504
-0.21538704,-0.115192252,0.232503685,0.105633563,-0.002532264
-0.215259389,-0.115164737,0.232387355,0.105589248,-0.002527046
-0.215131803,-0.115137195,0.23227122,0.105545025,-0.002521847
-0.215004281,-0.115109626,0.23215528,0.105500893,-0.002516669
-0.214876823,-0.115082031,0.232039534,0.105456851,-0.00251151
-0.214749431,-0.115054409,0.23192398,0.1054129,-0.002506372
-0.214622105,-0.115026761,0.23180862,0.105369038,-0.002501254
-0.214494846,-0.114999087,0.23169345,0.105325266,-0.002496155
-0.214367653,-0.114971387,0.231578472,0.105281583,-0.002491076
-0.214240527,-0.114943661,0.231463684,0.10523799,-0.002486016
-0.21411347,-0.114915909,0.231349086,0.105194484,-0.002480975
-0.21398648,-0.114888132,0.231234676,0.105151067,-0.002475954
-0.21385956,-0.114860329,0.231120455,0.105107738,-0.002470952
-0.213732709,-0.1148325,0.231006421,0.105064496,-0.002465969
-0.213605927,-0.114804647,0.230892574,0.105021342,-0.002461005
-0.213479216,-0.114776768,0.230778914,0.104978274,-0.002456059
-0.213352576,-0.114748865,0.230665439,0.104935293,-0.002451133
-0.213226007,-0.114720936,0.230552148,0.104892399,-0.002446224
-0.213099509,-0.114692983,0.230439042,0.10484959,-0.002441334
-0.212973084,-0.114665005,0.23032612,0.104806866,-0.002436463
-0.212846731,-0.114637003,0.230213381,0.104764228,-0.002431609
-0.212720451,-0.114608976,0.230100823,0.104721675,-0.002426774
-0.212594245,-0.114580925,0.229988448,0.104679206,-0.002421957
-0.212468113,-0.11455285,0.229876253,0.104636822,-0.002417157
-0.212342055,-0.114524751,0.229764239,0.104594522,-0.002412375
-0.212216072,-0.114496628,0.229652405,0.104552305,-0.002407611
-0.212090164,-0.114468481,0.229540749,0.104510172,-0.002402865
-0.211964332,-0.114440311,0.229429273,0.104468122,-0.002398135
-0.211838577,-0.114412117,0.229317974,0.104426155,-0.002393424
-0.211712898,-0.114383899,0.229206852,0.10438427,-0.002388729
-0.211587295,-0.114355659,0.229095907,0.104342467,-0.002384052
-0.211461771,-0.114327395,0.228985138,0.104300746,-0.002379391
-0.211336324,-0.114299108,0.228874545,0.104259107,-0.002374748
-0.211210956,-0.114270798,0.228764126,0.104217549,-0.002370121
-0.211085666,-0.114242465,0.228653881,0.104176072,-0.002365511
-0.210960456,-0.11421411,0.228543811,0.104134675,-0.002360918
-0.210835325,-0.114185732,0.228433913,0.104093359,-0.002356341
-0.210710274,-0.114157331,0.228324188,0.104052123,-0.002351781
-0.210585303,-0.114128908,0.228214635,0.104010967,-0.002347237
-0.210460413,-0.114100463,0.228105253,0.10396989,-0.002342709
-0.210335605,-0.114071996,0.227996041,0.103928893,-0.002338198
-0.210210878,-0.114043506,0.227887,0.103887974,-0.002333702
-0.210086233,-0.114014995,0.227778129,0.103847135,-0.002329223
-0.20996167,-0.113986462,0.227669426,0.103806373,-0.002324759
-0.20983719,-0.113957907,0.227560892,0.10376569,-0.002320311
-0.209712793,-0.11392933,0.227452526,0.103725084,-0.002315879
-0.20958848,-0.113900732,0.227344327,0.103684557,-0.002311463
-0.20946425,-0.113872113,0.227236296,0.103644106,-0.002307062
-0.209340105,-0.113843472,0.22712843,0.103603732,-0.002302676
-0.209216045,-0.11381481,0.22702073,0.103563436,-0.002298306
-0.209092069,-0.113786127,0.226913195,0.103523215,-0.002293951
-0.208968179,-0.113757423,0.226805825,0.103483071,-0.002289611
-0.208844375,-0.113728698,0.226698619,0.103443003,-0.002285287
-0.208720656,-0.113699953,0.226591576,0.10340301,-0.002280977
-0.208597025,-0.113671186,0.226484696,0.103363093,-0.002276682
-0.20847348,-0.1136424,0.226377979,0.103323251,-0.002272402
-0.208350022,-0.113613593,0.226271424,0.103283484,-0.002268137
-0.208226651,-0.113584765,0.22616503,0.103243792,-0.002263887
-0.208103369,-0.113555917,0.226058797,0.103204174,-0.002259651
-0.207980175,-0.113527049,0.225952725,0.10316463,-0.00225543
-0.207857069,-0.113498161,0.225846812,0.10312516,-0.002251223
-0.207734052,-0.113469254,0.225741059,0.103085764,-0.00224703
-0.207611124,-0.113440326,0.225635465,0.103046441,-0.002242852
-0.207488286,-0.113411379,0.225530029,0.103007191,-0.002238688
-0.207365538,-0.113382412,0.22542475,0.102968014,-0.002234538
-0.20724288,-0.113353425,0.225319629,0.102928909,-0.002230402
-0.207120312,-0.113324419,0.225214665,0.102889877,-0.00222628
-0.206997836,-0.113295394,0.225109858,0.102850917,-0.002222173
-0.20687545,-0.113266349,0.225005206,0.102812029,-0.002218078
-0.206753156,-0.113237286,0.224900709,0.102773213,-0.002213998
-0.206630954,-0.113208203,0.224796367,0.102734468,-0.002209931
-0.206508843,-0.113179102,0.22469218,0.102695794,-0.002205878
-0.206386826,-0.113149981,0.224588147,0.102657191,-0.002201839
-0.2062649,-0.113120842,0.224484266,0.102618659,-0.002197812
-0.206143068,-0.113091684,0.224380539,0.102580197,-0.0021938
-0.206021329,-0.113062508,0.224276965,0.102541806,-0.0021898
-0.205899684,-0.113033313,0.224173542,0.102503484,-0.002185814
-0.205778132,-0.1130041,0.224070271,0.102465233,-0.002181841
-0.205656675,-0.112974868,0.223967151,0.10242705,-0.002177881
-0.205535312,-0.112945619,0.223864181,0.102388937,-0.002173934
-0.205414044,-0.112916351,0.223761362,0.102350894,-0.002170001
-0.20529287,-0.112887066,0.223658692,0.102312919,-0.00216608
-0.205171793,-0.112857762,0.223556171,0.102275012,-0.002162172
-0.20505081,-0.112828441,0.223453799,0.102237174,-0.002158276
-0.204929923,-0.112799102,0.223351576,0.102199404,-0.002154394
-0.204809133,-0.112769745,0.2232495,0.102161702,-0.002150524
-0.204688439,-0.112740371,0.223147571,0.102124068,-0.002146666
-0.204567841,-0.112710979,0.22304579,0.102086502,-0.002142821
-0.20444734,-0.11268157,0.222944155,0.102049002,-0.002138989
-0.204326937,-0.112652144,0.222842666,0.10201157,-0.002135169
-0.204206631,-0.112622701,0.222741323,0.101974204,-0.002131361
-0.204086422,-0.112593241,0.222640124,0.101936906,-0.002127565
-0.203966311,-0.112563763,0.222539071,0.101899673,-0.002123782
-0.203846299,-0.112534269,0.222438162,0.101862507,-0.002120011
-0.203726384,-0.112504758,0.222337396,0.101825407,-0.002116252
-0.203606569,-0.11247523,0.222236774,0.101788372,-0.002112505
-0.203486852,-0.112445686,0.222136295,0.101751404,-0.002108769
-0.203367234,-0.112416125,0.222035959,0.1017145,-0.002105046
-0.203247716,-0.112386548,0.221935765,0.101677662,-0.002101335
-0.203128297,-0.112356954,0.221835712,0.101640889,-0.002097635
-0.203008978,-0.112327344,0.221735801,0.10160418,-0.002093947
-0.202889759,-0.112297718,0.221636031,0.101567536,-0.002090271
-0.20277064,-0.112268075,0.221536401,0.101530956,-0.002086606
-0.202651622,-0.112238417,0.221436911,0.10149444,-0.002082953
-0.202532704,-0.112208743,0.221337561,0.101457989,-0.002079311
-0.202413887,-0.112179053,0.22123835,0.101421601,-0.002075681
-0.202295172,-0.112149347,0.221139278,0.101385276,-0.002072062
-0.202176557,-0.112119625,0.221040344,0.101349015,-0.002068454
-0.202058044,-0.112089888,0.220941549,0.101312817,-0.002064858
-0.201939633,-0.112060135,0.220842891,0.101276682,-0.002061273
-0.201821324,-0.112030367,0.22074437,0.10124061,-0.002057699
-0.201703117,-0.112000584,0.220645986,0.1012046,-0.002054136
-0.201585012,-0.111970785,0.220547738,0.101168653,-0.002050584
-0.20146701,-0.111940971,0.220449627,0.101132768,-0.002047043
-0.20134911,-0.111911142,0.220351651,0.101096945,-0.002043513
-0.201231313,-0.111881298,0.22025381,0.101061183,-0.002039994
-0.20111362,-0.111851439,0.220156104,0.101025483,-0.002036486
-0.200996029,-0.111821566,0.220058533,0.100989845,-0.002032988
-0.200878542,-0.111791677,0.219961096,0.100954267,-0.002029501
-0.200761159,-0.111761774,0.219863792,0.100918751,-0.002026025
-0.20064388,-0.111731856,0.219766622,0.100883296,-0.00202256
-0.200526704,-0.111701923,0.219669585,0.100847901,-0.002019105
-0.200409633,-0.111671976,0.21957268,0.100812567,-0.00201566
-0.200292666,-0.111642015,0.219475907,0.100777293,-0.002012226
-0.200175804,-0.111612039,0.219379267,0.100742079,-0.002008803
-0.200059046,-0.11158205,0.219282758,0.100706925,-0.00200539
-0.199942393,-0.111552046,0.219186379,0.10067183,-0.002001987
-0.199825846,-0.111522028,0.219090132,0.100636795,-0.001998594
-0.199709403,-0.111491995,0.218994015,0.10060182,-0.001995212
-0.199593066,-0.11146195,0.218898028,0.100566904,-0.00199184
-0.199476834,-0.11143189,0.21880217,0.100532047,-0.001988478
-0.199360708,-0.111401816,0.218706442,0.100497248,-0.001985126
-0.199244687,-0.111371729,0.218610842,0.100462509,-0.001981784
-0.199128773,-0.111341628,0.218515371,0.100427827,-0.001978452
-0.199012965,-0.111311514,0.218420028,0.100393204,-0.00197513
-0.198897262,-0.111281386,0.218324814,0.10035864,-0.001971818
-0.198781667,-0.111251245,0.218229726,0.100324133,-0.001968516
-0.198666178,-0.11122109,0.218134766,0.100289684,-0.001965223
-0.198550795,-0.111190922,0.218039932,0.100255292,-0.00196194
-0.198435519,-0.111160741,0.217945225,0.100220958,-0.001958667
-0.198320351,-0.111130547,0.217850644,0.100186682,-0.001955404
-0.198205289,-0.11110034,0.217756188,0.100152462,-0.00195215
-0.198090335,-0.11107012,0.217661858,0.1001183,-0.001948906
-0.197975488,-0.111039887,0.217567653,0.100084194,-0.001945672
-0.197860748,-0.111009642,0.217473572,0.100050144,-0.001942447
-0.197746116,-0.110979383,0.217379616,0.100016152,-0.001939231
-0.197631592,-0.110949112,0.217285784,0.099982215,-0.001936025
-0.197517175,-0.110918829,0.217192076,0.099948335,-0.001932828
-0.197402867,-0.110888532,0.217098491,0.09991451,-0.00192964
-0.197288666,-0.110858224,0.217005029,0.099880741,-0.001926462
-0.197174574,-0.110827903,0.216911689,0.099847028,-0.001923293
-0.19706059,-0.11079757,0.216818472,0.099813371,-0.001920133
-0.196946714,-0.110767224,0.216725377,0.099779768,-0.001916983
-0.196832947,-0.110736867,0.216632404,0.099746221,-0.001913841
-0.196719289,-0.110706497,0.216539551,0.099712729,-0.001910708
-0.196605739,-0.110676115,0.21644682,0.099679292,-0.001907585
-0.196492298,-0.110645722,0.21635421,0.099645909,-0.001904471
-0.196378966,-0.110615316,0.21626172,0.099612581,-0.001901365
-0.196265744,-0.110584899,0.21616935,0.099579307,-0.001898268
-0.19615263,-0.11055447,0.2160771,0.099546087,-0.001895181
-0.196039626,-0.110524029,0.215984969,0.099512921,-0.001892102
-0.19592673,-0.110493576,0.215892957,0.09947981,-0.001889032
-0.195813945,-0.110463113,0.215801064,0.099446752,-0.00188597
-0.195701269,-0.110432637,0.21570929,0.099413747,-0.001882918
-0.195588702,-0.11040215,0.215617633,0.099380796,-0.001879874
-0.195476245,-0.110371652,0.215526095,0.099347898,-0.001876839
-0.195363898,-0.110341143,0.215434674,0.099315054,-0.001873812
-0.195251661,-0.110310623,0.21534337,0.099282262,-0.001870794
-0.195139534,-0.110280091,0.215252183,0.099249523,-0.001867784
-0.195027516,-0.110249548,0.215161113,0.099216837,-0.001864783
-0.194915609,-0.110218994,0.215070159,0.099184203,-0.00186179
-0.194803812,-0.11018843,0.214979321,0.099151622,-0.001858806
-0.194692126,-0.110157854,0.214888599,0.099119093,-0.00185583
-0.194580549,-0.110127268,0.214797992,0.099086616,-0.001852863
-0.194469084,-0.110096671,0.2147075,0.09905419,-0.001849904
-0.194357728,-0.110066063,0.214617123,0.099021817,-0.001846953
-0.194246483,-0.110035445,0.21452686,0.098989495,-0.00184401
-0.194135349,-0.110004816,0.214436712,0.098957225,-0.001841076
-0.194024325,-0.109974176,0.214346678,0.098925006,-0.001838149
-0.193913413,-0.109943526,0.214256757,0.098892839,-0.001835231
-0.193802611,-0.109912866,0.214166949,0.098860722,-0.001832321
-0.193691919,-0.109882196,0.214077255,0.098828657,-0.001829419
-0.193581339,-0.109851515,0.213987673,0.098796642,-0.001826525
-0.19347087,-0.109820824,0.213898204,0.098764678,-0.001823639
-0.193360512,-0.109790123,0.213808846,0.098732764,-0.001820761
-0.193250265,-0.109759412,0.213719601,0.098700901,-0.001817891
-0.193140129,-0.109728691,0.213630467,0.098669088,-0.001815029
-0.193030104,-0.10969796,0.213541445,0.098637325,-0.001812175
-0.19292019,-0.10966722,0.213452533,0.098605611,-0.001809328
-0.192810388,-0.109636469,0.213363733,0.098573948,-0.00180649
-0.192700697,-0.109605709,0.213275043,0.098542335,-0.001803659
-0.192591118,-0.109574939,0.213186462,0.098510771,-0.001800835
-0.19248165,-0.109544159,0.213097992,0.098479256,-0.00179802
-0.192372293,-0.10951337,0.213009632,0.098447791,-0.001795212
-0.192263048,-0.109482572,0.21292138,0.098416374,-0.001792412
-0.192153915,-0.109451764,0.212833238,0.098385007,-0.001789619
-0.192044893,-0.109420947,0.212745205,0.098353689,-0.001786835
-0.191935983,-0.10939012,0.21265728,0.098322419,-0.001784057
-0.191827184,-0.109359284,0.212569463,0.098291198,-0.001781287
-0.191718497,-0.109328439,0.212481755,0.098260026,-0.001778525
-0.191609922,-0.109297585,0.212394154,0.098228902,-0.00177577
-0.191501459,-0.109266721,0.21230666,0.098197826,-0.001773022
-0.191393107,-0.109235849,0.212219274,0.098166798,-0.001770282
-0.191284867,-0.109204968,0.212131994,0.098135818,-0.001767549
-0.191176739,-0.109174078,0.212044821,0.098104886,-0.001764824
-0.191068723,-0.109143179,0.211957755,0.098074001,-0.001762105
-0.190960819,-0.109112271,0.211870795,0.098043164,-0.001759395
-0.190853027,-0.109081354,0.21178394,0.098012375,-0.001756691
-0.190745347,-0.109050429,0.211697191,0.097981633,-0.001753994
-0.190637779,-0.109019495,0.211610547,0.097950938,-0.001751305
-0.190530322,-0.108988553,0.211524009,0.09792029,-0.001748623
-0.190422978,-0.108957602,0.211437575,0.097889689,-0.001745948
-0.190315746,-0.108926643,0.211351246,0.097859135,-0.00174328
-0.190208626,-0.108895676,0.211265021,0.097828628,-0.001740619
-0.190101618,-0.1088647,0.2111789,0.097798167,-0.001737965
-0.189994721,-0.108833715,0.211092883,0.097767753,-0.001735319
-0.189887937,-0.108802723,0.211006969,0.097737385,-0.001732679
-0.189781265,-0.108771722,0.210921159,0.097707063,-0.001730046
-0.189674706,-0.108740714,0.210835451,0.097676787,-0.00172742
-0.189568258,-0.108709697,0.210749847,0.097646557,-0.001724801
-0.189461922,-0.108678672,0.210664344,0.097616373,-0.001722189
-0.189355699,-0.10864764,0.210578945,0.097586235,-0.001719583
-0.189249587,-0.108616599,0.210493647,0.097556142,-0.001716985
-0.189143588,-0.108585551,0.210408451,0.097526095,-0.001714393
-0.189037701,-0.108554495,0.210323356,0.097496093,-0.001711808
-0.188931926,-0.108523431,0.210238363,0.097466136,-0.00170923
-0.188826263,-0.10849236,0.210153471,0.097436225,-0.001706659
-0.188720712,-0.108461281,0.21006868,0.097406358,-0.001704094
-0.188615274,-0.108430194,0.209983989,0.097376537,-0.001701536
-0.188509947,-0.1083991,0.209899398,0.09734676,-0.001698984
-0.188404733,-0.108367998,0.209814908,0.097317027,-0.001696439
-0.18829963,-0.108336889,0.209730517,0.09728734,-0.001693901
-0.18819464,-0.108305773,0.209646226,0.097257696,-0.001691369
-0.188089762,-0.10827465,0.209562034,0.097228097,-0.001688844
-0.187984996,-0.108243519,0.209477942,0.097198543,-0.001686325
-0.187880342,-0.108212381,0.209393948,0.097169032,-0.001683813
-0.1877758,-0.108181236,0.209310053,0.097139565,-0.001681307
-0.18767137,-0.108150083,0.209226256,0.097110142,-0.001678808
-0.187567052,-0.108118924,0.209142558,0.097080763,-0.001676315
-0.187462846,-0.108087758,0.209058958,0.097051428,-0.001673828
-0.187358752,-0.108056585,0.208975455,0.097022136,-0.001671348
-0.187254771,-0.108025405,0.208892049,0.096992887,-0.001668874
-0.187150901,-0.107994218,0.208808741,0.096963682,-0.001666406
-0.187047143,-0.107963025,0.20872553,0.09693452,-0.001663945
-0.186943497,-0.107931824,0.208642416,0.096905401,-0.00166149
-0.186839963,-0.107900617,0.208559399,0.096876325,-0.001659041
-0.186736541,-0.107869404,0.208476477,0.096847291,-0.001656599
-0.18663323,-0.107838184,0.208393652,0.096818301,-0.001654162
-0.186530032,-0.107806957,0.208310923,0.096789353,-0.001651732
-0.186426945,-0.107775724,0.208228289,0.096760448,-0.001649308
-0.18632397,-0.107744484,0.208145751,0.096731585,-0.00164689
-0.186221107,-0.107713238,0.208063308,0.096702764,-0.001644478
-0.186118356,-0.107681986,0.20798096,0.096673986,-0.001642072
-0.186015716,-0.107650728,0.207898707,0.09664525,-0.001639672
-0.185913188,-0.107619463,0.207816549,0.096616556,-0.001637278
-0.185810772,-0.107588192,0.207734484,0.096587903,-0.001634891
-0.185708467,-0.107556915,0.207652514,0.096559293,-0.001632509
-0.185606274,-0.107525632,0.207570638,0.096530724,-0.001630133
-0.185504192,-0.107494343,0.207488855,0.096502196,-0.001627763
-0.185402222,-0.107463048,0.207407166,0.09647371,-0.001625399
-0.185300364,-0.107431747,0.207325571,0.096445266,-0.001623041
-0.185198617,-0.10740044,0.207244068,0.096416863,-0.001620689
-0.185096981,-0.107369127,0.207162658,0.096388501,-0.001618343
-0.184995457,-0.107337809,0.207081341,0.09636018,-0.001616002
-0.184894044,-0.107306485,0.207000116,0.0963319,-0.001613667
-0.184792742,-0.107275155,0.206918983,0.09630366,-0.001611338
-0.184691552,-0.107243819,0.206837943,0.096275462,-0.001609015
-0.184590473,-0.107212478,0.206756994,0.096247304,-0.001606698
-0.184489505,-0.107181131,0.206676136,0.096219187,-0.001604386
-0.184388648,-0.107149779,0.20659537,0.09619111,-0.00160208
-0.184287902,-0.107118421,0.206514696,0.096163074,-0.001599779
-0.184187267,-0.107087058,0.206434112,0.096135078,-0.001597485
-0.184086744,-0.10705569,0.206353619,0.096107122,-0.001595196
-0.183986331,-0.107024316,0.206273216,0.096079206,-0.001592912
-0.183886029,-0.106992937,0.206192904,0.09605133,-0.001590634
-0.183785838,-0.106961553,0.206112681,0.096023494,-0.001588362
-0.183685758,-0.106930163,0.206032549,0.095995698,-0.001586095
-0.183585789,-0.106898769,0.205952507,0.095967941,-0.001583834
-0.18348593,-0.106867369,0.205872554,0.095940224,-0.001581578
-0.183386182,-0.106835965,0.20579269,0.095912546,-0.001579328
-0.183286545,-0.106804555,0.205712916,0.095884908,-0.001577083
-0.183187018,-0.10677314,0.20563323,0.095857309,-0.001574844
-0.183087602,-0.106741721,0.205553633,0.095829749,-0.00157261
-0.182988296,-0.106710296,0.205474125,0.095802228,-0.001570382
-0.182889101,-0.106678867,0.205394704,0.095774747,-0.001568159
-0.182790016,-0.106647433,0.205315372,0.095747304,-0.001565941
-0.182691041,-0.106615994,0.205236128,0.0957199,-0.001563729
-0.182592177,-0.106584551,0.205156972,0.095692535,-0.001561522
-0.182493423,-0.106553103,0.205077903,0.095665208,-0.00155932
-0.182394779,-0.10652165,0.204998922,0.09563792,-0.001557124
-0.182296245,-0.106490193,0.204920028,0.09561067,-0.001554933
-0.182197821,-0.106458731,0.20484122,0.095583459,-0.001552747
-0.182099507,-0.106427265,0.2047625,0.095556286,-0.001550566
