0.0,0.0,0.0
0.005,-2.7546653283481153e-10,1.4761878669102504e-05
0.01,-4.261658836799508e-10,1.705919367811512e-05
0.015000000000000001,-5.157621959981291e-10,1.7337482501581407e-05
0.02,-5.749461999509034e-10,1.719952102848405e-05
0.024999999999999998,-6.196230807762535e-10,1.7039769949157044e-05
0.029999999999999995,-6.583965616104413e-10,1.694783318300744e-05
0.034999999999999996,-6.960480889836877e-10,1.692749020900904e-05
0.04,-7.352796878056349e-10,1.6961586766583027e-05
0.045000000000000005,-7.776390831995041e-10,1.7031688489839125e-05
0.05000000000000001,-8.240306675176831e-10,1.712320198703434e-05
0.055000000000000014,-8.749998583913045e-10,1.7225865890037764e-05
0.06000000000000002,-9.308900142872748e-10,1.7332959434578903e-05
0.06500000000000002,-9.919251656380236e-10,1.7440337795483943e-05
0.07000000000000002,-1.0582529039618535e-09,1.754561873165827e-05
0.07500000000000002,-1.12996643066198e-09,1.7647576602757645e-05
0.08000000000000003,-1.2071152152916934e-09,1.7745717381346306e-05
0.08500000000000003,-1.2897124707090848e-09,1.7839991254902836e-05
0.09000000000000004,-1.377738991009475e-09,1.7930603333190746e-05
0.09500000000000004,-1.4711471878056238e-09,1.801789183722637e-05
0.10000000000000005,-1.5698658868324071e-09,1.810225163827544e-05
0.10500000000000005,-1.6738023251555849e-09,1.8184087752465685e-05
0.11000000000000006,-1.7828466037858947e-09,1.8263788318005943e-05
0.11500000000000006,-1.8968739642244897e-09,1.8341710049774765e-05
0.12000000000000006,-2.015748048495155e-09,1.841817153356429e-05
0.12500000000000006,-2.1393229215514697e-09,1.849345132563441e-05
0.13000000000000006,-2.267445491793066e-09,1.856778888922331e-05
0.13500000000000006,-2.399957694101415e-09,1.8641387109693235e-05
0.14000000000000007,-2.5366976178621367e-09,1.871441559313031e-05
0.14500000000000007,-2.6775011302079865e-09,1.8787014256466137e-05
0.15000000000000008,-2.8222038365321828e-09,1.8859296913717286e-05
0.15500000000000008,-2.970641215251405e-09,1.89313546918475e-05
0.1600000000000001,-3.1226503690819784e-09,1.9003259183795368e-05
0.1650000000000001,-3.278069983386977e-09,1.907506530311567e-05
0.1700000000000001,-3.436741858052414e-09,1.914681382808551e-05
0.1750000000000001,-3.5985108818363265e-09,1.9218533647229865e-05
0.1800000000000001,-3.763225616686147e-09,1.9290243723622813e-05
0.1850000000000001,-3.930739186391823e-09,1.9361954801158178e-05
0.1900000000000001,-4.10090861714272e-09,1.9433670880896313e-05
0.19500000000000012,-4.273595633815376e-09,1.9505390488727955e-05
0.20000000000000012,-4.448667077784487e-09,1.957710776147175e-05
0.20500000000000013,-4.6259945435545204e-09,1.9648813372917415e-05
0.21000000000000013,-4.805454476164625e-09,1.9720495319319944e-05
0.21500000000000014,-4.986928514512364e-09,1.97921395832845e-05
0.22000000000000014,-5.1703030642785005e-09,1.986373069217528e-05
0.22500000000000014,-5.35546954710986e-09,1.9935252184930895e-05
0.23000000000000015,-5.542324441031243e-09,2.0006687000328304e-05
0.23500000000000015,-5.730768996014138e-09,2.0078017797550163e-05
0.24000000000000016,-5.920708924756142e-09,2.01492272194621e-05
0.24500000000000016,-6.1120547258898305e-09,2.022029810497552e-05
0.25000000000000017,-6.3047213269580715e-09,2.0291213660356852e-05
0.25500000000000017,-6.4986279201061126e-09,2.0361957593891447e-05
0.2600000000000002,-6.693697830976309e-09,2.0432514220704053e-05
0.2650000000000002,-6.889858810480307e-09,2.0502868540799463e-05
0.2700000000000002,-7.0870421867913925e-09,2.0573006297025595e-05
0.2750000000000002,-7.285182942030769e-09,2.0642914013814277e-05
0.2800000000000002,-7.484219665319917e-09,2.071257902133396e-05
0.2850000000000002,-7.684094732383482e-09,2.078198946652731e-05
0.2900000000000002,-7.884753516207904e-09,2.0851134315131663e-05
0.2950000000000002,-8.086144483734372e-09,2.0920003344560858e-05
0.3000000000000002,-8.288219204323911e-09,2.09885871299495e-05
0.3050000000000002,-8.490932078415114e-09,2.1056877025449124e-05
0.3100000000000002,-8.694240477170727e-09,2.1124865140752125e-05
0.3150000000000002,-8.898103963154085e-09,2.119254431550429e-05
0.32000000000000023,-9.102484634616933e-09,2.1259908090189014e-05
0.32500000000000023,-9.307346838854849e-09,2.132695067609774e-05
0.33000000000000024,-9.512657498568694e-09,2.139366692376843e-05
0.33500000000000024,-9.718385238565442e-09,2.146005229179907e-05
0.34000000000000025,-9.924500925113004e-09,2.152610281421031e-05
0.34500000000000025,-1.0130977183739896e-08,2.1591815069236656e-05
0.35000000000000026,-1.033778808080171e-08,2.1657186147830734e-05
0.35500000000000026,-1.0544909761481275e-08,2.1722213622542727e-05
0.36000000000000026,-1.0752319778323626e-08,2.1786895518093265e-05
0.36500000000000027,-1.095999727844813e-08,2.185123028200102e-05
0.3700000000000003,-1.1167922616845629e-08,2.1915216756943635e-05
0.3750000000000003,-1.1376077504154067e-08,2.1978854153930323e-05
0.3800000000000003,-1.1584444910101756e-08,2.204214202615688e-05
0.3850000000000003,-1.1793008902149695e-08,2.2105080244849532e-05
0.3900000000000003,-1.2001754851557685e-08,2.216766897551691e-05
0.3950000000000003,-1.221066871608904e-08,2.2229908656341505e-05
0.4000000000000003,-1.2419737808623257e-08,2.2291799976481343e-05
0.4050000000000003,-1.2628950089456853e-08,2.2353343856543693e-05
0.4100000000000003,-1.283829459912229e-08,2.2414541429600307e-05
0.4150000000000003,-1.3047760726846124e-08,2.2475394023908645e-05
0.4200000000000003,-1.325733919056211e-08,2.2535903145440233e-05
0.4250000000000003,-1.3467020875603463e-08,2.2596070463231592e-05
0.4300000000000003,-1.3676797483385332e-08,2.2655897794058226e-05
0.43500000000000033,-1.3886661430302286e-08,2.2715387088754037e-05
0.44000000000000034,-1.409660567843542e-08,2.277454041942996e-05
0.44500000000000034,-1.4306623543979336e-08,2.2833359967823263e-05
0.45000000000000034,-1.4516708879380902e-08,2.2891848013619095e-05
0.45500000000000035,-1.4726855957007689e-08,2.2950006924146066e-05
0.46000000000000035,-1.493705985056192e-08,2.300783914435962e-05
0.46500000000000036,-1.5147315332288058e-08,2.3065347188789762e-05
0.47000000000000036,-1.535761815979771e-08,2.3122533631855822e-05
0.47500000000000037,-1.556796420304725e-08,2.317940110074332e-05
0.48000000000000037,-1.577834952538723e-08,2.3235952268239344e-05
0.4850000000000004,-1.5988770658871296e-08,2.3292189845819126e-05
0.4900000000000004,-1.6199224452781135e-08,2.3348116577278034e-05
0.4950000000000004,-1.6409707718463525e-08,2.3403735233665497e-05
0.5000000000000003,-1.6620217695817283e-08,2.345904860731257e-05
0.5050000000000002,-1.6830751959417388e-08,2.3514059507173398e-05
0.5100000000000001,-1.704130814352824e-08,2.3568770754320704e-05
0.515,-1.7251883964131752e-08,2.362318517814133e-05
0.5199999999999999,-1.7462477531553452e-08,2.367730561200109e-05
0.5249999999999998,-1.7673086902847862e-08,2.3731134890367217e-05
0.5299999999999997,-1.7883710585667356e-08,2.3784675844920702e-05
0.5349999999999996,-1.809434681243399e-08,2.3837931302433326e-05
0.5399999999999995,-1.830499436053674e-08,2.3890904081437335e-05
0.5449999999999994,-1.851565185184074e-08,2.3943596990245237e-05
0.5499999999999993,-1.872631800068253e-08,2.399601282462266e-05
0.5549999999999992,-1.8936991757726578e-08,2.4048154365730712e-05
0.559999999999999,-1.91476720194098e-08,2.410002437839899e-05
0.564999999999999,-1.9358357857881757e-08,2.4151625609556672e-05
0.5699999999999988,-1.9569048478724093e-08,2.4202960786450602e-05
0.5749999999999987,-1.9779743008323872e-08,2.4254032615875358e-05
0.5799999999999986,-1.999044079369845e-08,2.4304843782453457e-05
0.5849999999999985,-2.020114113933164e-08,2.435539694793835e-05
0.5899999999999984,-2.0411843458441264e-08,2.4405694750141085e-05
0.5949999999999983,-2.0622547128366056e-08,2.4455739802287585e-05
0.5999999999999982,-2.0833251461124663e-08,2.4505534692302634e-05
0.6049999999999981,-2.10439560665723e-08,2.455508198183791e-05
0.609999999999998,-2.1254660667149356e-08,2.460438420590993e-05
0.6149999999999979,-2.146536454805492e-08,2.465344387302745e-05
0.6199999999999978,-2.1676067513446613e-08,2.4702263463783903e-05
0.6249999999999977,-2.188676902556401e-08,2.4750845431573234e-05
0.6299999999999976,-2.2097468840908955e-08,2.4799192201538167e-05
0.6349999999999975,-2.2308166579372776e-08,2.484730617095067e-05
0.6399999999999973,-2.2518862098614425e-08,2.4895189708579742e-05
0.6449999999999972,-2.2729554888955227e-08,2.494284515519358e-05
0.6499999999999971,-2.2940244761881877e-08,2.4990274823136023e-05
0.654999999999997,-2.315093128558272e-08,2.5037480996435536e-05
0.6599999999999969,-2.3361614336337702e-08,2.508446593054999e-05
0.6649999999999968,-2.3572293764194645e-08,2.513123185290611e-05
0.6699999999999967,-2.378296913179476e-08,2.517778096283683e-05
0.6749999999999966,-2.3993640457595356e-08,2.5224115431374756e-05
0.6799999999999965,-2.420430735844961e-08,2.5270237402043997e-05
0.6849999999999964,-2.4414969428643545e-08,2.5316148990616837e-05
0.6899999999999963,-2.462562671027818e-08,2.5361852285057894e-05
0.6949999999999962,-2.483627900359811e-08,2.5407349346313104e-05
0.6999999999999961,-2.5046925944868676e-08,2.5452642208298926e-05
0.704999999999996,-2.5257567479689797e-08,2.5497732877858352e-05
0.7099999999999959,-2.5468203361831338e-08,2.554262333566317e-05
0.7149999999999958,-2.567883332953404e-08,2.5587315535707193e-05
0.7199999999999956,-2.5889457166957458e-08,2.5631811406377955e-05
0.7249999999999955,-2.610007472077202e-08,2.5676112849990037e-05
0.7299999999999954,-2.631068592998285e-08,2.57202217433902e-05
0.7349999999999953,-2.6521290318374297e-08,2.576413993874925e-05
0.7399999999999952,-2.673188777207088e-08,2.580786926305495e-05
0.7449999999999951,-2.69424780785093e-08,2.5851411518711808e-05
0.749999999999995,-2.7153061148741118e-08,2.589476848400775e-05
0.7549999999999949,-2.736363669606439e-08,2.5937941913431257e-05
0.7599999999999948,-2.7574204645630282e-08,2.5980933537627486e-05
0.7649999999999947,-2.7784764602579055e-08,2.602374506436878e-05
0.7699999999999946,-2.7995316478813122e-08,2.6066378178188232e-05
0.7749999999999945,-2.8205859835232408e-08,2.6108834541261114e-05
0.7799999999999944,-2.8416394801482607e-08,2.6151115793090625e-05
0.7849999999999943,-2.8626920830933488e-08,2.619322355151602e-05
0.7899999999999942,-2.8837437918058254e-08,2.623515941247863e-05
0.794999999999994,-2.904794580675988e-08,2.6276924950840557e-05
0.7999999999999939,-2.9258444275806285e-08,2.631852172011187e-05
0.8049999999999938,-2.9468933127764682e-08,2.6359951253312746e-05
0.8099999999999937,-2.9679412176185275e-08,2.6401215062967675e-05
0.8149999999999936,-2.9889881055810495e-08,2.6442314641574824e-05
0.8199999999999935,-3.010033956610659e-08,2.648325146176965e-05
0.8249999999999934,-3.0310787571519124e-08,2.6524026976604302e-05
0.8299999999999933,-3.052122474644381e-08,2.6564642620184783e-05
0.8349999999999932,-3.073165096953581e-08,2.660509980740804e-05
0.8399999999999931,-3.094206591536201e-08,2.6645399934799365e-05
0.844999999999993,-3.115246932585721e-08,2.6685544380482047e-05
0.8499999999999929,-3.136286116645913e-08,2.6725534504381117e-05
0.8549999999999928,-3.157324094129128e-08,2.676537164907863e-05
0.8599999999999927,-3.178360862727004e-08,2.68050571392158e-05
0.8649999999999926,-3.199396383603799e-08,2.6844592282608076e-05
0.8699999999999924,-3.220430650148918e-08,2.688397836982972e-05
0.8749999999999923,-3.2414636161617327e-08,2.692321667511998e-05
0.8799999999999922,-3.2624952733967966e-08,2.6962308456068027e-05
0.8849999999999921,-3.2835255964879934e-08,2.7001254954159873e-05
0.889999999999992,-3.304554553546661e-08,2.7040057395119634e-05
0.8949999999999919,-3.325582117530817e-08,2.7078716988960185e-05
0.8999999999999918,-3.346608270797409e-08,2.7117234930277663e-05
0.9049999999999917,-3.367633005646438e-08,2.7155612398369144e-05
0.9099999999999916,-3.388656272842416e-08,2.719385055804775e-05
0.9149999999999915,-3.4096780591065745e-08,2.723195055914935e-05
0.9199999999999914,-3.4306983474741217e-08,2.7269913536959258e-05
0.9249999999999913,-3.451717102486293e-08,2.7307740612988087e-05
0.9299999999999912,-3.472734302914039e-08,2.7345432894296093e-05
0.9349999999999911,-3.493749928822617e-08,2.738299147441702e-05
0.939999999999991,-3.514763942589679e-08,2.7420417433457306e-05
0.9449999999999908,-3.5357763245842265e-08,2.7457711837855338e-05
0.9499999999999907,-3.5567870641714036e-08,2.749487574104557e-05
0.9549999999999906,-3.577796135106613e-08,2.7531910183633664e-05
0.9599999999999905,-3.598803502178058e-08,2.7568816193532246e-05
0.9649999999999904,-3.619809136917583e-08,2.760559478601942e-05
0.9699999999999903,-3.6408130344266615e-08,2.764224696396639e-05
0.9749999999999902,-3.661815170164634e-08,2.7678773718184494e-05
0.9799999999999901,-3.682815506441856e-08,2.7715176027718556e-05
0.98499999999999,-3.703814027827274e-08,2.7751454859629514e-05
0.9899999999999899,-3.724810707280989e-08,2.778761116939722e-05
0.9949999999999898,-3.7458055163475094e-08,2.782364590138574e-05
0.9999999999999897,-3.766798430488732e-08,2.7859559988387694e-05
1.0049999999999897,-2.0442386673023732e-08,2.791756009388072e-05
1.0099999999999896,5.66888947866727e-08,2.8053029305491953e-05
1.0149999999999895,2.479968544832872e-07,2.8338493683121264e-05
1.0199999999999894,6.001883846890287e-07,2.883807916216706e-05
1.0249999999999893,1.1466632400319486e-06,2.9598448558270006e-05
1.0299999999999891,1.91252465290254e-06,3.065436119329792e-05
1.034999999999989,2.9229627799579015e-06,3.203968179092037e-05
1.039999999999989,4.211685078504608e-06,3.3798994493879924e-05
1.0449999999999888,5.8254645984189705e-06,3.5994295090572184e-05
1.0499999999999887,7.82232454447555e-06,3.8703161988278916e-05
1.0549999999999886,1.027009486684424e-05,4.201683415579881e-05
1.0599999999999885,1.3253370094905753e-05,4.604898795790139e-05
1.0649999999999884,1.6882547159735887e-05,5.094775069888341e-05
1.0699999999999883,2.128992451292364e-05,5.68913127359596e-05
1.0749999999999882,2.6623165163753804e-05,6.407931398097897e-05
1.079999999999988,3.306151532335352e-05,7.275323452050695e-05
1.084999999999988,4.084469944660578e-05,8.323462409990118e-05
1.0899999999999879,5.026489796161909e-05,9.591682353859101e-05
1.0949999999999878,6.163669413070629e-05,0.00011122595849628173
1.0999999999999877,7.533070973054124e-05,0.0001296622983925878
1.1049999999999875,9.186273496685068e-05,0.0001519172465172086
1.1099999999999874,0.0001118837839618671,0.0001788665673574747
1.1149999999999873,0.00013606295260332315,0.00021141914136997613
1.1199999999999872,0.00016514716633396007,0.0002505866174277946
1.1249999999999871,0.0002002344704288175,0.00029783985058425016
1.129999999999987,0.00024279905453826684,0.00035515915947595546
1.134999999999987,0.00029427690031827956,0.00042450142193380244
1.1399999999999868,0.0003561182761702576,0.000507842269582666
1.1449999999999867,0.00043062000544482406,0.0006082554080176313
1.1499999999999866,0.0005211866997140921,0.0007303038543009004
1.1549999999999865,0.000630978203668894,0.0008783062619663942
1.1599999999999864,0.0007626397584457236,0.0010559053268425443
1.1649999999999863,0.0009208230027892426,0.0012693181718054255
1.1699999999999862,0.0011135420216768224,0.0015292519513568248
1.174999999999986,0.0013480876008416154,0.0018456858753402795
1.179999999999986,0.0016287384011630648,0.0022246557179555204
1.1849999999999858,0.0019643338718064833,0.002677956203832608
1.1899999999999857,0.0023740282457521324,0.003231078734473694
1.1949999999999856,0.0028758408651839485,0.00390866230746326
1.1999999999999855,0.0034749467183737195,0.004718578138631559
1.2049999999999854,0.004185850109129138,0.005680140144030467
1.2099999999999853,0.005054789353129217,0.006854599336315012
1.2149999999999852,0.006129754377167761,0.008307356209308094
1.219999999999985,0.007411364394901057,0.010042109976315852
1.224999999999985,0.00891367517458204,0.012077551820868344
1.2299999999999849,0.01074874881170419,0.014561301844838642
1.2349999999999848,0.013052312586600529,0.017677533731678637
1.2399999999999847,0.0158025574467775,0.021405618611933887
1.2449999999999846,0.01896534689105211,0.02570056376093973
1.2499999999999845,0.02281090710586836,0.03091592080047034
1.2549999999999844,0.027737352431374,0.03758988234389283
1.2599999999999842,0.03366194765015914,0.045636949489727734
1.2649999999999841,0.040276476141667045,0.0546516561902982
1.269999999999984,0.04821418828930962,0.06545595403813084
1.274999999999984,0.05866264364634982,0.07965211093425262
1.2799999999999838,0.0714354976076806,0.09706800314417288
1.2849999999999837,0.08504888310029857,0.11576273374703433
1.2899999999999836,0.10082401920424822,0.1374426216633498
1.2949999999999835,0.12228709536780227,0.16688348867553165
1.2999999999999834,0.14910535332191271,0.20393907770432354
1.3049999999999833,0.17506302043354516,0.24064213920645167
1.3099999999999832,0.20115715703578993,0.27852092294772735
1.314999999999983,0.23614757672328815,0.33016408578433787
1.319999999999983,0.27486525671403217,0.391466311446611
1.3249999999999829,0.2800093618074067,0.41913556141193886
1.3299999999999828,0.21260697933252098,0.3733433099626551
1.3349999999999826,0.06413873529776698,0.2569746396800521
1.3399999999999825,-0.1521562066189882,0.0858962652867
1.3449999999999824,-0.35913582110801523,-0.08843731347628081
1.3499999999999823,-0.45259486976769425,-0.18697304041243007
1.3549999999999822,-0.43098032052605756,-0.18544509668063192
1.3599999999999821,-0.34016237254665505,-0.10549376074195875
1.364999999999982,-0.22711606011959473,0.005645596256688715
1.369999999999982,-0.14613424376656817,0.08255941425092585
1.3749999999999818,-0.10684886804197766,0.11297955704986158
1.3799999999999817,-0.08398005934052738,0.12703995119368466
1.3849999999999816,-0.06301318353772631,0.14148617398351407
1.3899999999999815,-0.04558655193950736,0.1533715455790825
1.3949999999999814,-0.03540000034608212,0.15754479419613737
1.3999999999999813,-0.029723500916748594,0.15707702155889716
1.4049999999999812,-0.025116194181932065,0.1560374791081894
1.409999999999981,-0.020821843580813255,0.15518291625017094
1.414999999999981,-0.017656379746761063,0.15333482823363706
1.4199999999999808,-0.015604408285566331,0.15040395438425858
1.4249999999999807,-0.014007454402874372,0.1471595567756781
1.4299999999999806,-0.012485089366268555,0.14404473994344197
1.4349999999999805,-0.011118619711880127,0.14092326382403242
1.4399999999999804,-0.010000216114577349,0.13764706369592863
1.4449999999999803,-0.00903822259849387,0.13431177161455077
1.4499999999999802,-0.008116567914998504,0.131054867229523
1.45499999999998,-0.007214576680098315,0.12789617158792022
1.45999999999998,-0.006361888222729494,0.12479063851276542
1.4649999999999799,-0.005557517151748011,0.12173299384298494
1.4699999999999798,-0.004776475278355108,0.11875168078309273
1.4749999999999797,-0.004005233105195116,0.11586275492499822
1.4799999999999796,-0.003249936295167735,0.11305742417480179
1.4849999999999794,-0.0025170643179480397,0.11032620911283489
1.4899999999999793,-0.0018054368410938492,0.10766992994015574
1.4949999999999792,-0.0011124721896403178,0.1050919908100028
1.4999999999999791,-0.0004402484778673343,0.10259015687683586
1.504999999999979,0.00020682888355399987,0.10015906713985737
1.509999999999979,0.0008258341638864931,0.09779512309865998
1.5149999999999788,0.0014153901141531768,0.09549673112484286
1.5199999999999787,0.0019738268373360917,0.09326189928317664
1.5249999999999786,0.0024987677952216544,0.09108752865746741
1.5299999999999785,0.0029881239256279606,0.08897059480366276
1.5349999999999784,0.0034406375385890317,0.08690886521392752
1.5399999999999783,0.0038555909068294656,0.08490054471136571
1.5449999999999782,0.0042324564194625835,0.08294379716109405
1.549999999999978,0.004570996943002711,0.08103684098018932
1.554999999999978,0.0048714740327199055,0.0791782223575656
1.5599999999999778,0.005134648805005955,0.07736684643265802
1.5649999999999777,0.005361637409039321,0.07560181848575966
1.5699999999999776,0.005553833307484605,0.07388236460120824
1.5749999999999775,0.0057129095098467034,0.07220786257178523
1.5799999999999774,0.005840801654613137,0.07057785918208179
1.5849999999999773,0.005939634778532898,0.06899201818891013
1.5899999999999772,0.006011642126617354,0.06745005467050641
1.594999999999977,0.0060591117460855985,0.06595170248640034
1.599999999999977,0.0060843474802110475,0.06449669978833245
1.604999999999977,0.006089623880273556,0.06308476508225337
1.6099999999999768,0.006077137912346547,0.06171556485844354
1.6149999999999767,0.0060489714120789415,0.060388689674130795
1.6199999999999766,0.0060070672123065365,0.05910364307522467
1.6249999999999765,0.005953212992440889,0.057859836190199646
1.6299999999999764,0.005889029257415702,0.056656583202839644
1.6349999999999763,0.005815963419273378,0.055493100145997315
1.6399999999999761,0.005735291582139782,0.054368509589748565
1.644999999999976,0.005648126447458615,0.05328184997405458
1.649999999999976,0.005555428732622289,0.052232086877018975
1.6549999999999758,0.005458020937369976,0.05121812521477289
1.6599999999999757,0.005356603208046261,0.05023882259593613
1.6649999999999756,0.005251770600436708,0.04929300354570724
1.6699999999999755,0.005144030511774283,0.04837947357308304
1.6749999999999754,0.005033819290427642,0.047497032228250295
1.6799999999999753,0.004921517565574871,0.046644484884807574
1.6849999999999752,0.004807464039311694,0.04582065318501277
1.689999999999975,0.004691967439585414,0.045024383966240145
1.694999999999975,0.004575316379588976,0.04425455646302067
1.6999999999999749,0.004457787072630285,0.04351008775938173
1.7049999999999748,0.004339649019016199,0.04278993662606532
1.7099999999999747,0.0042211688351171265,0.042093105907260085
1.7149999999999745,0.004102612408347507,0.04141864360464435
1.7199999999999744,0.003984245600582907,0.04076564282820199
1.7249999999999743,0.0038663337676874843,0.040133240824231184
1.7299999999999742,0.003749140372888891,0.03952061729947666
1.7349999999999741,0.0036329249522491884,0.038926992237837285
1.739999999999974,0.0035179406672864273,0.03835162338299841
1.744999999999974,0.0034044316589024737,0.03779380354433084
1.7499999999999738,0.0032926303894978805,0.03725285786337296
1.7549999999999737,0.003182755126538014,0.03672814115206833
1.7599999999999736,0.0030750076863751683,0.036219035387413494
1.7649999999999735,0.0029695715246542812,0.03572494742303221
1.7699999999999734,0.002866610230787615,0.035245306957783794
1.7749999999999733,0.0027662664567317135,0.034779564782101306
1.7799999999999732,0.0026686612863356446,0.034327191305773275
1.784999999999973,0.0025738940313809263,0.03388767535669575
1.789999999999973,0.0024820424245195244,0.03346052322922291
1.7949999999999728,0.002393163168376575,0.03304525795389617
1.7999999999999727,0.0023072927923294207,0.03264141875566293
1.8049999999999726,0.0022244487647678775,0.032248560666181626
1.8099999999999725,0.002144630807248377,0.0318662542556837
1.8149999999999724,0.002067822358151966,0.03149408545156275
1.8199999999999723,0.0019939921361545143,0.031131655413357013
1.8249999999999722,0.0019230957583588426,0.030778580437665244
1.829999999999972,0.001855077372671816,0.03043449187007254
1.834999999999972,0.001789871270140536,0.03009903600594868
1.8399999999999719,0.001727403448371577,0.029771873965664313
1.8449999999999718,0.0016675931031392263,0.029452681534042034
1.8499999999999717,0.0016103540306722814,0.029141148957470445
1.8549999999999716,0.0015555959279638558,0.02883698069507282
1.8599999999999715,0.001503225582986393,0.0285398951232519
1.8649999999999713,0.0014531479505083054,0.028249624194995257
1.8699999999999712,0.001405267112296934,0.02796591305696078
1.8749999999999711,0.0013594871234053078,0.027688519628880314
1.879999999999971,0.0013157127480729013,0.027417214150401388
1.884999999999971,0.0012738500904807568,0.027151778701080764
1.8899999999999708,0.001233807126877804,0.026892006699654813
1.8949999999999707,0.0011954941461612323,0.026637702388394132
1.8999999999999706,0.0011588241066245392,0.026388680308347175
1.9049999999999705,0.0011237129167607563,0.026144764770929002
1.9099999999999704,0.0010900796478777724,0.025905789330697922
1.9149999999999703,0.0010578466862632208,0.025671596263864813
1.9199999999999702,0.0010269398322271463,0.02544203605641119
1.92499999999997,0.000997288352934085,0.025216966905113138
1.92999999999997,0.0009688249955633372,0.024996254234321218
1.9349999999999699,0.0009414859667545343,0.024779770230735427
1.9399999999999697,0.0009152108837824802,0.024567393397893156
1.9449999999999696,0.0008899427024787694,0.024359008131779644
1.9499999999999695,0.000865627626217624,0.02415450431828879
1.9549999999999694,0.0008422150000750146,0.023953776953272055
1.9599999999999693,0.0008196571934412491,0.02375672578510635
1.9649999999999692,0.0007979094743162789,0.023563254979952458
1.969999999999969,0.0007769298777841776,0.023373272809187884
1.974999999999969,0.0007566790710183084,0.023186691358620306
1.979999999999969,0.00073712021668663,0.0230034262587221
1.9849999999999688,0.0007182188364445724,0.022823396435170545
1.9899999999999687,0.0006999426757710647,0.022646523878669198
1.9949999999999686,0.0006822615713829023,0.022472733433252862
1.9999999999999685,0.0006651473219877287,0.022301952601883463
2.0049999999999684,0.0006485735631985571,0.022134111368458685
2.0099999999999683,0.0006325156470577033,0.02196914203505018
2.014999999999968,0.0006169505266447194,0.021806979073438187
2.019999999999968,0.0006018566459922528,0.021647558989836745
2.024999999999968,0.0005872138355202921,0.021490820201857937
2.029999999999968,0.0005730032130659722,0.021336702926739
2.0349999999999677,0.0005592070905022836,0.02118514907987841
2.0399999999999676,0.0005458088859460183,0.02103610218286051
2.0449999999999675,0.0005327930414097395,0.020889507280071263
2.0499999999999674,0.000520144945788456,0.020745310863156077
2.0549999999999673,0.000507850863002452,0.020603460802564987
2.059999999999967,0.0004958978651240079,0.020463906285530208
2.064999999999967,0.00048427377024744007,0.020326597759795676
2.069999999999967,0.0004729670848981501,0.02019148688253214
2.074999999999967,0.00046196695076149207,0.020058526473911417
2.0799999999999668,0.0004512630954769201,0.019927670474817444
2.0849999999999667,0.0004408457872611132,0.01979887390823172
2.0899999999999666,0.00043070579315586356,0.01967209284392446
2.0949999999999664,0.0004208343406431713,0.019547284366034163
2.0999999999999663,0.00041122308240900264,0.019424406543204747
2.1049999999999662,0.0004018640640427607,0.019303418400976324
2.109999999999966,0.0003927496944813782,0.019184279896182863
2.114999999999966,0.00038387271896457266,0.019066951893061464
2.119999999999966,0.0003752261943295402,0.01895139614088182
2.124999999999966,0.0003668034664729329,0.018837575252910355
2.1299999999999657,0.0003585981497926848,0.0187254526865181
2.1349999999999656,0.00035060410846541836,0.018614992724297733
2.1399999999999655,0.0003428154393815789,0.018506160456027387
2.1449999999999654,0.0003352264566330474,0.018398921761404913
2.1499999999999653,0.0003278316773990513,0.01829324329343069
2.154999999999965,0.00032062580910397815,0.018189092462339383
2.159999999999965,0.000313603737759567,0.01808643742004435
2.164999999999965,0.00030676051733998893,0.01798524704496921
2.169999999999965,0.00030009136015138647,0.017885490927287886
2.1749999999999647,0.00029359162805566005,0.017787139354463917
2.1799999999999646,0.00028725682449105854,0.01769016329708014
2.1849999999999645,0.000281082587210476,0.01759453439492665
2.1899999999999644,0.0002750646816602071,0.017500224943307323
2.1949999999999643,0.0002691989949551899,0.017407207879571913
2.199999999999964,0.00026348153035876275,0.01731545676981206
2.204999999999964,0.000257908402245033,0.017224945795747466
2.209999999999964,0.0002524758314975659,0.017135649741798105
2.214999999999964,0.00024718014125600017,0.01704754398227374
2.219999999999964,0.00024201775304570996,0.01696060446877481
2.2249999999999637,0.00023698518316997438,0.01687480771769195
2.2299999999999636,0.00023207903940670977,0.01679013079789837
2.2349999999999635,0.00022729601793971608,0.016706551318582903
2.2399999999999634,0.00022263290049972606,0.016624047417225812
2.2449999999999632,0.00021808655170646538,0.01654259774773849
2.249999999999963,0.00021365391659398594,0.016462181468773405
2.254999999999963,0.00020933201826317744,0.01638277823215909
2.259999999999963,0.00020511795570284585,0.016304368171538037
2.264999999999963,0.00020100890171379453,0.01622693189114517
2.2699999999999627,0.00019700210094601326,0.016150450454760233
2.2749999999999626,0.00019309486804642344,0.016074905374850207
2.2799999999999625,0.00018928458586636734,0.016000278601849795
2.2849999999999624,0.00018556870377780757,0.015926552513661263
2.2899999999999623,0.00018194473603306318,0.015853709905300238
2.294999999999962,0.00017841026021119902,0.01578173397875527
2.299999999999962,0.00017496291569499807,0.015710608332999098
2.304999999999962,0.0001716004022225208,0.015640316954216745
2.309999999999962,0.0001683204784656408,0.015570844206197414
2.3149999999999618,0.00016512096066088723,0.015502174820927233
2.3199999999999616,0.00016199972127400818,0.015434293889367979
2.3249999999999615,0.00015895468770293726,0.015367186852427567
2.3299999999999614,0.0001559838410071222,0.015300839492115274
2.3349999999999613,0.00015308521467216304,0.01523523792289136
2.3399999999999612,0.000150256893398462,0.015170368583202505
2.344999999999961,0.00014749701191354327,0.015106218227201233
2.349999999999961,0.00014480375381757148,0.015042773916664887
2.354999999999961,0.00014217535044018474,0.014980023013083581
2.359999999999961,0.00013961007973326667,0.014917953169951377
2.3649999999999607,0.00013710626516654637,0.014856552325215655
2.3699999999999606,0.0001346622746625141,0.014795808693930934
2.3749999999999605,0.00013227651953825678,0.014735710761075549
2.3799999999999604,0.0001299474534773587,0.014676247274557236
2.3849999999999603,0.00012767357150136576,0.01461740723836814
2.38999999999996,0.00012545340898618786,0.014559179905944982
2.39499999999996,0.00012328554067460597,0.01450155477366935
2.39999999999996,0.00012116857971858969,0.01444452157454924
2.40499999999996,0.00011910117673446107,0.014388070272056458
2.4099999999999597,0.00011708201887099305,0.01433219105411909
2.4149999999999596,0.00011510982891186876,0.01427687432729241
2.4199999999999595,0.00011318336437944105,0.014222110711063187
2.4249999999999594,0.00011130141664794263,0.014167891032294816
2.4299999999999593,0.00010946281010490653,0.014114206319860887
2.434999999999959,0.00010766640129714444,0.014061047799381467
2.439999999999959,0.00010591107811171525,0.01400840688812447
2.444999999999959,0.00010419575896118519,0.013956275190028924
2.449999999999959,0.00010251939200228146,0.013904644490885461
2.4549999999999588,0.00010088095435582399,0.013853506753629882
2.4599999999999587,9.927945134403621e-05,0.01380285411376548
2.4649999999999586,9.77139157564171e-05,0.013752678874928408
2.4699999999999585,9.618340711234255e-05,0.013702973504549998
2.4749999999999583,9.468701095926061e-05,0.013653730629664473
2.4799999999999582,9.322383817402792e-05,0.01360494303281682
2.484999999999958,9.17930242838422e-05,0.013556603648089418
2.489999999999958,9.0393728799342e-05,0.013508705557234981
2.494999999999958,8.902513456879847e-05,0.013461241985924629
2.499999999999958,8.768644714227815e-05,0.01341420630009458
2.5049999999999577,8.637689415316321e-05,0.013367592002397906
2.5099999999999576,8.509572471032822e-05,0.013321392728750207
2.5149999999999575,8.384220881719319e-05,0.013275602244988319
2.5199999999999574,8.261563678377623e-05,0.013230214443594426
2.5249999999999573,8.141531867304831e-05,0.013185223340539164
2.529999999999957,8.02405837503977e-05,0.013140623072198071
2.534999999999957,7.909077994791923e-05,0.013096407892356686
2.539999999999957,7.796527334364819e-05,0.01305257216930143
2.544999999999957,7.686344766085465e-05,0.013009110383001218
2.5499999999999567,7.578470375975104e-05,0.012966017122340159
2.5549999999999566,7.472845916749396e-05,0.012923287082461833
2.5599999999999565,7.369414760084645e-05,0.01288091506216236
2.5649999999999564,7.268121851200816e-05,0.012838895961369012
2.5699999999999563,7.168913664314122e-05,0.012797224778686082
2.574999999999956,7.071738159098184e-05,0.012755896609006544
2.579999999999956,6.976544738492408e-05,0.012714906641192816
2.584999999999956,6.883284207941105e-05,0.012674250155825417
2.589999999999956,6.791908734757362e-05,0.012633922523001712
2.594999999999956,6.702371809816936e-05,0.012593919200211816
2.5999999999999557,6.614628209492876e-05,0.012554235730262585
2.6049999999999556,6.528633958288746e-05,0.012514867739254138
2.6099999999999555,6.444346294559178e-05,0.012475810934639831
2.6149999999999554,6.361723633781505e-05,0.012437061103294227
2.6199999999999553,6.280725536094639e-05,0.012398614109677401
2.624999999999955,6.201312672446643e-05,0.012360465894018364
2.629999999999955,6.123446793758141e-05,0.012322612470576706
2.634999999999955,6.047090698202266e-05,0.012285049925913996
2.639999999999955,5.972208202644143e-05,0.012247774417255861
2.6449999999999547,5.898764112242318e-05,0.012210782170863226
2.6499999999999546,5.8267241921039485e-05,0.012174069480462658
2.6549999999999545,5.7560551398928535e-05,0.01213763270572219
2.6599999999999544,5.6867245585021235e-05,0.012101468270757844
2.6649999999999543,5.618700930023045e-05,0.012065572662687174
2.669999999999954,5.5519535902454975e-05,0.01202994243021868
2.674999999999954,5.486452704879457e-05,0.011994574182291558
2.679999999999954,5.4221692436882526e-05,0.011959464586716114
2.684999999999954,5.3590749590089564e-05,0.01192461036889612
2.6899999999999538,5.297142362266911e-05,0.011890008310552962
2.6949999999999537,5.2363447024385824e-05,0.011855655248497642
2.6999999999999535,5.176655944335624e-05,0.01182154807342588
2.7049999999999534,5.118050748134166e-05,0.011787683728752513
2.7099999999999533,5.0605044497577106e-05,0.011754059209479343
2.7149999999999532,5.003993040347618e-05,0.011720671561073037
2.719999999999953,4.9484931484098726e-05,0.011687517878399842
2.724999999999953,4.893982020539134e-05,0.01165459530466118
2.729999999999953,4.840437504174443e-05,0.011621901030376948
2.734999999999953,4.7878380307406604e-05,0.011589432292393335
2.7399999999999527,4.7361625975395883e-05,0.011557186372892008
2.7449999999999526,4.6853907524869686e-05,0.011525160598455715
2.7499999999999525,4.6355025779715764e-05,0.011493352339139992
2.7549999999999524,4.58647867560016e-05,0.011461759007573666
2.7599999999999523,4.5383001515002034e-05,0.011430378058083989
2.764999999999952,4.490948601218784e-05,0.01139920698583163
2.769999999999952,4.44440609663611e-05,0.011368243325988469
2.774999999999952,4.398655171331557e-05,0.011337484652911105
2.779999999999952,4.353678808249389e-05,0.011306928579358026
2.7849999999999517,4.309460426552357e-05,0.011276572755711992
2.7899999999999516,4.2659838690137805e-05,0.011246414869222848
2.7949999999999515,4.223233390379395e-05,0.01121645264327642
2.7999999999999514,4.1811936453654316e-05,0.011186683836673246
2.8049999999999513,4.1398496772216407e-05,0.011157106242926217
2.809999999999951,4.0991869069863675e-05,0.011127717689580532
2.814999999999951,4.0591911230549565e-05,0.011098516037550145
2.819999999999951,4.01984846957842e-05,0.011069499180450524
2.824999999999951,3.981145438464991e-05,0.011040665043990188
2.8299999999999508,3.943068857421977e-05,0.011012011585321776
2.8349999999999507,3.905605882096802e-05,0.01098353679245756
2.8399999999999506,3.8687439858012403e-05,0.010955238683664346
2.8449999999999505,3.832470951787355e-05,0.010927115306901679
2.8499999999999504,3.7967748634387213e-05,0.010899164739243357
2.8549999999999502,3.761644096540788e-05,0.010871385086335644
2.85999999999995,3.7270673107468886e-05,0.010843774481854529
2.86499999999995,3.693033441940334e-05,0.010816331086984174
2.86999999999995,3.6595316948733404e-05,0.01078905308990804
2.87499999999995,3.626551534883494e-05,0.010761938705297057
2.8799999999999497,3.594082681414148e-05,0.010734986173829229
2.8849999999999496,3.56211510090135e-05,0.010708193761710194
2.8899999999999495,3.530638999428253e-05,0.01068155976019851
2.8949999999999494,3.4996448169829754e-05,0.010655082485159605
2.8999999999999493,3.469123220162259e-05,0.010628760276607644
2.904999999999949,3.4390650971841286e-05,0.010602591498285414
2.909999999999949,3.409461550200415e-05,0.010576574537215307
2.914999999999949,3.380303890720818e-05,0.010550707803298486
2.919999999999949,3.351583633880515e-05,0.010524989728906923
2.9249999999999488,3.3232924922590865e-05,0.010499418768475184
2.9299999999999486,3.295422370807181e-05,0.01047399339811355
2.9349999999999485,3.267965362002408e-05,0.010448712115231148
2.9399999999999484,3.24091374036874e-05,0.010423573438157172
2.9449999999999483,3.2142599579088505e-05,0.010398575905778919
2.949999999999948,3.187996639100972e-05,0.010373718077182162
2.954999999999948,3.16211657643858e-05,0.010348998531302653
2.959999999999948,3.136612726055866e-05,0.0103244158665854
2.964999999999948,3.111478202882892e-05,0.010299968700643801
2.969999999999948,3.0867062772377256e-05,0.01027565566994163
2.9749999999999477,3.062290370052044e-05,0.010251475429464129
2.9799999999999476,3.0382240491226232e-05,0.010227426652406162
2.9849999999999475,3.0145010256660467e-05,0.010203508029871024
2.9899999999999474,2.9911151495610472e-05,0.010179718270555475
2.9949999999999473,2.9680604067507014e-05,0.010156056100468908
2.999999999999947,2.9453309150494176e-05,0.010132520262635872
3.004999999999947,2.9229209212796092e-05,0.010109109516821348
3.009999999999947,2.9008247972795324e-05,0.010085822639244594
3.014999999999947,2.879037037397628e-05,0.010062658422317836
3.0199999999999467,2.8575522541319042e-05,0.010039615674364033
3.0249999999999466,2.8363651769707276e-05,0.010016693219382236
3.0299999999999465,2.815470647434987e-05,0.009993889896765792
3.0349999999999464,2.794863617975264e-05,0.009971204561076167
3.0399999999999463,2.7745391475325385e-05,0.009948636081775989
3.044999999999946,2.754492399864855e-05,0.009926183343002765
3.049999999999946,2.7347186407927533e-05,0.009903845243332503
3.054999999999946,2.7152132355855395e-05,0.00988162069554811
3.059999999999946,2.6959716456759246e-05,0.009859508626402985
3.0649999999999458,2.676989427876177e-05,0.009837507976420792
3.0699999999999457,2.658262230279772e-05,0.009815617699655268
3.0749999999999456,2.6397857914917152e-05,0.009793836763497038
3.0799999999999454,2.621555936781735e-05,0.009772164148443218
3.0849999999999453,2.6035685775248576e-05,0.009750598847913355
3.0899999999999452,2.5858197082137518e-05,0.009729139868036862
3.094999999999945,2.5683054044699974e-05,0.009707786227456728
3.099999999999945,2.5510218212063404e-05,0.009686536957137558
3.104999999999945,2.5339651909847294e-05,0.009665391100179591
3.109999999999945,2.5171318212446112e-05,0.00964434771162094
3.1149999999999447,2.5005180935307913e-05,0.00962340585826865
3.1199999999999446,2.484120461240834e-05,0.009602564618512948
3.1249999999999445,2.467935447477521e-05,0.009581823082145835
3.1299999999999444,2.4519596442197776e-05,0.009561180350199146
3.1349999999999443,2.4361897103255576e-05,0.009540635534770785
3.139999999999944,2.4206223694389203e-05,0.00952018775885133
3.144999999999944,2.4052544093196736e-05,0.0094998361561721
3.149999999999944,2.3900826796884254e-05,0.00947957987103645
3.154999999999944,2.375104090959355e-05,0.00945941805816435
3.1599999999999437,2.3603156131925206e-05,0.009439349882543356
3.1649999999999436,2.345714273990474e-05,0.009419374519266673
3.1699999999999435,2.331297157822712e-05,0.009399491153392989
3.1749999999999434,2.3170614040740648e-05,0.009379698979791917
3.1799999999999433,2.3030042065594177e-05,0.009359997203009927
3.184999999999943,2.28912281152529e-05,0.009340385037119802
3.189999999999943,2.2754145168583778e-05,0.009320861705586578
3.194999999999943,2.2618766710569734e-05,0.009301426441133622
3.199999999999943,2.2485066712842816e-05,0.00928207848559779
3.204999999999943,2.235301963328919e-05,0.009262817089812024
3.2099999999999427,2.2222600398508442e-05,0.009243641513467184
3.2149999999999426,2.209378439531835e-05,0.009224551024987872
3.2199999999999425,2.1966547459079273e-05,0.00920554490140507
3.2249999999999424,2.1840865864088014e-05,0.009186622428234616
3.2299999999999423,2.1716716316850277e-05,0.009167782899359957
3.234999999999942,2.1594075941327266e-05,0.009149025616906933
3.239999999999942,2.147292227562505e-05,0.009130349891134761
3.244999999999942,2.1353233254734985e-05,0.009111755040310844
3.249999999999942,2.1234987214365662e-05,0.009093240390614578
3.2549999999999417,2.11181628671847e-05,0.009074805276006227
3.2599999999999416,2.10027393078542e-05,0.009056449038135744
3.2649999999999415,2.088869599512362e-05,0.009038171026223169
3.2699999999999414,2.0776012750917837e-05,0.009019970596961918
3.2749999999999413,2.0664669749608397e-05,0.009001847114411422
3.279999999999941,2.0554647509789713e-05,0.008983799949894384
3.284999999999941,2.044592688745984e-05,0.008965828481897066
3.289999999999941,2.0338489068557697e-05,0.00894793209597033
3.294999999999941,2.023231556634132e-05,0.008930110184638618
3.2999999999999408,2.0127388206916797e-05,0.008912362147294064
3.3049999999999407,2.0023689128943645e-05,0.008894687390111034
3.3099999999999405,1.9921200773936936e-05,0.008877085325950032
3.3149999999999404,1.981990588185935e-05,0.008859555374268446
3.3199999999999403,1.9719787483114584e-05,0.008842096961029552
3.3249999999999402,1.9620828894552255e-05,0.008824709518616664
3.32999999999994,1.9523013711884932e-05,0.00880739248574431
3.33499999999994,1.942632580312213e-05,0.008790145307372401
3.33999999999994,1.933074930993012e-05,0.00877296743463065
3.34499999999994,1.9236268629758954e-05,0.008755858324720638
3.3499999999999397,1.9142868424120427e-05,0.00873881744085144
3.3549999999999396,1.905053360343742e-05,0.008721844252147696
3.3599999999999395,1.8959249324922022e-05,0.008704938233573658
3.3649999999999394,1.886900099089457e-05,0.008688098865860545
3.3699999999999393,1.877977424153686e-05,0.008671325635427083
3.374999999999939,1.8691554946855546e-05,0.008654618034299781
3.379999999999939,1.8604329208046433e-05,0.008637975560047202
3.384999999999939,1.8518083351010133e-05,0.008621397715704054
3.389999999999939,1.843280391748307e-05,0.008604884009693937
3.3949999999999387,1.8348477669209628e-05,0.008588433955769515
3.3999999999999386,1.826509157478667e-05,0.008572047072931679
3.4049999999999385,1.8182632815253005e-05,0.00855572288537321
3.4099999999999384,1.8101088768675212e-05,0.00853946092239709
3.4149999999999383,1.802044701889893e-05,0.008523260718365868
3.419999999999938,1.7940695338752513e-05,0.008507121812619802
3.424999999999938,1.786182169890811e-05,0.008491043749428424
3.429999999999938,1.778381425499478e-05,0.008475026077915702
3.434999999999938,1.7706661346636915e-05,0.008459068351999983
3.4399999999999378,1.7630351498825183e-05,0.008443170130339654
3.4449999999999377,1.7554873410514636e-05,0.008427330976261279
3.4499999999999376,1.7480215954855454e-05,0.008411550457704614
3.4549999999999375,1.7406368180083866e-05,0.008395828147169668
3.4599999999999373,1.7333319300701837e-05,0.008380163621650623
3.4649999999999372,1.7261058695493378e-05,0.008364556462580436
3.469999999999937,1.7189575906688143e-05,0.008349006255777301
3.474999999999937,1.7118860634764157e-05,0.008333512591386339
3.479999999999937,1.704890273782417e-05,0.008318075063827606
3.484999999999937,1.6979692225797548e-05,0.008302693271738595
3.4899999999999367,1.6911219260672133e-05,0.00828736681792508
3.4949999999999366,1.6843474152818843e-05,0.008272095309307203
3.4999999999999365,1.6776447355402288e-05,0.008256878356864322
3.5049999999999364,1.6710129467570983e-05,0.008241715575591358
3.5099999999999363,1.6644511227314007e-05,0.008226606584443161
3.514999999999936,1.657958351003351e-05,0.00821155100628616
3.519999999999936,1.651533732819799e-05,0.008196548467852506
3.524999999999936,1.645176382523267e-05,0.008181598599687015
3.529999999999936,1.6388854276142125e-05,0.008166701036103908
3.5349999999999357,1.6326600086679664e-05,0.008151855415142106
3.5399999999999356,1.626499278468944e-05,0.008137061378510588
3.5449999999999355,1.6204024024871427e-05,0.008122318571552272
3.5499999999999354,1.614368558309137e-05,0.008107626643194744
3.5549999999999353,1.6083969355860143e-05,0.008092985245908124
3.559999999999935,1.6024867355880194e-05,0.00807839403565869
3.564999999999935,1.5966371712572678e-05,0.008063852671868994
3.569999999999935,1.5908474670496862e-05,0.008049360817376472
3.574999999999935,1.58511685840702e-05,0.008034918138387175
3.579999999999935,1.5794445918673763e-05,0.008020524304438732
3.5849999999999347,1.573829924844428e-05,0.008006178988359142
3.5899999999999346,1.5682721252790944e-05,0.007991881866225157
3.5949999999999345,1.56277047166248e-05,0.007977632617324865
3.5999999999999344,1.557324252854525e-05,0.007963430924119318
3.6049999999999343,1.5519327675632564e-05,0.00794927647219927
3.609999999999934,1.5465953247680798e-05,0.007935168950255093
3.614999999999934,1.5413112431334306e-05,0.007921108050034391
3.619999999999934,1.536079850829248e-05,0.007907093466304324
3.624999999999934,1.530900485706405e-05,0.007893124896820534
3.6299999999999337,1.525772494727336e-05,0.007879202042285191
3.6349999999999336,1.520695234233872e-05,0.00786532460631753
3.6399999999999335,1.5156680694266444e-05,0.007851492295414148
3.6449999999999334,1.5106903745121583e-05,0.00783770481891869
3.6499999999999333,1.5057615324304915e-05,0.007823961888986083
3.654999999999933,1.5008809345199955e-05,0.007810263220546218
3.659999999999933,1.4960479808918673e-05,0.007796608531278535
3.664999999999933,1.4912620797259394e-05,0.007782997541571497
3.669999999999933,1.4865226474640242e-05,0.007769429974494524
3.6749999999999328,1.4818291088896264e-05,0.007755905555769954
3.6799999999999327,1.4771808962010052e-05,0.007742424013730442
3.6849999999999326,1.4725774497812618e-05,0.007728985079300458
3.6899999999999324,1.4680182177639106e-05,0.007715588485961404
3.6949999999999323,1.4635026555045189e-05,0.00770223396971665
3.6999999999999322,1.4590302262460601e-05,0.0076889212690718555
3.704999999999932,1.4546004001706848e-05,0.0076756501249952355
3.709999999999932,1.4502126549827528e-05,0.007662420280897474
3.714999999999932,1.4458664753922274e-05,0.007649231482598231
3.719999999999932,1.441561353061361e-05,0.00763608347829874
3.7249999999999317,1.4372967867007915e-05,0.007622976018556809
3.7299999999999316,1.4330722815870847e-05,0.0076099088562546595
3.7349999999999315,1.4288873499379952e-05,0.007596881746577971
3.7399999999999314,1.4247415104126985e-05,0.007583894446984355
3.7449999999999313,1.4206342882658375e-05,0.0075709467171800535
3.749999999999931,1.4165652149607175e-05,0.0075580383190907725
3.754999999999931,1.4125338285336188e-05,0.007545169016841502
3.759999999999931,1.4085396729345949e-05,0.007532338576724545
3.764999999999931,1.404582298425298e-05,0.007519546767180307
3.7699999999999307,1.4006612611573966e-05,0.007506793358768879
3.7749999999999306,1.3967761233168996e-05,0.007494078124148774
3.7799999999999305,1.3929264528475745e-05,0.007481400838050295
3.7849999999999304,1.3891118235236334e-05,0.007468761277254243
3.7899999999999303,1.3853318146994217e-05,0.00745615922056597
3.79499999999993,1.3815860114401359e-05,0.007443594448795619
3.79999999999993,1.3778740041177917e-05,0.00743106674473095
3.80499999999993,1.3741953887766941e-05,0.007418575893120608
3.80999999999993,1.370549766513936e-05,0.007406121680645207
3.81499999999993,1.366936743998023e-05,0.0073937038959027025
3.8199999999999297,1.3633559328470208e-05,0.007381322329380473
3.8249999999999296,1.3598069498836376e-05,0.0073689767734374245
3.8299999999999295,1.356289416984091e-05,0.00735666702228261
3.8349999999999294,1.3528029610685962e-05,0.0073443928719549275
3.8399999999999292,1.3493472137045091e-05,0.007332154120298433
3.844999999999929,1.345921811474208e-05,0.007319950566947817
3.849999999999929,1.3425263956860903e-05,0.007307782013305391
3.854999999999929,1.3391606124051735e-05,0.007295648262523118
3.859999999999929,1.3358241120067016e-05,0.007283549119477345
3.8649999999999287,1.3325165498877674e-05,0.007271484390760428
3.8699999999999286,1.3292375855548486e-05,0.007259453884650277
3.8749999999999285,1.3259868831730127e-05,0.007247457411099839
3.8799999999999284,1.3227641110245416e-05,0.007235494781711924
3.8849999999999283,1.3195689419295754e-05,0.007223565809727621
3.889999999999928,1.3164010528679934e-05,0.0072116703100039235
3.894999999999928,1.3132601249153526e-05,0.007199808098995561
3.899999999999928,1.3101458433025686e-05,0.00718797899473963
3.904999999999928,1.3070578974916948e-05,0.007176182816839033
3.9099999999999278,1.303995980706992e-05,0.0071644193864406494
3.9149999999999276,1.3009597902563221e-05,0.007152688526222898
3.9199999999999275,1.2979490272946024e-05,0.007140990060376855
3.9249999999999274,1.2949633968367675e-05,0.007129323814590281
3.9299999999999273,1.2920026076864636e-05,0.007117689616031357
3.9349999999999272,1.2890663723772845e-05,0.007106087293332382
3.939999999999927,1.2861544070399457e-05,0.007094516676572431
3.944999999999927,1.2832664316257901e-05,0.007082977597266001
3.949999999999927,1.2804021695143344e-05,0.007071469888342055
3.954999999999927,1.277561347577128e-05,0.007059993384130817
3.9599999999999267,1.2747436963824843e-05,0.0070485479203516435
3.9649999999999266,1.2719489497333253e-05,0.007037133334092599
3.9699999999999265,1.2691768447930577e-05,0.0070257494637981375
3.9749999999999264,1.2664271222245293e-05,0.0070143961492566825
3.9799999999999263,1.2636995259282763e-05,0.00700307323158356
3.984999999999926,1.2609938030391537e-05,0.006991780553207039
3.989999999999926,1.2583097038746836e-05,0.006980517957854691
3.994999999999926,1.2556469819309845e-05,0.006969285290539098
3.999999999999926,1.253005393806012e-05,0.006958082397544831
4.004999999999926,1.250384699216369e-05,0.0069469091264144555
4.009999999999927,1.247784660916458e-05,0.006935765325935771
4.014999999999928,1.24520504451745e-05,0.006924650846125753
4.0199999999999285,1.2426456188494692e-05,0.006913565538223291
4.024999999999929,1.2401061553395395e-05,0.006902509254668659
4.02999999999993,1.2375864285054e-05,0.006891481849097358
4.034999999999931,1.2350862156509615e-05,0.006880483176324576
4.039999999999932,1.2326052967676647e-05,0.006869513092331479
4.044999999999932,1.2301434548424386e-05,0.006858571454257686
4.049999999999933,1.2277004753991693e-05,0.006847658120383343
4.054999999999934,1.225276146529881e-05,0.006836772950118399
4.059999999999935,1.222870259327465e-05,0.00682591580399668
4.0649999999999356,1.2204826071747394e-05,0.006815086543655005
4.069999999999936,1.2181129862496013e-05,0.006804285031829301
4.074999999999937,1.2157611950999201e-05,0.006793511132337619
4.079999999999938,1.2134270348804796e-05,0.006782764710072513
4.084999999999939,1.211110309216195e-05,0.0067720456309884785
4.0899999999999395,1.2088108242011855e-05,0.006761353762091349
4.09499999999994,1.2065283882321475e-05,0.006750688971425861
4.099999999999941,1.2042628121705475e-05,0.006740051128066951
4.104999999999942,1.2020139093434933e-05,0.00672944010211003
4.109999999999943,1.1997814950215096e-05,0.006718855764653959
4.114999999999943,1.197565387200902e-05,0.006708297987800898
4.119999999999944,1.1953654058464011e-05,0.006697766644636945
4.124999999999945,1.1931813732743072e-05,0.006687261609227339
4.129999999999946,1.1910131139005584e-05,0.006676782756603371
4.1349999999999465,1.1888604543798436e-05,0.006666329962755001
4.139999999999947,1.1867232235213055e-05,0.006655903104619735
4.144999999999948,1.1846012521662565e-05,0.006645502060072531
4.149999999999949,1.1824943733409236e-05,0.006635126707917997
4.15499999999995,1.180402422052838e-05,0.006624776927878855
4.15999999999995,1.178325235365128e-05,0.006614452600588016
4.164999999999951,1.1762626522592619e-05,0.006604153607577874
4.169999999999952,1.1742145138791384e-05,0.0065938798312745435
4.174999999999953,1.1721806630767225e-05,0.006583631154983479
4.1799999999999535,1.1701609449040795e-05,0.006573407462887185
4.184999999999954,1.1681552061003029e-05,0.006563208640030524
4.189999999999955,1.1661632952952835e-05,0.006553034572314176
4.194999999999956,1.1641850630324802e-05,0.006542885146487453
4.199999999999957,1.1622203617487869e-05,0.006532760250139329
4.204999999999957,1.1602690455134209e-05,0.006522659771687505
4.209999999999958,1.1583309703265631e-05,0.006512583600373625
4.214999999999959,1.1564059938480826e-05,0.0065025316262524255
4.21999999999996,1.1544939754388004e-05,0.006492503740184152
4.224999999999961,1.1525947763198072e-05,0.0064824998338292705
4.229999999999961,1.1507082593203634e-05,0.00647251979963731
4.234999999999962,1.148834288875506e-05,0.006462563530839196
4.239999999999963,1.1469727310683688e-05,0.006452630921440552
4.244999999999964,1.1451234538636997e-05,0.0064427218662175085
4.2499999999999645,1.1432863264350215e-05,0.006432836260700368
4.254999999999965,1.1414612197522634e-05,0.0064229740011742305
4.259999999999966,1.1396480063291163e-05,0.006413134984668575
4.264999999999967,1.1378465602600911e-05,0.006403319108950769
4.269999999999968,1.136056757030137e-05,0.0063935262725166
4.274999999999968,1.134278473788988e-05,0.006383756374586957
4.279999999999969,1.1325115889589872e-05,0.006374009315096085
4.28499999999997,1.1307559827383183e-05,0.006364284994691032
4.289999999999971,1.1290115364152576e-05,0.0063545833147167444
4.2949999999999715,1.127278133009056e-05,0.006344904177217216
4.299999999999972,1.1255556567060026e-05,0.0063352474849220596
4.304999999999973,1.1238439932014176e-05,0.006325613141244475
4.309999999999974,1.12214302961496e-05,0.00631600105027369
4.314999999999975,1.1204526542952709e-05,0.00630641111676633
4.319999999999975,1.1187727570670547e-05,0.006296843246143342
4.324999999999976,1.117103228866204e-05,0.006287297344479098
4.329999999999977,1.1154439622790718e-05,0.006277773318502378
4.334999999999978,1.1137948506592708e-05,0.00626827107557897
4.3399999999999785,1.1121557891997286e-05,0.006258790523719778
4.344999999999979,1.1105266739533948e-05,0.0062493315715619075
4.34999999999998,1.1089074023223474e-05,0.0062398941283696675
4.354999999999981,1.107297873063825e-05,0.00623047810402853
4.359999999999982,1.1056979859283053e-05,0.0062210834090352515
4.3649999999999824,1.1041076419480312e-05,0.006211709954495489
4.369999999999983,1.1025267434040356e-05,0.006202357652118172
4.374999999999984,1.1009551936321782e-05,0.006193026414207436
4.379999999999985,1.0993928972010929e-05,0.006183716153659751
4.384999999999986,1.0978397597111837e-05,0.006174426783955564
4.389999999999986,1.0962956879373415e-05,0.0061651582191560835
4.394999999999987,1.0947605897587853e-05,0.006155910373897266
4.399999999999988,1.0932343742078302e-05,0.0061466831633851145
4.404999999999989,1.0917169513133799e-05,0.006137476503388625
4.4099999999999895,1.0902082321194385e-05,0.006128290310234793
4.41499999999999,1.0887081287895063e-05,0.006119124500805298
4.419999999999991,1.0872165545632519e-05,0.006109978992530584
4.424999999999992,1.0857334235988595e-05,0.006100853703383596
4.429999999999993,1.0842586511708218e-05,0.00609174855187657
4.434999999999993,1.0827921534622245e-05,0.006082663457054558
4.439999999999994,1.0813338477001623e-05,0.006073598338491566
4.444999999999995,1.0798836520425233e-05,0.006064553116285127
4.449999999999996,1.0784414856354627e-05,0.0060555277110522195
4.4549999999999965,1.0770072685205624e-05,0.006046522043922939
4.459999999999997,1.0755809217775251e-05,0.006037536036538697
4.464999999999998,1.0741623673382823e-05,0.0060285696110449335
4.469999999999999,1.0727515280158263e-05,0.00601962269008712
4.475,1.07134832757651e-05,0.0060106951968068876
4.48,1.069952690734482e-05,0.0060017870548384564
4.485000000000001,1.068564542957368e-05,0.005992898188301264
4.490000000000002,1.0671838106187793e-05,0.0059840285217979145
4.495000000000003,1.0658104209986794e-05,0.0059751779804098105
4.5000000000000036,1.0644443021950525e-05,0.00596634648969209
4.505000000000004,1.0630853831027169e-05,0.0059575339756693995
4.510000000000005,1.0617335935487132e-05,0.005948740364833002
4.515000000000006,1.0603888639767913e-05,0.005939965584133278
4.520000000000007,1.0590511258598635e-05,0.005931209560980829
4.5250000000000075,1.0577203113668744e-05,0.0059224722232384406
4.530000000000008,1.056396353397339e-05,0.005913753499217111
4.535000000000009,1.0550791857080262e-05,0.005905053317674949
4.54000000000001,1.053768742787311e-05,0.005896371607810406
4.545000000000011,1.0524649599115394e-05,0.005887708299260302
4.550000000000011,1.0511677730049749e-05,0.005879063322093685
4.555000000000012,1.049877118885382e-05,0.005870436606811917
4.560000000000013,1.0485929348804239e-05,0.005861828084339341
4.565000000000014,1.047315159332273e-05,0.005853237686026856
4.5700000000000145,1.0460437309612635e-05,0.005844665343639879
4.575000000000015,1.0447785894744073e-05,0.005836110989362362
4.580000000000016,1.0435196751250625e-05,0.005827574555788396
4.585000000000017,1.0422669288293758e-05,0.005819055975919772
4.590000000000018,1.0410202923059383e-05,0.005810555183164154
4.595000000000018,1.0397797077238697e-05,0.005802072111327613
4.600000000000019,1.038545118211613e-05,0.005793606694617811
4.60500000000002,1.0373164672373553e-05,0.00578515886763246
4.610000000000021,1.0360936991769585e-05,0.005776728565363565
4.6150000000000215,1.0348767587972699e-05,0.0057683157231875224
4.620000000000022,1.03366559173563e-05,0.005759920276867923
4.625000000000023,1.0324601440144453e-05,0.005751542162546474
4.630000000000024,1.0312603624398135e-05,0.00574318131674472
4.635000000000025,1.030066194384247e-05,0.005734837676358375
4.640000000000025,1.0288775878003015e-05,0.005726511178654029
4.645000000000026,1.027694491094808e-05,0.005718201761264959
4.650000000000027,1.0265168535192244e-05,0.00570990936219299
4.655000000000028,1.025344624674706e-05,0.005701633919799026
4.660000000000029,1.0241777549328637e-05,0.005693375372805823
4.665000000000029,1.0230161949288305e-05,0.005685133660288271
4.67000000000003,1.0218598961945196e-05,0.005676908721678562
4.675000000000031,1.020708810636618e-05,0.005668700496757114
4.680000000000032,1.0195628906149079e-05,0.005660508925650524
4.6850000000000325,1.0184220892119592e-05,0.005652333948832043
4.690000000000033,1.0172863598986866e-05,0.005644175507114575
4.695000000000034,1.0161556567100671e-05,0.0056360335416505685
4.700000000000035,1.0150299341840377e-05,0.005627907993928241
4.705000000000036,1.0139091474265166e-05,0.005619798805769538
4.710000000000036,1.0127932519452863e-05,0.005611705919325942
4.715000000000037,1.0116822038561307e-05,0.005603629277077742
4.720000000000038,1.0105759596604514e-05,0.00559556882182943
4.725000000000039,1.009474476432033e-05,0.00558752449670872
4.7300000000000395,1.0083777116288806e-05,0.00557949624516224
4.73500000000004,1.0072856231937717e-05,0.0055714840109538765
4.740000000000041,1.0061981696198979e-05,0.005563487738163309
4.745000000000042,1.0051153098631226e-05,0.005555507371182437
4.750000000000043,1.0040370031940217e-05,0.005547542854710958
4.755000000000043,1.0029632093987261e-05,0.005539594133756704
4.760000000000044,1.0018938888159604e-05,0.0055316611536334465
4.765000000000045,1.0008290020829285e-05,0.005523743859955531
4.770000000000046,9.997685103084258e-06,0.005515842198637581
4.7750000000000465,9.987123750671065e-06,0.005507956115892243
4.780000000000047,9.976605582906901e-06,0.0055000855582264955
4.785000000000048,9.966130224403932e-06,0.005492230472441321
4.790000000000049,9.955697302413532e-06,0.0054843908056265945
4.79500000000005,9.945306449542175e-06,0.005476566505161642
4.8000000000000504,9.934957301149757e-06,0.005468757518710408
4.805000000000051,9.924649497852065e-06,0.005460963794221904
4.810000000000052,9.914382683656436e-06,0.005453185279926023
4.815000000000053,9.904156505806441e-06,0.00544542192433091
4.820000000000054,9.893970616495855e-06,0.005437673676223603
4.825000000000054,9.883824671622138e-06,0.005429940484665464
4.830000000000055,9.873718329196013e-06,0.005422222298988983
4.835000000000056,9.863651253397315e-06,0.005414519068800114
4.840000000000057,9.853623109608726e-06,0.005406830743970553
4.8450000000000575,9.843633568739173e-06,0.005399157274640848
4.850000000000058,9.833682304757443e-06,0.005391498611215394
4.855000000000059,9.82376899376346e-06,0.005383854704359163
4.86000000000006,9.81389331804535e-06,0.005376225505001109
4.865000000000061,9.804054960162016e-06,0.005368610964324541
4.870000000000061,9.794253608301175e-06,0.005361011033772107
4.875000000000062,9.784488953663841e-06,0.005353425665040482
4.880000000000063,9.774760690051236e-06,0.005345854810078128
4.885000000000064,9.765068515006286e-06,0.0053382984210846186
4.8900000000000645,9.755412129157914e-06,0.0053307564505082556
4.895000000000065,9.745791236784318e-06,0.005323228851044682
4.900000000000066,9.736205544460189e-06,0.005315715575633748
4.905000000000067,9.726654762846917e-06,0.0053082165774594355
4.910000000000068,9.717138604624809e-06,0.005300731809946042
4.915000000000068,9.70765678692764e-06,0.00529326122675904
4.920000000000069,9.69820902775374e-06,0.005285804781799082
4.92500000000007,9.688795050798356e-06,0.005278362429206263
4.930000000000071,9.679414580567684e-06,0.005270934123352413
4.9350000000000716,9.670067344976738e-06,0.005263519818842207
4.940000000000072,9.660753075307713e-06,0.005256119470512216
4.945000000000073,9.651471505975634e-06,0.00524873303342819
4.950000000000074,9.642222371774867e-06,0.005241360462880507
4.955000000000075,9.633005414473095e-06,0.0052340017143904455
4.9600000000000755,9.623820374660884e-06,0.005226656743698689
4.965000000000076,9.614666997323995e-06,0.005219325506770402
4.970000000000077,9.605545030219643e-06,0.005212007959791686
4.975000000000078,9.596454223334558e-06,0.005204704059167523
4.980000000000079,9.587394329643694e-06,0.005197413761521043
4.985000000000079,9.578365104308266e-06,0.005190137023691064
4.99000000000008,9.569366304605424e-06,0.0051828738027301854
4.995000000000081,9.56039769208862e-06,0.005175624055906409
5.000000000000082,9.551459028434152e-06,0.005168387740696175
5.0050000000000825,9.542550079795381e-06,0.0051611648147883915
5.010000000000083,9.533670613785288e-06,0.005153955236079297
5.015000000000084,9.524820399684025e-06,0.005146758962671095
5.020000000000085,9.515999210985726e-06,0.005139575952873693
5.025000000000086,9.507206822386378e-06,0.0051324061651998225
5.030000000000086,9.49844301061623e-06,0.005125249558364427
5.035000000000087,9.489707555033095e-06,0.005118106091283762
5.040000000000088,9.481000238015875e-06,0.005110975723075037
5.045000000000089,9.472320843263876e-06,0.005103858413052503
5.0500000000000895,9.46366915682893e-06,0.005096754120727673
5.05500000000009,9.455044966720396e-06,0.0050896628058070955
5.060000000000091,9.44644806395913e-06,0.005082584428192771
5.065000000000092,9.437878240879441e-06,0.005075518947978501
5.070000000000093,9.42933529198886e-06,0.005068466325449507
5.075000000000093,9.42081901487338e-06,0.005061426521082579
5.080000000000094,9.412329207186804e-06,0.005054399495540848
5.085000000000095,9.403865671113217e-06,0.005047385209677994
5.090000000000096,9.395428208829788e-06,0.005040383624531375
5.095000000000097,9.387016625405591e-06,0.005033394701324647
5.100000000000097,9.378630727640139e-06,0.005026418401464757
5.105000000000098,9.370270324365587e-06,0.005019454686541175
5.110000000000099,9.361935226317302e-06,0.005012503518324555
5.1150000000001,9.35362524623353e-06,0.005005564858765685
5.1200000000001005,9.345340198079639e-06,0.004998638669993087
5.125000000000101,9.337079898767643e-06,0.004991724914314402
5.130000000000102,9.328844166144757e-06,0.004984823554212312
5.135000000000103,9.320632820358812e-06,0.004977934552345227
5.140000000000104,9.312445683253793e-06,0.004971057871545533
5.145000000000104,9.304282578544124e-06,0.004964193474818199
5.150000000000105,9.29614333105111e-06,0.004957341325339407
5.155000000000106,9.288027767833517e-06,0.004950501386456009
5.160000000000107,9.27993571794882e-06,0.004943673621684722
5.1650000000001075,9.27186701152185e-06,0.004936857994709847
5.170000000000108,9.263821480587123e-06,0.004930054469382819
5.175000000000109,9.25579895949707e-06,0.004923263009721905
5.18000000000011,9.247799282386455e-06,0.004916483579907914
5.185000000000111,9.239822287545832e-06,0.004909716144288661
5.190000000000111,9.231867813086167e-06,0.004902960667372489
5.195000000000112,9.223935698507608e-06,0.004896217113828818
5.200000000000113,9.216025786276883e-06,0.004889485448489827
5.205000000000114,9.20813791943362e-06,0.004882765636345641
5.2100000000001145,9.200271942730678e-06,0.004876057642545307
5.215000000000115,9.192427702446758e-06,0.0048693614323950755
5.220000000000116,9.184605046217679e-06,0.004862676971357726
5.225000000000117,9.176803823145969e-06,0.004856004225051196
5.230000000000118,9.169023884264719e-06,0.00484934315924852
5.2350000000001184,9.161265081784549e-06,0.0048426937398758085
5.240000000000119,9.153527268649242e-06,0.004836055933010522
5.24500000000012,9.145810300630728e-06,0.004829429704883419
5.250000000000121,9.138114033324056e-06,0.004822815021873872
5.255000000000122,9.13043832466267e-06,0.004816211850511616
5.260000000000122,9.122783033765558e-06,0.004809620157475112
5.265000000000123,9.115148021065486e-06,0.004803039909589957
5.270000000000124,9.107533148501536e-06,0.004796471073828795
5.275000000000125,9.099938278460731e-06,0.004789913617308902
5.2800000000001255,9.09236327607634e-06,0.004783367507294066
5.285000000000126,9.084808006624482e-06,0.004776832711190601
5.290000000000127,9.077272337011222e-06,0.00477030919654808
5.295000000000128,9.069756135374629e-06,0.004763796931058204
5.300000000000129,9.062259271061108e-06,0.00475729588255378
5.305000000000129,9.05478161494139e-06,0.004750806019008177
5.31000000000013,9.047323038666912e-06,0.004744327308533829
5.315000000000131,9.039883415249654e-06,0.0047378597193816
5.320000000000132,9.032462618820646e-06,0.004731403219940226
5.3250000000001325,9.025060525078375e-06,0.004724957778735459
5.330000000000133,9.017677010421091e-06,0.004718523364428598
5.335000000000134,9.010311952658987e-06,0.004712099945816379
5.340000000000135,9.002965230563331e-06,0.004705687491829669
5.345000000000136,8.995636723815511e-06,0.004699285971532396
5.350000000000136,8.988326314425824e-06,0.004692895354122666
5.355000000000137,8.981033883209246e-06,0.004686515608927467
5.360000000000138,8.973759314354659e-06,0.004680146705407946
5.365000000000139,8.96650249171733e-06,0.004673788613153301
5.3700000000001396,8.959263301092614e-06,0.004667441301883592
5.37500000000014,8.952041628328295e-06,0.004661104741446078
5.380000000000141,8.944837362099643e-06,0.0046547789018181246
5.385000000000142,8.937650389350841e-06,0.0046484637531007894
5.390000000000143,8.930480600670684e-06,0.004642159265524641
5.3950000000001435,8.923327886516992e-06,0.004635865409444401
5.400000000000144,8.916192138159565e-06,0.004629582155339351
5.405000000000145,8.909073247674921e-06,0.004623309473812517
5.410000000000146,8.901971109338871e-06,0.004617047335591882
5.415000000000147,8.894885617178427e-06,0.004610795711526394
5.420000000000147,8.88781666655802e-06,0.004604554572587468
5.425000000000148,8.880764153973913e-06,0.004598323889867512
5.430000000000149,8.873727976628165e-06,0.004592103634579331
5.43500000000015,8.866708032391913e-06,0.00458589377805505
5.4400000000001505,8.85970422078584e-06,0.004579694291746436
5.445000000000151,8.85271644128249e-06,0.004573505147222563
5.450000000000152,8.845744595416038e-06,0.004567326316171514
5.455000000000153,8.838788584749625e-06,0.004561157770397036
5.460000000000154,8.831848311250883e-06,0.0045549994818184685
5.465000000000154,8.82492367954324e-06,0.004548851422473067
5.470000000000155,8.818014593173245e-06,0.004542713564510345
5.475000000000156,8.811120957232109e-06,0.004536585880194934
5.480000000000157,8.804242678174587e-06,0.0045304683419053575
5.4850000000001575,8.797379662597285e-06,0.004524360922132533
5.490000000000158,8.790531818398002e-06,0.004518263593479857
5.495000000000159,8.783699053694688e-06,0.004512176328661495
5.50000000000016,8.776881278393862e-06,0.004506099100503897
5.505000000000161,8.770078401865104e-06,0.004500031881942061
5.510000000000161,8.763290335246e-06,0.004493974646021648
5.515000000000162,8.75651698989385e-06,0.004487927365896732
5.520000000000163,8.749758278874655e-06,0.004481890014830958
5.525000000000164,8.74301411433016e-06,0.004475862566193605
5.530000000000165,8.736284411282712e-06,0.004469844993463512
5.535000000000165,8.729569083151373e-06,0.004463837270223257
5.540000000000166,8.722868046442977e-06,0.004457839370164335
5.545000000000167,8.716181216690833e-06,0.004451851267081348
5.550000000000168,8.709508510580077e-06,0.004445872934874034
5.5550000000001685,8.702849845509758e-06,0.004439904347546343
5.560000000000169,8.69620513994112e-06,0.004433945479206174
5.56500000000017,8.689574313173786e-06,0.00442799630406453
5.570000000000171,8.682957284215269e-06,0.004422056796433699
5.575000000000172,8.676353974002351e-06,0.004416126930729103
5.580000000000172,8.669764302658424e-06,0.004410206681465607
5.585000000000173,8.6631881924961e-06,0.00440429602326055
5.590000000000174,8.656625565684682e-06,0.004398394930830618
5.595000000000175,8.650076344687913e-06,0.004392503378991315
5.6000000000001755,8.643540453808309e-06,0.004386621342658746
5.605000000000176,8.637017816731642e-06,0.004380748796845726
5.610000000000177,8.630508358562093e-06,0.004374885716664264
5.615000000000178,8.62401200509109e-06,0.004369032077323517
5.620000000000179,8.617528681489125e-06,0.004363187854127878
5.625000000000179,8.611058315298118e-06,0.004357353022480479
5.63000000000018,8.604600833478562e-06,0.004351527557878393
5.635000000000181,8.598156164528047e-06,0.004345711435915445
5.640000000000182,8.591724235853775e-06,0.004339904632277712
5.6450000000001825,8.585304978260846e-06,0.004334107122749216
5.650000000000183,8.578898319652026e-06,0.004328318883203265
5.655000000000184,8.572504191169828e-06,0.004322539889609509
5.660000000000185,8.56612252396364e-06,0.004316770118029674
5.665000000000186,8.559753248758137e-06,0.004311009544616491
5.6700000000001864,8.553396298057912e-06,0.004305258145615731
5.675000000000187,8.547051603897224e-06,0.004299515897363206
5.680000000000188,8.540719099555846e-06,0.004293782776286125
5.685000000000189,8.534398719447128e-06,0.004288058758902549
5.69000000000019,8.528090396450683e-06,0.004282343821818059
5.69500000000019,8.52179406575988e-06,0.004276637941729278
5.700000000000191,8.515509662742784e-06,0.004270941095421379
5.705000000000192,8.509237122832325e-06,0.004265253259767042
5.710000000000193,8.502976382588124e-06,0.004259574411727778
5.7150000000001935,8.496727378516447e-06,0.004253904528351565
5.720000000000194,8.490490048030272e-06,0.004248243586773601
5.725000000000195,8.484264328718297e-06,0.004242591564215561
5.730000000000196,8.47805015888634e-06,0.004236948437984899
5.735000000000197,8.471847477705645e-06,0.004231314185475301
5.740000000000197,8.465656223683159e-06,0.004225688784163974
5.745000000000198,8.459476337164768e-06,0.00422007221161449
5.750000000000199,8.453307758065794e-06,0.004214464445473348
5.7550000000002,8.447150426816922e-06,0.004208865463470881
5.7600000000002005,8.441004284940168e-06,0.0042032752434215765
5.765000000000201,8.434869273662128e-06,0.004197693763221808
5.770000000000202,8.428745335255084e-06,0.004192121000850966
5.775000000000203,8.422632412404576e-06,0.00418655693437064
5.780000000000204,8.416530447585152e-06,0.004181001541922781
5.785000000000204,8.410439384265184e-06,0.004175454801731514
5.790000000000205,8.404359166682816e-06,0.004169916692101993
5.795000000000206,8.398289738751027e-06,0.004164387191418767
5.800000000000207,8.392231045593431e-06,0.004158866278147104
5.8050000000002075,8.386183031458014e-06,0.0041533539308303375
5.810000000000208,8.380145642399605e-06,0.004147850128092445
5.815000000000209,8.374118824389372e-06,0.00414235484863556
5.82000000000021,8.368102523918893e-06,0.0041368680712400895
5.825000000000211,8.362096688023607e-06,0.004131389774764667
5.8300000000002115,8.356101262806513e-06,0.004125919938143548
5.835000000000212,8.35011619697218e-06,0.004120458540390899
5.840000000000213,8.344141438019212e-06,0.004115005560595595
5.845000000000214,8.338176934200807e-06,0.004109560977923098
5.850000000000215,8.332222634466512e-06,0.004104124771615353
5.855000000000215,8.326278488060193e-06,0.0040986969209896385
5.860000000000216,8.320344444544144e-06,0.004093277405438324
5.865000000000217,8.314420453641237e-06,0.004087866204428311
5.870000000000218,8.30850646580942e-06,0.004082463297501065
5.8750000000002185,8.302602431845311e-06,0.0040770686642724995
5.880000000000219,8.296708302256936e-06,0.0040716822844310534
5.88500000000022,8.290824028777876e-06,0.004066304137739444
5.890000000000221,8.284949563249754e-06,0.00406093420403316
5.895000000000222,8.279084857986652e-06,0.004055572463220427
5.900000000000222,8.27322986476321e-06,0.004050218895280377
5.905000000000223,8.26738453712979e-06,0.00404487348026585
5.910000000000224,8.261548827838032e-06,0.004039536198299668
5.915000000000225,8.255722690484304e-06,0.004034207029576477
5.9200000000002255,8.249906079123291e-06,0.004028885954361862
5.925000000000226,8.244098947634275e-06,0.004023572952990994
5.930000000000227,8.238301250822619e-06,0.004018268005870019
5.935000000000228,8.232512943538591e-06,0.0040129710934744675
5.940000000000229,8.22673398099746e-06,0.00400768219634921
5.945000000000229,8.220964318478221e-06,0.004002401295107965
5.95000000000023,8.215203911918299e-06,0.003997128370433307
5.955000000000231,8.209452717224537e-06,0.003991863403075972
5.960000000000232,8.20371069171526e-06,0.003986606373856323
5.965000000000233,8.197977790990399e-06,0.0039813572636592754
5.970000000000233,8.192253973469793e-06,0.0039761160534408325
5.975000000000234,8.186539195500504e-06,0.003970882724220783
5.980000000000235,8.180833415131977e-06,0.0039656572570874096
5.985000000000236,8.175136590801128e-06,0.003960439633195634
5.9900000000002365,8.16944868020554e-06,0.003955229833765045
5.995000000000237,8.163769642302361e-06,0.003950027840082336
6.000000000000238,8.15809943564924e-06,0.003944833633498502
