0.0,-80.0,-80.0
0.005,-79.99980941259507,-79.99992076512862
0.01,-79.99953371511103,-79.99980457174568
0.015000000000000001,-79.9992248117881,-79.99967208737533
0.02,-79.99890881472633,-79.99953385501205
0.024999999999999998,-79.99859858016599,-79.9993952102913
0.029999999999999995,-79.99830009719857,-79.9992587792344
0.034999999999999996,-79.99801580030072,-79.99912577335192
0.04,-79.99774630284523,-79.99899666823107
0.045000000000000005,-79.99749130887298,-79.99887156141122
0.05000000000000001,-79.99725009323964,-79.99875036178652
0.055000000000000014,-79.99702175350146,-79.99863288985321
0.06000000000000002,-79.99680534049145,-79.99851893050288
0.06500000000000002,-79.99659992423642,-79.99840826044871
0.07000000000000002,-79.99640462540334,-79.99830066205769
0.07500000000000002,-79.99621862844805,-79.99819592990069
0.08000000000000003,-79.996041185166,-79.99809387342168
0.08500000000000003,-79.99587161333957,-79.99799431756615
0.09000000000000004,-79.99570929301484,-79.99789710236801
0.09500000000000004,-79.99555366177056,-79.99780208203626
0.10000000000000005,-79.9954042097035,-79.99770912383457
0.10500000000000005,-79.99526047450591,-79.99761810691014
0.11000000000000006,-79.99512203682012,-79.99752892115238
0.11500000000000006,-79.99498851595092,-79.99744146612166
0.12000000000000006,-79.99485956596027,-79.99735565006448
0.12500000000000006,-79.994734872139,-79.99727138902009
0.13000000000000006,-79.99461414783514,-79.99718860601625
0.13500000000000006,-79.99449713161177,-79.99710723034929
0.14000000000000007,-79.99438358470513,-79.99702719694116
0.14500000000000007,-79.99427328875363,-79.99694844576703
0.15000000000000008,-79.99416604376987,-79.99687092134577
0.15500000000000008,-79.99406166633017,-79.99679457228702
0.1600000000000001,-79.9939599879579,-79.99671935088843
0.1650000000000001,-79.9938608536793,-79.99664521277762
0.1700000000000001,-79.99376412073299,-79.99657211659373
0.1750000000000001,-79.99366965741596,-79.99650002370396
0.1800000000000001,-79.99357734205077,-79.9964288979513
0.1850000000000001,-79.9934870620608,-79.9963587054295
0.1900000000000001,-79.99339871314133,-79.99628941428257
0.19500000000000012,-79.99331219851592,-79.99622099452563
0.20000000000000012,-79.99322742826864,-79.99615341788481
0.20500000000000013,-79.99314431874389,-79.99608665765392
0.21000000000000013,-79.99306279200643,-79.9960206885662
0.21500000000000014,-79.99298277535492,-79.99595548667902
0.22000000000000014,-79.99290420088337,-79.9958910292705
0.22500000000000014,-79.99282700508526,-79.99582729474628
0.23000000000000015,-79.99275112849567,-79.9957642625558
0.23500000000000015,-79.99267651536759,-79.99570191311638
0.24000000000000016,-79.99260311337865,-79.99564022774493
0.24500000000000016,-79.99253087336514,-79.99557918859576
0.25000000000000017,-79.99245974908048,-79.99551877860455
0.25500000000000017,-79.99238969697561,-79.99545898143703
0.2600000000000002,-79.99232067599907,-79.99539978144254
0.2650000000000002,-79.99225264741479,-79.99534116361157
0.2700000000000002,-79.99218557463577,-79.99528311353686
0.2750000000000002,-79.99211942307211,-79.99522561737793
0.2800000000000002,-79.99205415999198,-79.9951686618285
0.2850000000000002,-79.9919897543942,-79.99511223408638
0.2900000000000002,-79.9919261768914,-79.99505632182601
0.2950000000000002,-79.99186339960269,-79.99500091317283
0.3000000000000002,-79.99180139605504,-79.99494599667977
0.3050000000000002,-79.99174014109232,-79.9948915613055
0.3100000000000002,-79.9916796107916,-79.99483759639395
0.3150000000000002,-79.99161978238583,-79.99478409165569
0.32000000000000023,-79.99156063419237,-79.99473103715023
0.32500000000000023,-79.99150214554699,-79.99467842326969
0.33000000000000024,-79.99144429674259,-79.99462624072343
0.33500000000000024,-79.99138706897247,-79.99457448052381
0.34000000000000025,-79.99133044427771,-79.99452313397258
0.34500000000000025,-79.99127440549812,-79.99447219264842
0.35000000000000026,-79.99121893622683,-79.99442164839489
0.35500000000000026,-79.99116402076781,-79.99437149330937
0.36000000000000026,-79.99110964409643,-79.99432171973244
0.36500000000000027,-79.99105579182255,-79.99427232023784
0.3700000000000003,-79.9910024501561,-79.99422328762316
0.3750000000000003,-79.99094960587493,-79.99417461490081
0.3800000000000003,-79.99089724629475,-79.9941262952896
0.3850000000000003,-79.99084535924085,-79.99407832220669
0.3900000000000003,-79.99079393302182,-79.99403068925993
0.3950000000000003,-79.99074295640467,-79.99398339024069
0.4000000000000003,-79.99069241859172,-79.99393641911689
0.4050000000000003,-79.9906423091986,-79.9938897700264
0.4100000000000003,-79.99059261823395,-79.99384343727087
0.4150000000000003,-79.9905433360799,-79.99379741530967
0.4200000000000003,-79.99049445347407,-79.99375169875421
0.4250000000000003,-79.9904459614924,-79.99370628236255
0.4300000000000003,-79.99039785153305,-79.99366116103407
0.43500000000000033,-79.99035011530114,-79.99361632980464
0.44000000000000034,-79.99030274479446,-79.99357178384172
0.44500000000000034,-79.99025573228994,-79.99352751843989
0.45000000000000034,-79.99020907033078,-79.99348352901647
0.45500000000000035,-79.99016275171442,-79.99343981110731
0.46000000000000035,-79.99011676948109,-79.99339636036278
0.46500000000000036,-79.99007111690295,-79.99335317254395
0.47000000000000036,-79.99002578747393,-79.99331024351886
0.47500000000000037,-79.9899807748999,-79.99326756925905
0.48000000000000037,-79.98993607308962,-79.99322514583606
0.4850000000000004,-79.9898916761459,-79.99318296941827
0.4900000000000004,-79.98984757835738,-79.99314103626763
0.4950000000000004,-79.98980377419072,-79.99309934273677
0.5000000000000003,-79.9897602582831,-79.99305788526607
0.5050000000000002,-79.98971702543517,-79.99301666038079
0.5100000000000001,-79.98967407060435,-79.9929756646885
0.515,-79.98963138889843,-79.99293489487647
0.5199999999999999,-79.98958897556946,-79.99289434770914
0.5249999999999998,-79.98954682600802,-79.99285402002573
0.5299999999999997,-79.98950493573773,-79.99281390873801
0.5349999999999996,-79.98946330040998,-79.99277401082807
0.5399999999999995,-79.98942191579899,-79.99273432334608
0.5449999999999994,-79.98938077779701,-79.99269484340837
0.5499999999999993,-79.98933988240987,-79.99265556819537
0.5549999999999992,-79.98929922575257,-79.99261649494971
0.559999999999999,-79.98925880404529,-79.9925776209744
0.564999999999999,-79.98921861360935,-79.99253894363103
0.5699999999999988,-79.98917865086355,-79.99250046033808
0.5749999999999987,-79.98913891232054,-79.99246216856922
0.5799999999999986,-79.98909939458345,-79.99242406585178
0.5849999999999985,-79.9890600943426,-79.99238614976518
0.5899999999999984,-79.9890210083724,-79.99234841793945
0.5949999999999983,-79.98898213352835,-79.99231086805375
0.5999999999999982,-79.98894346674425,-79.99227349783506
0.6049999999999981,-79.98890500502938,-79.99223630505682
0.609999999999998,-79.98886674546598,-79.9921992875376
0.6149999999999979,-79.98882868520673,-79.9921624431399
0.6199999999999978,-79.98879082147232,-79.99212576976893
0.6249999999999977,-79.98875315154923,-79.99208926537139
0.6299999999999976,-79.9887156727875,-79.99205292793444
0.6349999999999975,-79.98867838259865,-79.9920167554846
0.6399999999999973,-79.98864127845363,-79.99198074608657
0.6449999999999972,-79.9886043578809,-79.99194489784237
0.6499999999999971,-79.98856761846461,-79.99190920889028
0.654999999999997,-79.98853105784282,-79.99187367740387
0.6599999999999969,-79.98849467370574,-79.99183830159114
0.6649999999999968,-79.98845846379416,-79.99180307969355
0.6699999999999967,-79.98842242589781,-79.99176800998525
0.6749999999999966,-79.98838655785394,-79.99173309077213
0.6799999999999965,-79.9883508575458,-79.99169832039114
0.6849999999999964,-79.98831532290123,-79.9916636972094
0.6899999999999963,-79.98827995189137,-79.9916292196235
0.6949999999999962,-79.98824474252937,-79.99159488605873
0.6999999999999961,-79.98820969286915,-79.99156069496838
0.704999999999996,-79.9881748010041,-79.99152664483306
0.7099999999999959,-79.9881400650661,-79.99149273416006
0.7149999999999958,-79.9881054832243,-79.99145896148262
0.7199999999999956,-79.9880710536841,-79.99142532535933
0.7249999999999955,-79.98803677468607,-79.9913918243736
0.7299999999999954,-79.98800264450506,-79.99135845713295
0.7349999999999953,-79.98796866144913,-79.99132522226853
0.7399999999999952,-79.98793482385874,-79.99129211843452
0.7449999999999951,-79.98790113010577,-79.99125914430755
0.749999999999995,-79.98786757859273,-79.99122629858628
0.7549999999999949,-79.9878341677519,-79.99119357999082
0.7599999999999948,-79.98780089604456,-79.99116098726223
0.7649999999999947,-79.98776776196019,-79.99112851916209
0.7699999999999946,-79.98773476401576,-79.99109617447196
0.7749999999999945,-79.987701900755,-79.99106395199301
0.7799999999999944,-79.98766917074771,-79.99103185054557
0.7849999999999943,-79.98763657258907,-79.99099986896861
0.7899999999999942,-79.987604104899,-79.99096800611945
0.794999999999994,-79.98757176632161,-79.99093626087326
0.7999999999999939,-79.98753955552445,-79.99090463212275
0.8049999999999938,-79.98750747119804,-79.99087311877773
0.8099999999999937,-79.9874755120553,-79.99084171976476
0.8149999999999936,-79.98744367683092,-79.99081043402678
0.8199999999999935,-79.98741196428092,-79.99077926052283
0.8249999999999934,-79.98738037318209,-79.99074819822754
0.8299999999999933,-79.98734890233149,-79.99071724613098
0.8349999999999932,-79.98731755054601,-79.99068640323829
0.8399999999999931,-79.98728631666185,-79.9906556685693
0.844999999999993,-79.9872551995341,-79.99062504115827
0.8499999999999929,-79.9872241980363,-79.99059452005363
0.8549999999999928,-79.98719331106,-79.9905641043176
0.8599999999999927,-79.98716253751435,-79.990533793026
0.8649999999999926,-79.98713187632575,-79.99050358526793
0.8699999999999924,-79.98710132643738,-79.99047348014551
0.8749999999999923,-79.98707088680888,-79.99044347677363
0.8799999999999922,-79.98704055641596,-79.99041357427966
0.8849999999999921,-79.98701033425009,-79.99038377180324
0.889999999999992,-79.98698021931807,-79.99035406849605
0.8949999999999919,-79.9869502106418,-79.99032446352156
0.8999999999999918,-79.98692030725786,-79.99029495605477
0.9049999999999917,-79.98689050821727,-79.99026554528201
0.9099999999999916,-79.98686081258514,-79.99023623040078
0.9149999999999915,-79.98683121944038,-79.99020701061943
0.9199999999999914,-79.98680172787543,-79.99017788515702
0.9249999999999913,-79.98677233699595,-79.99014885324316
0.9299999999999912,-79.98674304592056,-79.99011991411768
0.9349999999999911,-79.98671385378057,-79.99009106703058
0.939999999999991,-79.98668475971974,-79.99006231124176
0.9449999999999908,-79.98665576289399,-79.99003364602083
0.9499999999999907,-79.9866268624712,-79.99000507064704
0.9549999999999906,-79.98659805763096,-79.98997658440898
0.9599999999999905,-79.98656934756427,-79.98994818660442
0.9649999999999904,-79.98654073147344,-79.98991987654024
0.9699999999999903,-79.98651220857175,-79.98989165353218
0.9749999999999902,-79.98648377808333,-79.98986351690473
0.9799999999999901,-79.98645543924285,-79.98983546599096
0.98499999999999,-79.98642719129542,-79.98980750013233
0.9899999999999899,-79.98639903349631,-79.98977961867861
0.9949999999999898,-79.98637096511082,-79.98975182098768
0.9999999999999897,-79.98634298541403,-79.98972410642544
1.0049999999999897,-79.9863150280992,-79.98969644708811
1.0099999999999896,-79.98628682916898,-79.98966873232835
1.0149999999999895,-79.98625781079937,-79.98964071876843
1.0199999999999894,-79.98622705366284,-79.98961201601314
1.0249999999999893,-79.98619334486426,-79.98958210350018
1.0299999999999891,-79.98615524765646,-79.98955035686141
1.034999999999989,-79.98611114675612,-79.98951606486945
1.039999999999989,-79.98605924386088,-79.9894784262178
1.0449999999999888,-79.98599750678653,-79.98943652709481
1.0499999999999887,-79.98592360154609,-79.98938931128768
1.0549999999999886,-79.98583482336198,-79.98933554926792
1.0599999999999885,-79.98572800195257,-79.9892737959875
1.0649999999999884,-79.98559935912017,-79.98920232805624
1.0699999999999883,-79.9854443592832,-79.98911907680322
1.0749999999999882,-79.98525758714351,-79.98902157135225
1.079999999999988,-79.98503257934259,-79.98890686154472
1.084999999999988,-79.98476151858786,-79.98877138235201
1.0899999999999879,-79.98443489176664,-79.9886108008536
1.0949999999999878,-79.98404126026055,-79.98841990700093
1.0999999999999877,-79.9835669639778,-79.98819247489534
1.1049999999999875,-79.98299543438233,-79.98792095923385
1.1099999999999874,-79.98230635043465,-79.98759612099958
1.1149999999999873,-79.98147521137172,-79.98720681939317
1.1199999999999872,-79.98047290991458,-79.98673980021991
1.1249999999999871,-79.97926419585701,-79.98617901985453
1.129999999999987,-79.97780547113372,-79.98550467930968
1.134999999999987,-79.97604399005137,-79.9846928240867
1.1399999999999868,-79.97391763881365,-79.98371517738639
1.1449999999999867,-79.9713515884992,-79.98253767260631
1.1499999999999866,-79.96825226305687,-79.98111784425215
1.1549999999999865,-79.96450564929282,-79.97940397388379
1.1599999999999864,-79.9599791306428,-79.97733568376002
1.1649999999999863,-79.95451462769326,-79.97484093323803
1.1699999999999862,-79.94791159628214,-79.97182874935766
1.174999999999986,-79.9399222347739,-79.9681868930776
1.179999999999986,-79.93026294204817,-79.96378623058334
1.1849999999999858,-79.91860215771894,-79.95847538174137
1.1899999999999857,-79.90451172968525,-79.95206012904046
1.1949999999999856,-79.88744895529769,-79.94429518169275
1.1999999999999855,-79.86680478207927,-79.93490326008578
1.2049999999999854,-79.84189099584586,-79.92356920371112
1.2099999999999853,-79.81180037120845,-79.90988123535944
1.2149999999999852,-79.77533306262107,-79.89329863688965
1.219999999999985,-79.73116906687993,-79.87322100737592
1.224999999999985,-79.6779016447253,-79.8490010713801
1.2299999999999849,-79.61363457556214,-79.81977666604946
1.2349999999999848,-79.53568844849758,-79.78434486991291
1.2399999999999847,-79.44115178878812,-79.74138460510365
1.2449999999999846,-79.32721476112305,-79.68959307659166
1.2499999999999845,-79.1900103084393,-79.62720511722853
1.2549999999999844,-79.02350312927977,-79.55152347424274
1.2599999999999842,-78.8210816127975,-79.45956266014927
1.2649999999999841,-78.57732537200658,-79.34877769912097
1.269999999999984,-78.2847066025622,-79.21570297262288
1.274999999999984,-77.92956316406259,-79.05426370298132
1.2799999999999838,-77.49626774511705,-78.85745873004778
1.2849999999999837,-76.97487976679695,-78.62052116125616
1.2899999999999836,-76.35214840449062,-78.33722443207864
1.2949999999999835,-75.59721007917044,-77.99391877048723
1.2999999999999834,-74.671516056039,-77.57351506134152
1.3049999999999833,-73.55807497716567,-77.0675651205717
1.3099999999999832,-72.23962068025716,-76.46735683338001
1.314999999999983,-70.64781645424424,-75.74282495182086
1.319999999999983,-68.68494456537684,-74.85115982957379
1.3249999999999829,-66.32591187793821,-73.77893065165794
1.3299999999999828,-63.5804990408987,-72.52695974798392
1.3349999999999826,-60.31759890064294,-71.03762969353532
1.3399999999999825,-56.33068945115875,-69.22101486845364
1.3449999999999824,-51.74177902490668,-67.1220792619562
1.3499999999999823,-47.12596360697296,-64.97509813836386
1.3549999999999822,-42.91242009406491,-62.95870157026025
1.3599999999999821,-39.176002140687,-61.10851637843
1.364999999999982,-35.855942285027005,-59.404831713830795
1.369999999999982,-32.93529146749373,-57.84553407234024
1.3749999999999818,-30.425846545953068,-56.44011536927626
1.3799999999999817,-28.303437681822565,-55.18306877656527
1.3849999999999816,-26.51550165255783,-54.05671416978423
1.3899999999999815,-25.014884535147576,-53.04497208709476
1.3949999999999814,-23.770925797161304,-52.13802175010907
1.3999999999999813,-22.756647809748195,-51.327155420330605
1.4049999999999812,-21.942755521723242,-50.60234562961285
1.409999999999981,-21.30151369214392,-49.95385210431242
1.414999999999981,-20.81099246395409,-49.37401201088337
1.4199999999999808,-20.453678254634273,-48.85672932207364
1.4249999999999807,-20.213897449189215,-48.39645877650521
1.4299999999999806,-20.077325399165716,-47.98803017460052
1.4349999999999805,-20.03175244649353,-47.626987413118776
1.4399999999999804,-20.067134732242383,-47.309635926134085
1.4449999999999803,-20.174887290777317,-47.03277525614714
1.4499999999999802,-20.347378294290632,-46.79350790785158
1.45499999999998,-20.577874813920054,-46.58922999527906
1.45999999999998,-20.860564576621165,-46.41765201611282
1.4649999999999799,-21.19038828876392,-46.27674057573151
1.4699999999999798,-21.562825662547183,-46.16463894035914
1.4749999999999797,-21.973781837638974,-46.07962689929491
1.4799999999999796,-22.41955504129885,-46.02011291154269
1.4849999999999794,-22.89679025062293,-45.98461982630507
1.4899999999999793,-23.40240736926311,-45.97175937475445
1.4949999999999792,-23.93354226749707,-45.980211163156106
1.4999999999999791,-24.487518005578934,-46.00871348943883
1.504999999999979,-25.06182754280497,-46.05605851930816
1.509999999999979,-25.65411278689683,-46.12108567258043
1.5149999999999788,-26.26214366791434,-46.202674740979674
1.5199999999999787,-26.883804984255395,-46.299741965999615
1.5249999999999786,-27.517090230055075,-46.411238827570344
1.5299999999999785,-28.16009700563578,-46.536151376302975
1.5349999999999784,-28.811022196589885,-46.673499380479306
1.5399999999999783,-29.46815843243815,-46.822335919192845
1.5449999999999782,-30.129892703946208,-46.98174780166867
1.549999999999978,-30.79470599548858,-47.15085636063069
1.554999999999978,-31.461172756310066,-47.32881814388203
1.5599999999999778,-32.12796009136689,-47.51482545563939
1.5649999999999777,-32.793827001521485,-47.70810688355316
1.5699999999999776,-33.457623592796466,-47.907927779686055
1.5749999999999775,-34.118289897394035,-48.113590548087956
1.5799999999999774,-34.774854129097335,-48.324434663105265
1.5849999999999773,-35.426430449448226,-48.5398364461964
1.5899999999999772,-36.07221633641711,-48.75920863600875
1.594999999999977,-36.71148955090367,-48.981999747383114
1.599999999999977,-37.34360469001062,-49.20769321240122
1.604999999999977,-37.967989387774466,-49.43580632637085
1.6099999999999768,-38.58414026593413,-49.66588903964055
1.6149999999999767,-39.19161872030256,-49.897522630063335
1.6199999999999766,-39.79004660664222,-50.1303182827802
1.6249999999999765,-40.37910189236151,-50.363915605620065
1.6299999999999764,-40.95851434908677,-50.59798111264625
1.6349999999999763,-41.52806135450688,-50.83220670627228
1.6399999999999761,-42.0875638552509,-51.06630818204277
1.644999999999976,-42.63688252928003,-51.30002377507251
1.649999999999976,-43.17591417860763,-51.53311276422033
1.6549999999999758,-43.70458837495515,-51.76535414684655
1.6599999999999757,-44.22286437000628,-51.99654539255127
1.6649999999999756,-44.73072827135555,-52.226501279890876
1.6699999999999755,-45.228190477592754,-52.455052816778725
1.6749999999999754,-45.715283360525085,-52.68204624283355
1.6799999999999753,-46.1920591778847,-52.90734210977406
1.6849999999999752,-46.65858819602859,-53.13081443409632
1.689999999999975,-47.114956999832444,-53.352349915016696
1.694999999999975,-47.56126696630548,-53.57184721007626
1.6999999999999749,-47.99763287885803,-53.7892162606664
1.7049999999999748,-48.4241816602253,-54.00437765989135
1.7099999999999747,-48.841051203733976,-54.217262055613666
1.7149999999999745,-49.24838928486054,-54.42780958222565
1.7199999999999744,-49.64635253765872,-54.635969315569184
1.7249999999999743,-50.03510548336949,-54.84169874638358
1.7299999999999742,-50.41481960121912,-55.04496326863351
1.7349999999999741,-50.78567243398957,-55.245735680025234
1.739999999999974,-51.147846723336116,-55.44399569292785
1.744999999999974,-51.50152957194367,-55.63972945473626
1.7499999999999738,-51.84691163140353,-55.83292907742113
1.7549999999999737,-52.18418631614215,-56.02359217659621
1.7599999999999736,-52.51354904484359,-56.211721420893426
1.7649999999999735,-52.835196511590624,-56.39732409277034
1.7699999999999734,-53.14932598942588,-56.580411662090334
1.7749999999999733,-53.45613466923855,-56.76099937392121
1.7799999999999732,-53.75581903685252,-56.93910585200908
1.784999999999973,-54.04857429097248,-57.11475271931468
1.789999999999973,-54.334593804277546,-57.28796423686614
1.7949999999999728,-54.61406862947773,-57.45876696200025
1.7999999999999727,-54.887187051604265,-57.62718942684789
1.8049999999999726,-55.154134187224784,-57.79326183768287
1.8099999999999725,-55.4150916306871,-57.95701579550787
1.8149999999999724,-55.670237146927754,-58.11848403800842
1.8199999999999723,-55.91974440985088,-58.27770020277278
1.8249999999999722,-56.1637827848059,-58.434698611460576
1.829999999999972,-56.40251715327762,-58.589514074409024
1.834999999999972,-56.63610777755581,-58.74218171499731
1.8399999999999719,-56.86471020287631,-58.892736812948144
1.8449999999999718,-57.08847519431891,-59.04121466563041
1.8499999999999717,-57.307548705608575,-59.18765046633949
1.8549999999999716,-57.52207187688876,-59.332079198468755
1.8599999999999715,-57.73218105851426,-59.47453554444683
1.8649999999999713,-57.93800785793809,-59.61505380829678
1.8699999999999712,-58.1396792068368,-59.753667850674475
1.8749999999999711,-58.33731744572168,-59.890411035259206
1.879999999999971,-58.53104042341615,-60.025316185400136
1.884999999999971,-58.72096160893215,-60.15841554996281
1.8899999999999708,-58.90719021344672,-60.28974077736914
1.8949999999999707,-59.089831320258455,-60.41932289688043
1.8999999999999706,-59.26898602078688,-60.547192306232766
1.9049999999999705,-59.44475155486213,-60.673378764797384
1.9099999999999704,-59.6172214537352,-60.79791139150264
1.9149999999999703,-59.78648568441632,-60.92081866681842
1.9199999999999702,-59.95263079411891,-61.042128438167296
1.92499999999997,-60.1157400537488,-61.161867928187796
1.92999999999997,-60.275893599529454,-61.28006374533443
1.9349999999999699,-60.43316857199497,-61.39674189635486
1.9399999999999697,-60.587639251712005,-61.51192780023762
1.9449999999999696,-60.73937719121029,-61.62564630327255
1.9499999999999695,-60.88845134270805,-61.73792169491231
1.9549999999999694,-61.03492818131472,-61.8487777241644
1.9599999999999693,-61.17887182347838,-61.95823761628245
1.9649999999999692,-61.32034414052098,-62.066324089559195
1.969999999999969,-61.459404867169425,-62.17305937205556
1.974999999999969,-61.59611170504825,-62.27846521812846
1.979999999999969,-61.730520421147425,-62.38256292464398
1.9849999999999688,-61.862684941320644,-62.4853733467861
1.9899999999999687,-61.992657438903585,-62.586916913389246
1.9949999999999686,-62.12048841856974,-62.687213641741025
1.9999999999999685,-62.24622679556447,-62.78628315181554
2.0049999999999684,-62.369919970475415,-62.88414467991084
2.0099999999999683,-62.491613899711425,-62.980817091674545
2.014999999999968,-62.61135316187137,-63.07631889451135
2.019999999999968,-62.72918102019133,-63.17066824937329
2.024999999999968,-62.8451394812617,-63.263882981940405
2.029999999999968,-62.95926935020762,-63.35598059320452
2.0349999999999677,-63.071610282525015,-63.446978269473014
2.0399999999999676,-63.18220083276195,-63.536892891812684
2.0449999999999675,-63.29107850023165,-63.62574104495643
2.0499999999999674,-63.39827977193805,-63.71353902569718
2.0549999999999673,-63.50384016288902,-63.80030285079467
2.059999999999967,-63.60779425396594,-63.88604826442151
2.064999999999967,-63.71017572751106,-63.97079074517532
2.069999999999967,-63.81101740078661,-64.05454551268343
2.074999999999967,-63.910351257452334,-64.13732753382669
2.0799999999999668,-64.0082084771996,-64.21915152860802
2.0849999999999667,-64.1046194636733,-64.30003197569079
2.0899999999999666,-64.19961387080451,-64.37998311763117
2.0949999999999664,-64.29322062766941,-64.4590189658275
2.0999999999999663,-64.38546796198256,-64.53715330520897
2.1049999999999662,-64.4763834223255,-64.61439969868411
2.109999999999966,-64.5659938992049,-64.6907714913691
2.114999999999966,-64.65432564502724,-64.76628181461444
2.119999999999966,-64.74140429307165,-64.84094358984711
2.124999999999966,-64.82725487553547,-64.91476953224455
2.1299999999999657,-64.91190184072234,-64.98777215425538
2.1349999999999656,-64.99536906943656,-65.0599637689809
2.1399999999999655,-65.07767989064291,-65.13135649342995
2.1449999999999654,-65.15885709644593,-65.20196225165917
2.1499999999999653,-65.23892295643873,-65.27179277780913
2.154999999999965,-65.31789923146692,-65.34085961904651
2.159999999999965,-65.39580718684947,-65.40917413842125
2.164999999999965,-65.47266760509478,-65.47674751764634
2.169999999999965,-65.54850079814734,-65.5435907598085
2.1749999999999647,-65.6233266191963,-65.6097146920153
2.1799999999999646,-65.69716447407565,-65.67512996798574
2.1849999999999645,-65.7700333322824,-65.73984707058862
2.1899999999999644,-65.84195173763695,-65.80387631433433
2.1949999999999643,-65.91293781860779,-65.86722784782349
2.199999999999964,-65.98300929832048,-65.92991165615675
2.204999999999964,-66.05218350426921,-65.99193756330868
2.209999999999964,-66.12047737774758,-66.0533152344687
2.214999999999964,-66.18790748301362,-66.11405417835154
2.219999999999964,-66.25449001620291,-66.1741637494793
2.2249999999999637,-66.3202408140021,-66.23365315043723
2.2299999999999636,-66.38517536209443,-66.29253143410435
2.2349999999999635,-66.44930880338728,-66.35080750586049
2.2399999999999634,-66.51265594603176,-66.40849012577097
2.2449999999999632,-66.57523127124219,-66.46558791074958
2.249999999999963,-66.63704894092423,-66.52210933670065
2.254999999999963,-66.69812280511802,-66.5780627406409
2.259999999999963,-66.75846640926368,-66.63345632280132
2.264999999999963,-66.81809300129471,-66.68829814870978
2.2699999999999627,-66.87701553856527,-66.74259615125393
2.2749999999999626,-66.93524669461631,-66.79635813272535
2.2799999999999625,-66.99279886578542,-66.84959176684437
2.2849999999999624,-67.04968417766484,-66.90230460076576
2.2899999999999623,-67.10591449141187,-66.95450405706553
2.294999999999962,-67.1615014099154,-67.00619743570813
2.299999999999962,-67.2164562838224,-67.0573919159946
2.304999999999962,-67.27079021742757,-67.108094558491
2.309999999999962,-67.3245140744298,-67.1583123069373
2.3149999999999618,-67.37763848355794,-67.20805199013617
2.3199999999999616,-67.4301738440694,-67.25732032382197
2.3249999999999615,-67.482130331124,-67.30612391250922
2.3299999999999614,-67.5335179010359,-67.35446925132074
2.3349999999999613,-67.58434629640622,-67.402362727795
2.3399999999999612,-67.63462505113866,-67.44981062367279
2.344999999999961,-67.68436349534089,-67.4968191166625
2.349999999999961,-67.73357076011362,-67.54339428218454
2.354999999999961,-67.78225578222995,-67.5895420950941
2.359999999999961,-67.83042730870704,-67.63526843138254
2.3649999999999607,-67.87809390127235,-67.68057906985693
2.3699999999999606,-67.92526394072654,-67.72547969379801
2.3749999999999605,-67.97194563120505,-67.76997589259598
2.3799999999999604,-68.01814700434049,-67.81407316336472
2.3849999999999603,-68.06387592332781,-67.8577769125335
2.38999999999996,-68.10914008689403,-67.90109245741685
2.39499999999996,-68.15394703317486,-67.94402502776232
2.39999999999996,-68.19830414349966,-67.98657976727601
2.40499999999996,-68.24221864608684,-68.02876173512594
2.4099999999999597,-68.28569761965171,-68.07057590742323
2.4149999999999596,-68.32874799692816,-68.11202717868146
2.4199999999999595,-68.37137656810634,-68.1531203632536
2.4249999999999594,-68.41358998418796,-68.19386019674724
2.4299999999999593,-68.45539476026097,-68.23425133741766
2.434999999999959,-68.49679727869527,-68.27429836753937
2.439999999999959,-68.5378037922613,-68.31400579475572
2.444999999999959,-68.57842042717304,-68.35337805340693
2.449999999999959,-68.61865318605706,-68.39241950583671
2.4549999999999588,-68.65850795084941,-68.4311344436776
2.4599999999999587,-68.69799048562172,-68.46952708911505
2.4649999999999586,-68.7371064393382,-68.50760159613044
2.4699999999999585,-68.77586134854523,-68.54536205172343
2.4749999999999583,-68.81426063999466,-68.58281247711355
2.4799999999999582,-68.8523096332028,-68.61995682892127
2.484999999999958,-68.89001354294624,-68.65679900032897
2.489999999999958,-68.92737748169613,-68.69334282222171
2.494999999999958,-68.96440646199221,-68.7295920643081
2.499999999999958,-69.00110539875817,-68.76555043622167
2.5049999999999577,-69.03747911155948,-68.80122158860291
2.5099999999999576,-69.07353232680533,-68.83660911416175
2.5149999999999575,-69.10926967989582,-68.87171654872152
2.5199999999999574,-69.14469571731561,-68.90654737224399
2.5249999999999573,-69.17981489867572,-68.94110500983585
2.529999999999957,-69.21463159870414,-68.97539283273719
2.534999999999957,-69.2491501091872,-69.0094141592918
2.539999999999957,-69.2833746408621,-69.04317225589989
2.544999999999957,-69.31730932526253,-69.0766703379531
2.5499999999999567,-69.3509582165181,-69.10991157075263
2.5549999999999566,-69.38432529310877,-69.14289907041001
2.5599999999999565,-69.41741445957555,-69.17563590473135
2.5649999999999564,-69.45022954818845,-69.2081250940852
2.5699999999999563,-69.48277432057269,-69.24036961225393
2.574999999999956,-69.51505246929439,-69.27237238726934
2.579999999999956,-69.54706761940659,-69.30413630223258
2.584999999999956,-69.57882332995672,-69.33566419611849
2.589999999999956,-69.61032309545637,-69.36695886456475
2.594999999999956,-69.64157034731443,-69.3980230606463
2.5999999999999557,-69.67256845523453,-69.42885949563465
2.6049999999999556,-69.70332072857758,-69.45947083974325
2.6099999999999555,-69.73383041769043,-69.48985972285807
2.6149999999999554,-69.76410071520144,-69.52002873525484
2.6199999999999553,-69.79413475728384,-69.54998042830208
2.624999999999955,-69.82393562488767,-69.5797173151509
2.629999999999955,-69.8535063449412,-69.60924187141158
2.634999999999955,-69.88284989152253,-69.63855653581703
2.639999999999955,-69.91196918700217,-69.66766371087353
2.6449999999999547,-69.94086710315739,-69.69656576349904
2.6499999999999546,-69.96954646225895,-69.72526502564916
2.6549999999999545,-69.99801003813114,-69.75376379493088
2.6599999999999544,-70.02626055718561,-69.78206433520474
2.6649999999999543,-70.05430069942979,-69.81016887717516
2.669999999999954,-70.08213309945057,-69.83807961896947
2.674999999999954,-70.10976034737381,-69.86579872670578
2.679999999999954,-70.13718498980032,-69.89332833504962
2.684999999999954,-70.16440953071911,-69.92067054776021
2.6899999999999538,-70.19143643239822,-69.94782743822597
2.6949999999999537,-70.21826811625381,-69.97480104998955
2.6999999999999535,-70.24490696369833,-70.00159339726294
2.7049999999999534,-70.27135531696786,-70.02820646543245
2.7099999999999533,-70.29761547992963,-70.05464221155408
2.7149999999999532,-70.32368971886987,-70.08090256483919
2.719999999999953,-70.34958026326277,-70.10698942713086
2.724999999999953,-70.37528930652084,-70.132904673371
2.729999999999953,-70.40081900672733,-70.15865015205858
2.734999999999953,-70.42617148735108,-70.18422768569884
2.7399999999999527,-70.45134883794428,-70.20963907124398
2.7449999999999526,-70.47635311482355,-70.23488608052527
2.7499999999999525,-70.50118634173495,-70.259970460677
2.7549999999999524,-70.525850510503,-70.28489393455209
2.7599999999999523,-70.55034758166461,-70.3096582011298
2.764999999999952,-70.57467948508776,-70.33426493591581
2.769999999999952,-70.5988481205758,-70.35871579133419
2.774999999999952,-70.62285535845747,-70.38301239711231
2.779999999999952,-70.64670304016322,-70.40715636065819
2.7849999999999517,-70.67039297878783,-70.43114926743061
2.7899999999999516,-70.6939269596402,-70.4549926813023
2.7949999999999515,-70.71730674078013,-70.47868814491605
2.7999999999999514,-70.74053405354286,-70.50223718003423
2.8049999999999513,-70.7636106030513,-70.52564128788148
2.809999999999951,-70.78653806871668,-70.54890194948108
2.814999999999951,-70.80931810472745,-70.57202062598482
2.819999999999951,-70.83195234052724,-70.59499875899671
2.824999999999951,-70.85444238128171,-70.61783777089052
2.8299999999999508,-70.87678980833493,-70.6405390651214
2.8349999999999507,-70.89899617965523,-70.66310402653167
2.8399999999999506,-70.92106303027111,-70.6855340216507
2.8449999999999505,-70.94299187269733,-70.70783039898933
2.8499999999999504,-70.96478419735125,-70.72999448932877
2.8549999999999502,-70.98644147296005,-70.752027606004
2.85999999999995,-71.00796514695871,-70.77393104518205
2.86499999999995,-71.02935664587922,-70.7957060861349
2.86999999999995,-71.05061737573111,-70.81735399150747
2.87499999999995,-71.07174872237351,-70.83887600758067
2.8799999999999497,-71.09275205187922,-70.8602733645294
2.8849999999999496,-71.11362871089044,-70.88154727667596
2.8899999999999495,-71.13438002696708,-70.90269894273877
2.8949999999999494,-71.1550073089272,-70.92372954607639
2.8999999999999493,-71.17551184718013,-70.94464025492732
2.904999999999949,-71.19589491405249,-70.96543222264505
2.909999999999949,-71.21615776410694,-70.98610658792923
2.914999999999949,-71.23630163445429,-71.00666447505228
2.919999999999949,-71.2563277450588,-71.02710699408213
2.9249999999999488,-71.27623729903696,-71.04743524110071
2.9299999999999486,-71.29603148294994,-71.06765029841874
2.9349999999999485,-71.31571146708984,-71.0877532347863
2.9399999999999484,-71.33527840575985,-71.10774510560003
2.9449999999999483,-71.35473343754857,-71.12762695310623
2.949999999999948,-71.37407768559852,-71.14739980660048
2.954999999999948,-71.39331225786904,-71.16706468262377
2.959999999999948,-71.41243824739371,-71.18662258515506
2.964999999999948,-71.43145673253251,-71.20607450580023
2.969999999999948,-71.45036877721866,-71.22542142397806
2.9749999999999477,-71.46917543120036,-71.24466430710258
2.9799999999999476,-71.48787773027766,-71.26380411076235
2.9849999999999475,-71.5064766965345,-71.28284177889655
2.9899999999999474,-71.52497333856587,-71.30177824396806
2.9949999999999473,-71.54336865170049,-71.3206144271333
2.999999999999947,-71.56166361821894,-71.3393512384093
3.004999999999947,-71.57985920756745,-71.35798957683781
3.009999999999947,-71.59795637656731,-71.3765303306465
3.014999999999947,-71.61595606962011,-71.39497437740738
3.0199999999999467,-71.63385921890898,-71.41332258419249
3.0249999999999466,-71.65166674459572,-71.43157580772696
3.0299999999999465,-71.6693795550141,-71.44973489453929
3.0349999999999464,-71.68699854685937,-71.46780068110928
3.0399999999999463,-71.70452460537393,-71.4857739940131
3.044999999999946,-71.72195860452956,-71.5036556500662
3.049999999999946,-71.73930140720594,-71.52144645646364
3.054999999999946,-71.75655386536576,-71.53914721091797
3.059999999999946,-71.77371682022647,-71.55675870179499
3.0649999999999458,-71.79079110242873,-71.57428170824691
3.0699999999999457,-71.80777753220154,-71.59171700034356
3.0749999999999456,-71.82467691952435,-71.60906533920124
3.0799999999999454,-71.84149006428592,-71.62632747710934
3.0849999999999453,-71.85821775644037,-71.64350415765512
3.0899999999999452,-71.87486077616008,-71.66059611584603
3.094999999999945,-71.89141989398586,-71.67760407823035
3.099999999999945,-71.90789587097422,-71.69452876301554
3.104999999999945,-71.92428945884195,-71.71137088018492
3.109999999999945,-71.94060140010792,-71.72813113161205
3.1149999999999447,-71.95683242823239,-71.74481021117366
3.1199999999999446,-71.97298326775359,-71.7614088048604
3.1249999999999445,-71.98905463442196,-71.77792759088584
3.1299999999999444,-72.00504723533172,-71.7943672397939
3.1349999999999443,-72.02096176905022,-71.8107284145642
3.139999999999944,-72.0367989257449,-71.82701177071593
3.144999999999944,-72.05255938730785,-71.84321795641002
3.149999999999944,-72.06824382747824,-71.85934761254956
3.154999999999944,-72.0838529119625,-71.87540137287864
3.1599999999999437,-72.09938729855229,-71.8913798640797
3.1649999999999436,-72.11484763724052,-71.90728370586916
3.1699999999999435,-72.1302345703351,-71.92311351109163
3.1749999999999434,-72.14554873257087,-71.93886988581258
3.1799999999999433,-72.16079075121941,-71.95455342940954
3.184999999999943,-72.17596124619696,-71.9701647346619
3.189999999999943,-72.19106083017056,-71.9857043878392
3.194999999999943,-72.20609010866211,-72.00117296878808
3.199999999999943,-72.22104968015086,-72.01657105101788
3.204999999999943,-72.23594013617392,-72.03189920178485
3.2099999999999427,-72.2507620614252,-72.04715798217511
3.2149999999999426,-72.26551603385256,-72.06234794718621
3.2199999999999425,-72.28020262475326,-72.07746964580755
3.2249999999999424,-72.29482239886785,-72.09252362109942
3.2299999999999423,-72.3093759144725,-72.1075104102709
3.234999999999942,-72.32386372346957,-72.12243054475658
3.239999999999942,-72.33828637147695,-72.13728455029198
3.244999999999942,-72.35264439791561,-72.15207294698793
3.249999999999942,-72.36693833609581,-72.16679624940379
3.2549999999999417,-72.38116871330188,-72.18145496661946
3.2599999999999416,-72.39533605087553,-72.19604960230636
3.2649999999999415,-72.40944086429785,-72.21058065479743
3.2699999999999414,-72.42348366326992,-72.2250486171558
3.2749999999999413,-72.43746495179198,-72.23945397724277
3.279999999999941,-72.45138522824153,-72.25379721778442
3.284999999999941,-72.46524498544994,-72.26807881643744
3.289999999999941,-72.47904471077791,-72.28229924585393
3.294999999999941,-72.49278488618968,-72.29645897374523
3.2999999999999408,-72.50646598832603,-72.31055846294463
3.3049999999999407,-72.52008848857609,-72.32459817146948
3.3099999999999405,-72.53365285314808,-72.33857855258198
3.3149999999999404,-72.54715954313876,-72.35250005484949
3.3199999999999403,-72.5606090146019,-72.36636312220357
3.3249999999999402,-72.57400171861556,-72.38016819399834
3.32999999999994,-72.58733810134845,-72.39391570506801
3.33499999999994,-72.60061860412503,-72.4076060857834
3.33999999999994,-72.61384366348975,-72.42123976210783
3.34499999999994,-72.6270137112702,-72.43481715565206
3.3499999999999397,-72.64012917463926,-72.44833868372847
3.3549999999999396,-72.65319047617636,-72.46180475940439
3.3599999999999395,-72.6661980339277,-72.47521579155482
3.3649999999999394,-72.67915226146553,-72.48857218491416
3.3699999999999393,-72.6920535679466,-72.50187434012746
3.374999999999939,-72.7049023581696,-72.5151226538006
3.379999999999939,-72.7176990326318,-72.52831751855014
3.384999999999939,-72.73044398758474,-72.54145932305201
3.389999999999939,-72.74313761508915,-72.55454845208995
3.3949999999999387,-72.75578030306897,-72.56758528660292
3.3999999999999386,-72.7683724353646,-72.58057020373204
3.4049999999999385,-72.78091439178526,-72.59350357686668
3.4099999999999384,-72.79340654816063,-72.60638577569013
3.4149999999999383,-72.80584927639174,-72.6192171662244
3.419999999999938,-72.81824294450094,-72.63199811087449
3.424999999999938,-72.8305879166813,-72.6447289684721
3.429999999999938,-72.84288455334519,-72.65741009431855
3.434999999999938,-72.85513321117212,-72.67004184022727
3.4399999999999378,-72.86733424315587,-72.6826245545656
3.4449999999999377,-72.87948799865096,-72.69515858229606
3.4499999999999376,-72.89159482341846,-72.70764426501695
3.4549999999999375,-72.90365505967097,-72.72008194100259
3.4599999999999373,-72.91566904611713,-72.73247194524265
3.4649999999999372,-72.92763711800536,-72.74481460948137
3.469999999999937,-72.93955960716698,-72.75711026225588
3.474999999999937,-72.95143684205874,-72.76935922893419
3.479999999999937,-72.96326914780467,-72.78156183175255
3.484999999999937,-72.97505684623738,-72.7937183898524
3.4899999999999367,-72.98680025593872,-72.80582921931672
3.4949999999999366,-72.99849969227986,-72.81789463320594
3.4999999999999365,-73.01015546746089,-72.82991494159332
3.5049999999999364,-73.02176789054961,-72.84189045159988
3.5099999999999363,-73.03333726752005,-72.85382146742887
3.514999999999936,-73.04486390129026,-72.86570829039971
3.519999999999936,-73.05634809175957,-72.87755121898155
3.524999999999936,-73.06779013584543,-72.88935054882627
3.529999999999936,-73.07919032751963,-72.90110657280118
3.5349999999999357,-73.090548957844,-72.91281958102115
3.5399999999999356,-73.1018663150057,-72.92448986088036
3.5449999999999355,-73.11314268435187,-72.93611769708367
3.5499999999999354,-73.12437834842397,-72.94770337167748
3.5549999999999353,-73.13557358699151,-72.95924716408021
3.559999999999935,-73.14672867708529,-72.97074935111249
3.564999999999935,-73.1578438930303,-72.9822102070267
3.569999999999935,-73.16891950647809,-72.99363000353638
3.574999999999935,-73.17995578643863,-73.00500900984508
3.579999999999935,-73.19095299931185,-73.01634749267492
3.5849999999999347,-73.20191140891866,-73.02764571629473
3.5899999999999346,-73.21283127653157,-73.03890394254773
3.5949999999999345,-73.22371286090493,-73.05012243087916
3.5999999999999344,-73.2345564183046,-73.06130143836312
3.6049999999999343,-73.24536220253748,-73.07244121972938
3.609999999999934,-73.25613046498033,-73.08354202738973
3.614999999999934,-73.26686145460846,-73.09460411146388
3.619999999999934,-73.27755541802385,-73.10562771980537
3.624999999999934,-73.288212599483,-73.11661309802659
3.6299999999999337,-73.29883324092435,-73.12756048952404
3.6349999999999336,-73.30941758199532,-73.1384701355029
3.6399999999999335,-73.319965860079,-73.1493422750014
3.6449999999999334,-73.33047831032049,-73.16017714491491
3.6499999999999333,-73.34095516565294,-73.17097498001968
3.654999999999933,-73.35139665682308,-73.1817360129962
3.659999999999933,-73.3618030124166,-73.19246047445245
3.664999999999933,-73.37217445888304,-73.20314859294663
3.669999999999933,-73.38251122056042,-73.21380059500981
3.6749999999999328,-73.39281351969954,-73.22441670516812
3.6799999999999327,-73.40308157648798,-73.23499714596474
3.6849999999999326,-73.4133156090737,-73.2455421379816
3.6899999999999324,-73.42351583358844,-73.25605189986086
3.6949999999999323,-73.43368246417064,-73.26652664832594
3.6999999999999322,-73.44381571298831,-73.27696659820252
3.704999999999932,-73.45391579026133,-73.28737196243911
3.709999999999932,-73.46398290428371,-73.29774295212736
3.714999999999932,-73.47401726144531,-73.30807977652235
3.719999999999932,-73.48401906625348,-73.31838264306214
3.7249999999999317,-73.49398852135434,-73.32865175738765
3.7299999999999316,-73.50392582755372,-73.33888732336189
3.7349999999999315,-73.51383118383792,-73.3490895430891
3.7399999999999314,-73.52370478739421,-73.35925861693359
3.7449999999999313,-73.53354683363095,-73.36939474353846
3.749999999999931,-73.54335751619762,-73.37949811984396
3.754999999999931,-73.55313702700435,-73.38956894110564
3.759999999999931,-73.5628855562415,-73.39960740091237
3.764999999999931,-73.57260329239874,-73.40961369120406
3.7699999999999307,-73.58229042228399,-73.41958800228917
3.7749999999999306,-73.59194713104213,-73.42953052286198
3.7799999999999305,-73.6015736021734,-73.43944144001972
3.7849999999999304,-73.61117001755166,-73.4493209392794
3.7899999999999303,-73.6207365574423,-73.45916920459455
3.79499999999993,-73.6302734005201,-73.46898641837161
3.79999999999993,-73.63978072388663,-73.47877276148625
3.80499999999993,-73.64925870308765,-73.4885284132994
3.80999999999993,-73.6587075121301,-73.49825355167317
3.81499999999993,-73.66812732349906,-73.50794835298642
3.8199999999999297,-73.6775183081743,-73.51761299215035
3.8249999999999296,-73.68688063564682,-73.52724764262379
3.8299999999999295,-73.69621447393502,-73.53685247642827
3.8349999999999294,-73.70551998960077,-73.54642766416293
3.8399999999999292,-73.71479734776524,-73.55597337501939
3.844999999999929,-73.72404671212448,-73.56548977679616
3.849999999999929,-73.73326824496492,-73.57497703591312
3.854999999999929,-73.7424621071786,-73.58443531742579
3.859999999999929,-73.75162845827822,-73.59386478503927
3.8649999999999287,-73.76076745641198,-73.60326560112226
3.8699999999999286,-73.7698792583783,-73.61263792672064
3.8749999999999285,-73.77896401964031,-73.62198192157108
3.8799999999999284,-73.78802189434016,-73.63129774411452
3.8849999999999283,-73.7970530353132,-73.64058555150922
3.889999999999928,-73.80605759410187,-73.64984549964403
3.894999999999928,-73.81503572096959,-73.65907774315117
3.899999999999928,-73.82398756491433,-73.66828243541906
3.904999999999928,-73.8329132736821,-73.67745972860489
3.9099999999999278,-73.84181299378021,-73.68660977364718
3.9149999999999276,-73.85068687049043,-73.695732720278
3.9199999999999275,-73.85953504788196,-73.70482871703518
3.9249999999999274,-73.86835766882423,-73.71389791127439
3.9299999999999273,-73.87715487499956,-73.72294044918091
3.9349999999999272,-73.88592680691566,-73.73195647578154
3.939999999999927,-73.894673603918,-73.74094613495609
3.944999999999927,-73.90339540420196,-73.74990956944889
3.949999999999927,-73.91209234482493,-73.75884692088012
3.954999999999927,-73.92076456171822,-73.76775832975707
3.9599999999999267,-73.92941218969877,-73.77664393548521
3.9649999999999266,-73.93803536248083,-73.78550387637907
3.9699999999999265,-73.94663421268739,-73.79433828967314
3.9749999999999264,-73.95520887186154,-73.80314731153253
3.9799999999999263,-73.96375947047771,-73.81193107706356
3.984999999999926,-73.97228613795266,-73.82068972032424
3.989999999999926,-73.98078900265651,-73.82942337433451
3.994999999999926,-73.98926819192346,-73.83813217108658
3.999999999999926,-73.99772383206252,-73.8468162415549
4.004999999999926,-74.00615604836808,-73.85547571570626
4.009999999999927,-74.01456496513025,-73.86411072250954
4.014999999999928,-74.02295070564524,-73.87272138994548
4.0199999999999285,-74.03131339222551,-73.88130784501644
4.024999999999929,-74.03965314620983,-73.88987021375577
4.02999999999993,-74.04797008797317,-73.89840862123735
4.034999999999931,-74.0562643369366,-73.90692319158482
4.039999999999932,-74.06453601157692,-73.91541404798083
4.044999999999932,-74.07278522943632,-73.92388131267614
4.049999999999933,-74.08101210713178,-73.93232510699859
4.054999999999934,-74.0892167603645,-73.94074555136206
4.059999999999935,-74.09739930392908,-73.9491427652752
4.0649999999999356,-74.10555985172275,-73.95751686735015
4.069999999999936,-74.11369851675431,-73.96586797531117
4.074999999999937,-74.12181541115316,-73.97419620600306
4.079999999999938,-74.12991064617808,-73.98250167539967
4.084999999999939,-74.13798433222593,-73.99078449861216
4.0899999999999395,-74.1460365788403,-73.99904478989718
4.09499999999994,-74.15406749472001,-74.00728266266508
4.099999999999941,-74.16207718772759,-74.01549822948785
4.104999999999942,-74.17006576489753,-74.02369160210718
4.109999999999943,-74.17803333244454,-74.03186289144222
4.114999999999943,-74.18597999577167,-74.04001220759739
4.119999999999944,-74.19390585947839,-74.04813965987003
4.124999999999945,-74.20181102736846,-74.0562453567581
4.129999999999946,-74.20969560245786,-74.06432940596751
4.1349999999999465,-74.21755968698248,-74.07239191441974
4.139999999999947,-74.22540338240584,-74.08043298825908
4.144999999999948,-74.23322678942667,-74.08845273285989
4.149999999999949,-74.24103000798638,-74.09645125283389
4.15499999999995,-74.24881313727651,-74.1044286520371
4.15999999999995,-74.25657627574603,-74.11238503357704
4.164999999999951,-74.26431952110856,-74.12032049981954
4.169999999999952,-74.27204297034957,-74.12823515239575
4.174999999999953,-74.27974671973345,-74.1361290922088
4.1799999999999535,-74.28743086481049,-74.14400241944062
4.184999999999954,-74.29509550042381,-74.15185523355862
4.189999999999955,-74.30274072071616,-74.15968763332211
4.194999999999956,-74.31036661913677,-74.16749971678897
4.199999999999957,-74.31797328844792,-74.17529158132204
4.204999999999957,-74.32556082073164,-74.18306332359548
4.209999999999958,-74.33312930739619,-74.19081503960102
4.214999999999959,-74.34067883918254,-74.19854682465424
4.21999999999996,-74.34820950617075,-74.20625877340076
4.224999999999961,-74.35572139778628,-74.21395097982227
4.229999999999961,-74.36321460280627,-74.22162353724262
4.234999999999962,-74.37068920936561,-74.22927653833372
4.239999999999963,-74.37814530496318,-74.23691007512147
4.244999999999964,-74.3855829764678,-74.24452423899162
4.2499999999999645,-74.3930023101242,-74.2521191206955
4.254999999999965,-74.40040339155894,-74.25969481035578
4.259999999999966,-74.40778630578626,-74.2672513974721
4.264999999999967,-74.41515113721381,-74.27478897092661
4.269999999999968,-74.42249796964838,-74.28230761898962
4.274999999999968,-74.42982688630151,-74.28980742932494
4.279999999999969,-74.43713796979513,-74.29728848899538
4.28499999999997,-74.44443130216703,-74.30475088446802
4.289999999999971,-74.45170696487631,-74.3121947016197
4.2949999999999715,-74.45896503880881,-74.319620025742
4.299999999999972,-74.46620560428241,-74.32702694154662
4.304999999999973,-74.47342874105233,-74.33441553317041
4.309999999999974,-74.48063452831633,-74.34178588418055
4.314999999999975,-74.48782304471989,-74.34913807757947
4.319999999999975,-74.49499436836126,-74.35647219580984
4.324999999999976,-74.50214857679663,-74.36378832075957
4.329999999999977,-74.50928574704497,-74.37108653376659
4.334999999999978,-74.51640595559306,-74.3783669156237
4.3399999999999785,-74.52350927840037,-74.38562954658333
4.344999999999979,-74.53059579090385,-74.39287450636228
4.34999999999998,-74.53766556802273,-74.40010187414634
4.354999999999981,-74.54471868416327,-74.40731172859496
4.359999999999982,-74.55175521322337,-74.4145041478458
4.3649999999999824,-74.55877522859727,-74.42167920951921
4.369999999999983,-74.56577880318002,-74.42883699072279
4.374999999999984,-74.57276600937212,-74.43597756805575
4.379999999999985,-74.57973691908389,-74.44310101761329
4.384999999999986,-74.58669160373998,-74.45020741499104
4.389999999999986,-74.59363013428369,-74.45729683528918
4.394999999999987,-74.60055258118132,-74.4643693531169
4.399999999999988,-74.60745901442644,-74.47142504259637
4.404999999999989,-74.61434950354416,-74.47846397736713
4.4099999999999895,-74.62122411759529,-74.48548623059003
4.41499999999999,-74.62808292518048,-74.49249187495143
4.419999999999991,-74.63492599444436,-74.49948098266714
4.424999999999992,-74.64175339307955,-74.50645362548647
4.429999999999993,-74.64856518833074,-74.51340987469624
4.434999999999993,-74.65536144699857,-74.52034980112447
4.439999999999994,-74.66214223544365,-74.52727347514457
4.444999999999995,-74.66890761959037,-74.53418096667893
4.449999999999996,-74.67565766493082,-74.54107234520278
4.4549999999999965,-74.68239243652854,-74.54794767974798
4.459999999999997,-74.6891119990223,-74.55480703890674
4.464999999999998,-74.69581641662981,-74.56165049083526
4.469999999999999,-74.70250575315146,-74.56847810325736
4.475,-74.70918007197388,-74.57528994346816
4.48,-74.71583943607362,-74.5820860783376
4.485000000000001,-74.7224839080207,-74.58886657431393
4.490000000000002,-74.72911354998215,-74.59563149742733
4.495000000000003,-74.73572842372545,-74.60238091329327
4.5000000000000036,-74.74232859062204,-74.60911488711596
4.505000000000004,-74.74891411165075,-74.61583348369177
4.510000000000005,-74.75548504740115,-74.62253676741258
4.515000000000006,-74.76204145807692,-74.62922480226906
4.520000000000007,-74.76858340349915,-74.63589765185407
4.5250000000000075,-74.77511094310964,-74.64255537936579
4.530000000000008,-74.78162413597413,-74.64919804761107
4.535000000000009,-74.78812304078554,-74.6558257190085
4.54000000000001,-74.79460771586712,-74.66243845559177
4.545000000000011,-74.8010782191756,-74.66903631901253
4.550000000000011,-74.80753460830432,-74.67561937054376
4.555000000000012,-74.8139769404863,-74.68218767108264
4.560000000000013,-74.82040527259727,-74.68874128115374
4.565000000000014,-74.82681966115875,-74.69528026091194
4.5700000000000145,-74.83322016234096,-74.7018046701454
4.575000000000015,-74.83960683196585,-74.70831456827862
4.580000000000016,-74.84597972550995,-74.71481001437529
4.585000000000017,-74.85233889810729,-74.72129106714111
4.590000000000018,-74.85868440455233,-74.72775778492681
4.595000000000018,-74.86501629930272,-74.7342102257309
4.600000000000019,-74.87133463648213,-74.74064844720249
4.60500000000002,-74.87763946988304,-74.74707250664409
4.610000000000021,-74.88393085296947,-74.75348246101437
4.6150000000000215,-74.89020883887973,-74.75987836693085
4.620000000000022,-74.8964734804291,-74.76626028067265
4.625000000000023,-74.90272483011249,-74.77262825818316
4.630000000000024,-74.9089629401071,-74.77898235507264
4.635000000000025,-74.91518786227502,-74.78532262662097
4.640000000000025,-74.9213996481658,-74.79164912778006
4.645000000000026,-74.92759834901905,-74.79796191317664
4.650000000000027,-74.93378401576696,-74.80426103711461
4.655000000000028,-74.93995669903678,-74.81054655357778
4.660000000000029,-74.94611644915337,-74.81681851623213
4.665000000000029,-74.95226331614155,-74.82307697842849
4.67000000000003,-74.9583973497287,-74.8293219932049
4.675000000000031,-74.964518599347,-74.83555361328905
4.680000000000032,-74.97062711413594,-74.84177189110073
4.6850000000000325,-74.97672294294459,-74.84797687875415
4.690000000000033,-74.98280613433403,-74.85416862806035
4.695000000000034,-74.98887673657957,-74.86034719052952
4.700000000000035,-74.99493479767312,-74.86651261737336
4.705000000000036,-75.00098036532545,-74.87266495950726
4.710000000000036,-75.00701348696836,-74.87880426755277
4.715000000000037,-75.01303420975702,-74.88493059183963
4.720000000000038,-75.0190425805721,-74.8910439824082
4.725000000000039,-75.02503864602197,-74.89714448901152
4.7300000000000395,-75.03102245244483,-74.90323216111759
4.73500000000004,-75.03699404591092,-74.9093070479115
4.740000000000041,-75.04295347222457,-74.91536919829763
4.745000000000042,-75.04890077692635,-74.92141866090165
4.750000000000043,-75.05483600529509,-74.92745548407285
4.755000000000043,-75.06075920234996,-74.93347971588601
4.760000000000044,-75.06667041285255,-74.93949140414357
4.765000000000045,-75.07256968130878,-74.94549059637771
4.770000000000046,-75.07845705197103,-74.95147733985232
4.7750000000000465,-75.08433256884001,-74.95745168156502
4.780000000000047,-75.09019627566677,-74.9634136682492
4.785000000000048,-75.09604821595461,-74.96936334637599
4.790000000000049,-75.10188843296106,-74.97530076215612
4.79500000000005,-75.10771696969968,-74.98122596154202
4.8000000000000504,-75.11353386894206,-74.98713899022964
4.805000000000051,-75.11933917321957,-74.99303989366034
4.810000000000052,-75.1251329248253,-74.99892871702282
4.815000000000053,-75.13091516581584,-75.00480550525502
4.820000000000054,-75.13668593801309,-75.0106703030459
4.825000000000054,-75.1424452830061,-75.0165231548373
4.830000000000055,-75.1481932421528,-75.02236410482581
4.835000000000056,-75.15392985658175,-75.0281931969645
4.840000000000057,-75.15965516719397,-75.03401047496472
4.8450000000000575,-75.16536921466455,-75.03981598229795
4.850000000000058,-75.17107203944443,-75.04560976219747
4.855000000000059,-75.17676368176207,-75.05139185766005
4.86000000000006,-75.18244418162517,-75.05716231144785
4.865000000000061,-75.18811357882228,-75.06292116608995
4.870000000000061,-75.19377191292448,-75.06866846388412
4.875000000000062,-75.19941922328697,-75.07440424689851
4.880000000000063,-75.20505554905073,-75.08012855697329
4.885000000000064,-75.21068092914412,-75.08584143572227
4.8900000000000645,-75.21629540228443,-75.09154292453456
4.895000000000065,-75.22189900697947,-75.0972330645762
4.900000000000066,-75.22749178152915,-75.10291189679175
4.905000000000067,-75.23307376402695,-75.10857946190588
4.910000000000068,-75.23864499236153,-75.1142358004249
4.915000000000068,-75.2442055042182,-75.1198809526384
4.920000000000069,-75.24975533708042,-75.12551495862071
4.92500000000007,-75.25529452823129,-75.13113785823256
4.930000000000071,-75.26082311475501,-75.13674969112245
4.9350000000000716,-75.26634113353836,-75.14235049672824
4.940000000000072,-75.27184862127214,-75.14794031427863
4.945000000000073,-75.27734561445257,-75.15351918279464
4.950000000000074,-75.28283214938274,-75.15908714109106
4.955000000000075,-75.28830826217401,-75.16464422777797
4.9600000000000755,-75.29377398874739,-75.17019048126203
4.965000000000076,-75.2992293648349,-75.17572593974809
4.970000000000077,-75.30467442598099,-75.18125064124048
4.975000000000078,-75.31010920754385,-75.18676462354446
4.980000000000079,-75.31553374469675,-75.19226792426761
4.985000000000079,-75.3209480724294,-75.19776058082121
4.99000000000008,-75.32635222554926,-75.20324263042157
4.995000000000081,-75.33174623868278,-75.20871411009148
5.000000000000082,-75.33713014627682,-75.21417505666145
5.0050000000000825,-75.3425039825998,-75.21962550677105
5.010000000000083,-75.34786778174303,-75.22506549687031
5.015000000000084,-75.35322157762202,-75.23049506322099
5.020000000000085,-75.35856540397761,-75.23591424189783
5.025000000000086,-75.36389929437728,-75.2413230687899
5.030000000000086,-75.3692232822164,-75.24672157960184
5.035000000000087,-75.37453740071936,-75.25210980985517
5.040000000000088,-75.37984168294086,-75.25748779488944
5.045000000000089,-75.38513616176702,-75.26285556986363
5.0500000000000895,-75.39042086991662,-75.26821316975723
5.05500000000009,-75.39569583994226,-75.27356062937154
5.060000000000091,-75.4009611042315,-75.27889798333089
5.065000000000092,-75.40621669500803,-75.28422526608382
5.070000000000093,-75.41146264433277,-75.28954251190424
5.075000000000093,-75.41669898410508,-75.2948497548927
5.080000000000094,-75.42192574606382,-75.30014702897743
5.085000000000095,-75.42714296178845,-75.30543436791567
5.090000000000096,-75.43235066270019,-75.3107118052946
5.095000000000097,-75.43754888006302,-75.31597937453276
5.100000000000097,-75.44273764498485,-75.32123710888091
5.105000000000098,-75.44791698841853,-75.32648504142333
5.110000000000099,-75.45308694116297,-75.33172320507884
5.1150000000001,-75.45824753386412,-75.33695163260202
5.1200000000001005,-75.4633987970161,-75.34217035658412
5.125000000000101,-75.46854076096213,-75.34737940945435
5.130000000000102,-75.47367345589565,-75.3525788234808
5.135000000000103,-75.47879691186127,-75.35776863077157
5.140000000000104,-75.48391115875584,-75.36294886327583
5.145000000000104,-75.48901622632941,-75.3681195527849
5.150000000000105,-75.4941121441862,-75.37328073093322
5.155000000000106,-75.49919894178564,-75.37843242919942
5.160000000000107,-75.50427664844325,-75.38357467890737
5.1650000000001075,-75.50934529333176,-75.38870751122714
5.170000000000108,-75.51440490548188,-75.39383095717605
5.175000000000109,-75.51945551378341,-75.39894504761965
5.18000000000011,-75.52449714698608,-75.40404981327274
5.185000000000111,-75.52952983370051,-75.4091452847003
5.190000000000111,-75.53455360239914,-75.41423149231855
5.195000000000112,-75.53956848141716,-75.41930846639579
5.200000000000113,-75.5445744989534,-75.42437623705348
5.205000000000114,-75.5495716830712,-75.42943483426714
5.2100000000001145,-75.55456006169942,-75.43448428786728
5.215000000000115,-75.55953966263316,-75.43952462754035
5.220000000000116,-75.56451051353473,-75.44455588282972
5.225000000000117,-75.56947264193458,-75.44957808313649
5.230000000000118,-75.57442607523204,-75.45459125772048
5.2350000000001184,-75.57937084069624,-75.45959543570116
5.240000000000119,-75.58430696546696,-75.4645906460585
5.24500000000012,-75.58923447655546,-75.46957691763382
5.250000000000121,-75.59415340084534,-75.47455427913079
5.255000000000122,-75.59906376509333,-75.47952275911618
5.260000000000122,-75.60396559593015,-75.48448238602087
5.265000000000123,-75.60885891986126,-75.48943318814064
5.270000000000124,-75.61374376326776,-75.4943751936369
5.275000000000125,-75.6186201524071,-75.49930843053784
5.2800000000001255,-75.62348811341397,-75.50423292673895
5.285000000000126,-75.62834767230099,-75.50914871000408
5.290000000000127,-75.63319885495956,-75.51405580796623
5.295000000000128,-75.63804168716058,-75.51895424812821
5.300000000000129,-75.6428761945553,-75.52384405786371
5.305000000000129,-75.64770240267599,-75.52872526441791
5.31000000000013,-75.65252033693676,-75.5335978949084
5.315000000000131,-75.65733002263427,-75.53846197632589
5.320000000000132,-75.66213148494852,-75.54331753553511
5.3250000000001325,-75.66692474894353,-75.54816459927547
5.330000000000133,-75.67170983956811,-75.55300319416192
5.335000000000134,-75.67648678165659,-75.55783334668574
5.340000000000135,-75.6812555999295,-75.5626550832152
5.345000000000136,-75.68601631899435,-75.56746842999647
5.350000000000136,-75.69076896334624,-75.57227341315422
5.355000000000137,-75.6955135573687,-75.5770700586925
5.360000000000138,-75.70025012533425,-75.58185839249542
5.365000000000139,-75.70497869140516,-75.58663844032786
5.3700000000001396,-75.70969927963412,-75.59141022783629
5.37500000000014,-75.71441191396495,-75.59617378054942
5.380000000000141,-75.71911661823323,-75.6009291238789
5.385000000000142,-75.723813416167,-75.60567628312016
5.390000000000143,-75.72850233138743,-75.610415283453
5.3950000000001435,-75.73318338740943,-75.61514614994232
5.400000000000144,-75.73785660764231,-75.61986890753883
5.405000000000145,-75.74252201539055,-75.62458358107979
5.410000000000146,-75.74717963385426,-75.62929019528961
5.415000000000147,-75.75182948612995,-75.6339887747806
5.420000000000147,-75.75647159521111,-75.63867934405363
5.425000000000148,-75.76110598398886,-75.64336192749874
5.430000000000149,-75.76573267525251,-75.64803654939594
5.43500000000015,-75.77035169169031,-75.65270323391574
5.4400000000001505,-75.77496305588993,-75.65736200511991
5.445000000000151,-75.77956679033912,-75.66201288696206
5.450000000000152,-75.78416291742633,-75.6666559032883
5.455000000000153,-75.7887514594413,-75.6712910778379
5.460000000000154,-75.79333243857563,-75.67591843424398
5.465000000000154,-75.79790587692342,-75.68053799603398
5.470000000000155,-75.80247179648181,-75.68514978663053
5.475000000000156,-75.80703021915157,-75.68975382935182
5.480000000000157,-75.81158116673768,-75.69435014741238
5.4850000000001575,-75.81612466094992,-75.69893876392368
5.490000000000158,-75.82066072340342,-75.70351970189466
5.495000000000159,-75.82518937561922,-75.70809298423245
5.50000000000016,-75.82971063902481,-75.71265863374285
5.505000000000161,-75.83422453495474,-75.717216673131
5.510000000000161,-75.83873108465114,-75.72176712500196
5.515000000000162,-75.84323030926427,-75.72631001186132
5.520000000000163,-75.84772222985303,-75.73084535611571
5.525000000000164,-75.85220686738555,-75.73537318007342
5.530000000000165,-75.85668424273968,-75.73989350594505
5.535000000000165,-75.86115437670354,-75.74440635584394
5.540000000000166,-75.86561728997607,-75.74891175178682
5.545000000000167,-75.8700730031675,-75.75340971569439
5.550000000000168,-75.87452153679992,-75.7579002693918
5.5550000000001685,-75.87896291130774,-75.76238343460928
5.560000000000169,-75.88339714703824,-75.76685923298265
5.56500000000017,-75.88782426425207,-75.77132768605388
5.570000000000171,-75.89224428312376,-75.77578881527162
5.575000000000172,-75.89665722374218,-75.78024264199175
5.580000000000172,-75.90106310611107,-75.7846891874779
5.585000000000173,-75.9054619501495,-75.78912847290201
5.590000000000174,-75.90985377569244,-75.7935605193448
5.595000000000175,-75.91423860249112,-75.79798534779634
5.6000000000001755,-75.91861645021363,-75.80240297915658
5.605000000000176,-75.92298733844528,-75.80681343423583
5.610000000000177,-75.92735128668919,-75.81121673375527
5.615000000000178,-75.93170831436667,-75.81561289834748
5.620000000000179,-75.93605844081773,-75.82000194855692
5.625000000000179,-75.94040168530154,-75.82438390484046
5.63000000000018,-75.94473806699689,-75.82875878756785
5.635000000000181,-75.94906760500264,-75.83312661702223
5.640000000000182,-75.95339031833814,-75.83748741340065
5.6450000000001825,-75.95770622594375,-75.84184119681444
5.650000000000183,-75.96201534668123,-75.84618798728987
5.655000000000184,-75.96631769933418,-75.85052780476843
5.660000000000185,-75.97061330260857,-75.85486066910748
5.665000000000186,-75.97490217513304,-75.85918660008065
5.6700000000001864,-75.97918433545942,-75.86350561737827
5.675000000000187,-75.98345980206317,-75.8678177406079
5.680000000000188,-75.98772859334375,-75.87212298929478
5.685000000000189,-75.99199072762507,-75.87642138288227
5.69000000000019,-75.99624622315592,-75.88071294073232
5.69500000000019,-76.0004950981104,-75.88499768212588
5.700000000000191,-76.00473737058832,-75.88927562626345
5.705000000000192,-76.00897305861555,-75.89354679226543
5.710000000000193,-76.01320218014457,-75.89781119917258
5.7150000000001935,-76.01742475305475,-75.90206886594652
5.720000000000194,-76.02164079515282,-75.90631981147011
5.725000000000195,-76.02585032417319,-75.91056405454792
5.730000000000196,-76.0300533577785,-75.91480161390656
5.735000000000197,-76.03424991355986,-75.91903250819531
5.740000000000197,-76.0384400090373,-75.92325675598636
5.745000000000198,-76.04262366166019,-75.92747437577529
5.750000000000199,-76.04680088880758,-75.93168538598151
5.7550000000002,-76.05097170778863,-75.9358898049487
5.7600000000002005,-76.05513613584293,-75.94008765094513
5.765000000000201,-76.05929419014093,-75.94427894216417
5.770000000000202,-76.06344588778431,-75.94846369672467
5.775000000000203,-76.06759124580631,-75.95264193267133
5.780000000000204,-76.07173028117217,-75.9568136679751
5.785000000000204,-76.07586301077941,-75.96097892053366
5.790000000000205,-76.0799894514583,-75.96513770817172
5.795000000000206,-76.08410961997214,-75.9692900486415
5.800000000000207,-76.08822353301764,-75.97343595962305
5.8050000000002075,-76.0923312072253,-75.97757545872467
5.810000000000208,-76.09643265915976,-75.98170856348328
5.815000000000209,-76.10052790532012,-75.9858352913649
5.82000000000021,-76.10461696214035,-75.98995565976483
5.825000000000211,-76.10869984598958,-75.99406968600826
5.8300000000002115,-76.11277657317244,-75.99817738735045
5.835000000000212,-76.11684715992949,-76.00227878097724
5.840000000000213,-76.12091162243749,-76.00637388400537
5.845000000000214,-76.12496997680972,-76.01046271348282
5.850000000000215,-76.12902223909637,-76.01454528638922
5.855000000000215,-76.13306842528485,-76.0186216196362
5.860000000000216,-76.13710855130012,-76.02269173006778
5.865000000000217,-76.14114263300503,-76.02675563446061
5.870000000000218,-76.14517068620064,-76.03081334952452
5.8750000000002185,-76.14919272662655,-76.03486489190273
5.880000000000219,-76.1532087699612,-76.03891027817221
5.88500000000022,-76.15721883182222,-76.04294952484409
5.890000000000221,-76.16122292776676,-76.046982648364
5.895000000000222,-76.16522107329173,-76.05100966511235
5.900000000000222,-76.16921328383424,-76.05503059140472
5.905000000000223,-76.17319957477177,-76.05904544349225
5.910000000000224,-76.1771799614226,-76.06305423756186
5.915000000000225,-76.18115445904604,-76.06705698973667
5.9200000000002255,-76.18512308284281,-76.07105371607634
5.925000000000226,-76.18908584795521,-76.07504443257731
5.930000000000227,-76.19304276946761,-76.07902915517329
5.935000000000228,-76.19699386240659,-76.0830078997354
5.940000000000229,-76.20093914174132,-76.08698068207265
5.945000000000229,-76.2048786223838,-76.0909475179322
5.95000000000023,-76.20881231918925,-76.09490842299957
5.955000000000231,-76.21274024695629,-76.09886341289922
5.960000000000232,-76.2166624204273,-76.10281250319463
5.965000000000233,-76.22057885428868,-76.10675570938871
5.970000000000233,-76.22448956317115,-76.11069304692411
5.975000000000234,-76.22839456165002,-76.11462453118357
5.980000000000235,-76.23229386424549,-76.11855017749006
5.985000000000236,-76.23618748542293,-76.12247000110735
5.9900000000002365,-76.24007543959313,-76.12638401724004
5.995000000000237,-76.24395774111261,-76.1302922410341
6.000000000000238,-76.24783440428389,-76.13419468757704
